367.204465 200062630 8630376 2197330050 4285671373
367.211214 200069109 8630806 2196564129 4285670977
367.217962 200075587 8631086 2195828265 4285670902
367.224677 200082034 8631305 2195081220 4285670665
367.231425 200088512 8631547 2194323016 4285670245
367.238174 200094991 8631713 2193562217 4285669823
367.245270 200101802 8631858 2192765996 4285669384
367.252028 200108290 8631923 2192027431 4285669250
367.258766 200114759 8631972 2191271375 4285669051
367.265514 200121237 8632024 2190520107 4285668706
367.272262 200127715 8632054 2189766414 4285668329
367.279397 200134565 8632104 2188971789 4285667931
367.286219 200141113 8632111 2188231408 4285667872
367.292967 200147592 8632137 2187469750 4285667690
367.299716 200154070 8632160 2186717566 4285667349
367.306464 200160549 8632173 2185967476 4285666983
367.313531 200167333 8632186 2185178810 4285666602
367.320280 200173813 8632190 2184450648 4285666533
367.327063 200180325 8632200 2183688534 4285666344
367.333813 200186804 8632219 2182928611 4285665953
367.340562 200193283 8632253 2182173781 4285665571
367.347652 200200090 8632334 2181378036 4285665188
367.354401 200206569 8632449 2180652006 4285665100
367.361154 200213052 8632590 2179900557 4285664875
367.367919 200219546 8632809 2179137363 4285664443
367.374668 200226025 8633132 2178377531 4285664015
367.381781 200232853 8633787 2177595649 4285663779
367.388531 200239333 8634622 2176853352 4285663685
367.395280 200245813 8635319 2176087506 4285663290
367.402033 200252295 8636576 2175315103 4285662889
367.408781 200258774 8637392 2174541650 4285662491
367.415930 200265637 8638281 2173748515 4285662272
367.422809 200272241 8638970 2172988028 4285662182
367.429561 200278722 8639541 2172227840 4285661767
367.436310 200285202 8639977 2171466986 4285661349
367.443029 200291652 8640337 2170707877 4285660926
367.450067 200298408 8640610 2169932653 4285660673
367.456820 200304891 8640759 2169176552 4285660563
367.463572 200311373 8640967 2168414165 4285660126
367.470322 200317853 8641143 2167655131 4285659675
367.477029 200324292 8641266 2166895844 4285659273
367.484206 200331182 8641324 2166103934 4285659054
367.490958 200337663 8641340 2165350494 4285658984
367.497711 200344146 8641366 2164586839 4285658611
367.504462 200350627 8641400 2163830960 4285658254
367.511211 200357106 8641459 2163069536 4285657884
367.518334 200363945 8641482 2162283314 4285657716
367.525085 200370425 8641493 2161531114 4285657624
367.531837 200376907 8641503 2160763647 4285657317
367.538586 200383387 8641511 2160003432 4285656997
367.545336 200389866 8641517 2159249302 4285656725
367.552470 200396715 8641525 2158458940 4285656673
367.559299 200403271 8641544 2157683175 4285656427
367.566041 200409744 8641574 2156910535 4285656088
367.572791 200416223 8641632 2156140392 4285655757
367.579542 200422705 8641731 2155381907 4285655454
367.586607 200429487 8641856 2154594089 4285655391
367.593360 200435970 8642052 2153825437 4285655092
367.600111 200442451 8642316 2153047181 4285654716
367.606861 200448930 8642731 2152265125 4285654336
367.613610 200455410 8643341 2151496452 4285654015
367.620723 200462238 8644424 2150702980 4285653956
367.627476 200468721 8645515 2149931575 4285653689
367.634227 200475202 8646526 2149145477 4285653329
367.640978 200481683 8647381 2148357168 4285652992
367.647729 200488164 8648263 2147583773 4285652715
367.654860 200495010 8648949 2146785766 4285652664
367.661612 200501492 8649424 2146020142 4285652379
367.668363 200507973 8649815 2145253883 4285652000
367.675113 200514453 8650115 2144484370 4285651613
367.681863 200520932 8650400 2143729179 4285651270
367.688992 200527776 8650526 2142940111 4285651184
367.695836 200534347 8650688 2142166434 4285650852
367.702587 200540828 8650835 2141404414 4285650428
367.709337 200547307 8650946 2140638260 4285650008
367.716086 200553787 8650994 2139892758 4285649808
367.723141 200560560 8651016 2139104946 4285649728
367.729894 200567042 8651047 2138348549 4285649378
367.736647 200573525 8651089 2137598587 4285649037
367.743396 200580004 8651136 2136847531 4285648704
367.750146 200586484 8651148 2136115225 4285648597
367.757287 200593339 8651154 2135318063 4285648443
367.764033 200599816 8651160 2134562901 4285648120
367.770784 200606297 8651171 2133808856 4285647772
367.777534 200612776 8651176 2133054186 4285647458
367.784283 200619256 8651181 2132318281 4285647356
367.791410 200626098 8651205 2131520784 4285647174
367.798160 200632578 8651254 2130759556 4285646828
367.804912 200639060 8651309 2129997680 4285646449
367.811662 200645539 8651427 2129237501 4285646065
367.818411 200652018 8651605 2128503334 4285645965
367.825542 200658865 8651865 2127704294 4285645745
367.832363 200665413 8652223 2126928079 4285645337
367.839114 200671894 8652680 2126160627 4285644933
367.845863 200678373 8653303 2125397119 4285644531
367.852613 200684853 8654469 2124664117 4285644414
367.859676 200691634 8655776 2123871838 4285644212
367.866428 200698115 8656617 2123101466 4285643833
367.873178 200704596 8657333 2122328808 4285643421
367.879930 200711077 8658047 2121572479 4285643110
367.886681 200717557 8658635 2120840741 4285643065
367.893800 200724392 8659069 2120038215 4285642761
367.900552 200730874 8659473 2119278486 4285642319
367.907302 200737354 8659829 2118515927 4285641867
367.914033 200743816 8660061 2117778298 4285641597
367.920783 200750296 8660174 2117038725 4285641506
367.927927 200757154 8660351 2116227547 4285641090
367.934679 200763636 8660481 2115469159 4285640672
367.941429 200770116 8660563 2114703962 4285640300
367.948178 200776595 8660609 2113957684 4285640062
367.954930 200783077 8660638 2113209253 4285639982
367.962090 200789950 8660686 2112401995 4285639611
367.968914 200796501 8660745 2111645427 4285639240
367.975666 200802983 8660790 2110893037 4285638917
367.982415 200809463 8660815 2110154983 4285638715
367.989166 200815944 8660820 2109407571 4285638673
367.996221 200822717 8660824 2108611565 4285638352
368.002973 200829199 8660833 2107858813 4285638021
368.009725 200835680 8660844 2107103328 4285637673
368.016474 200842159 8660864 2106358711 4285637462
368.023224 200848640 8660882 2105608292 4285637401
368.030363 200855492 8660953 2104789086 4285636997
368.037113 200861973 8661007 2103999264 4285636744
368.043867 200868456 8661131 2103228557 4285636364
368.050616 200874935 8661395 2102476246 4285636145
368.057366 200881416 8661750 2101721337 4285636074
368.064481 200888246 8662103 2100898873 4285635681
368.071233 200894728 8662646 2100120431 4285635278
368.077998 200901247 8663466 2099347555 4285634912
368.084780 200907733 8664710 2098614343 4285634865
368.091531 200914215 8665778 2097844960 4285634590
368.098604 200921005 8666625 2097040668 4285634153
368.105437 200927563 8667345 2096265320 4285633734
368.112185 200934041 8667998 2095513442 4285633349
368.118933 200940520 8668522 2094776039 4285633231
368.125698 200947014 8668886 2094037398 4285632831
368.132715 200953751 8669253 2093274966 4285632229
368.139464 200960229 8669573 2092547690 4285631730
368.146211 200966707 8669810 2091827003 4285631230
368.152960 200973186 8669919 2091091645 4285631118
368.159710 200979666 8670048 2090351261 4285630749
368.166850 200986521 8670185 2089585047 4285630200
368.173598 200992998 8670265 2088865136 4285629768
368.180345 200999475 8670310 2088155397 4285629429
368.187092 201005953 8670328 2087422950 4285629354
368.193841 201012431 8670359 2086644393 4285629145
368.201073 201019375 8670386 2085788547 4285628849
368.207834 201025866 8670398 2084986976 4285628554
368.215061 201032805 8670411 2084134616 4285628276
368.222065 201039531 8670420 2083372073 4285628212
368.228878 201046070 8670426 2082596750 4285627974
368.236057 201052960 8670440 2081757528 4285627629
368.242929 201059559 8670459 2080947616 4285627280
368.249697 201066055 8670483 2080179483 4285627171
368.257789 201073823 8670546 2079242226 4285626917
368.267050 201082714 8670676 2078159176 4285626435
368.273818 201089211 8670837 2077364515 4285626068
368.280586 201095709 8671091 2076589280 4285625821
368.287359 201102213 8671501 2075823357 4285625759
368.294130 201108712 8671894 2075020249 4285625398
368.300901 201115211 8672428 2074218822 4285625038
368.307677 201121718 8673149 2073417873 4285624672
368.314495 201128261 8674526 2072634239 4285624448
368.321267 201134762 8675694 2071881096 4285624411
368.328072 201141296 8676371 2071083491 4285624090
368.334872 201147823 8677068 2070293157 4285623735
368.341643 201154324 8677667 2069506199 4285623378
368.348464 201160871 8678155 2068729070 4285623112
368.355227 201167365 8678484 2067975973 4285623058
368.362033 201173899 8678837 2067172640 4285622717
368.368804 201180398 8679147 2066374263 4285622309
368.375572 201186896 8679356 2065578912 4285621911
368.382446 201193496 8679518 2064781249 4285621595
368.389215 201199992 8679578 2064022392 4285621516
368.396139 201206640 8679663 2063229062 4285621147
368.402907 201213137 8679730 2062454201 4285620747
368.409679 201219638 8679763 2061682751 4285620388
368.416447 201226135 8679790 2060921572 4285620203
368.423215 201232633 8679804 2060153453 4285620151
368.431054 201240158 8679848 2059248183 4285619805
368.437833 201246667 8679872 2058463281 4285619510
368.444622 201253183 8679882 2057682922 4285619232
368.452277 201260533 8679888 2056822151 4285619184
368.459074 201267056 8679892 2056036562 4285618966
368.465850 201273562 8679901 2055250356 4285618654
368.472635 201280077 8679913 2054464811 4285618316
368.479414 201286585 8679929 2053682429 4285618036
368.486180 201293079 8679955 2052921869 4285617977
368.493162 201299782 8680033 2052112004 4285617727
368.499938 201306286 8680147 2051320395 4285617361
368.506707 201312784 8680358 2050530700 4285616976
368.513506 201319311 8680647 2049744345 4285616657
368.521074 201326579 8681216 2048898312 4285616603
368.527853 201333085 8681734 2048117848 4285616307
368.534784 201339739 8682461 2047306890 4285615910
368.541560 201346244 8683435 2046515084 4285615508
368.548329 201352742 8684149 2045867096 4285615242
368.555802 201359903 8684799 2045249918 4285614813
368.562569 201366402 8685584 2044487567 4285614754
368.569353 201372914 8686240 2043685442 4285614382
368.576779 201380043 8686770 2042850784 4285614231
368.583547 201386539 8687121 2042070724 4285614043
368.590314 201393036 8687455 2041273489 4285613612
368.597066 201399518 8687756 2040474497 4285613231
368.603842 201406022 8687992 2039679977 4285612835
368.610609 201412518 8688183 2038895071 4285612411
368.617371 201419011 8688305 2038130794 4285612163
368.624614 201425964 8688379 2037308776 4285612025
368.631495 201432570 8688433 2036500133 4285611721
368.638259 201439064 8688481 2035711640 4285611379
368.645936 201446432 8688515 2034839392 4285611093
368.652695 201452922 8688532 2034105126 4285611030
368.659566 201459518 8688564 2033307438 4285610770
368.666336 201466017 8688585 2032524408 4285610442
368.673095 201472506 8688590 2031747100 4285610125
368.679909 201479046 8688591 2030974436 4285609888
368.686682 201485550 8688592 2030224841 4285609856
368.693454 201492050 8688598 2029451845 4285609577
368.700257 201498580 8688613 2028671547 4285609235
368.707102 201505152 8688643 2027892738 4285608878
368.713894 201511672 8688696 2027126025 4285608634
368.720666 201518175 8688748 2026376566 4285608562
368.727442 201524679 8688880 2025599039 4285608272
368.734225 201531192 8689051 2024809764 4285607882
368.741067 201537759 8689339 2024012442 4285607528
368.747838 201544259 8689760 2023233515 4285607249
368.755228 201551353 8690612 2022406839 4285607187
368.762039 201557892 8691281 2021645400 4285606880
368.769655 201565203 8692397 2020743933 4285606477
368.777054 201572310 8693567 2019869754 4285606104
368.783828 201578809 8694608 2019095194 4285605935
368.790611 201585322 8695333 2018321939 4285605878
368.797496 201591932 8695979 2017590245 4285605475
368.804263 201598428 8696456 2016874781 4285605028
368.811193 201605081 8696916 2016142238 4285604657
368.817964 201611580 8697160 2015369950 4285604570
368.825467 201618783 8697446 2014484647 4285604261
368.832247 201625294 8697665 2013690464 4285603848
368.839047 201631821 8697836 2012893361 4285603457
368.845995 201638510 8697935 2012085297 4285603153
368.854141 201646310 8697998 2011165685 4285603075
368.860913 201652811 8698062 2010374438 4285602738
368.867686 201659313 8698110 2009588675 4285602397
368.874461 201665818 8698153 2008807929 4285602044
368.881230 201672317 8698188 2008045873 4285601850
368.888043 201678858 8698195 2007280079 4285601797
368.894815 201685357 8698227 2006501447 4285601477
368.901591 201691864 8698239 2005726535 4285601150
368.909050 201699023 8698245 2004871753 4285600793
368.917894 201707513 8698251 2003884464 4285600605
368.924666 201714014 8698263 2003110292 4285600473
368.931439 201720516 8698281 2002323903 4285600169
368.939071 201727844 8698319 2001437553 4285599768
368.945847 201734347 8698388 2000652174 4285599428
368.952613 201740843 8698475 1999896151 4285599365
368.960636 201748546 8698655 1999020581 4285599102
368.967416 201755055 8698907 1998310039 4285598694
368.974183 201761552 8699237 1997598059 4285598335
368.981965 201769022 8700041 1996761041 4285598150
368.988736 201775520 8700816 1995989888 4285598005
368.995791 201782294 8701681 1995173826 4285597610
369.003064 201789277 8702923 1994330881 4285597232
369.009835 201795776 8703768 1993545311 4285596882
369.016610 201802281 8704670 1992791857 4285596813
369.023381 201808782 8705331 1992018644 4285596649
369.030153 201815282 8705881 1991227680 4285596292
369.037080 201821932 8706389 1990416321 4285595920
369.043852 201828435 8706747 1989624694 4285595526
369.050658 201834966 8706954 1988859749 4285595425
369.058766 201842751 8707197 1987928856 4285595135
369.065538 201849251 8707397 1987142085 4285594706
369.072305 201855749 8707530 1986356957 4285594296
369.079185 201862353 8707623 1985564252 4285593905
369.085960 201868858 8707656 1984803468 4285593841
369.094494 201877049 8707696 1983823670 4285593503
369.101260 201883545 8707732 1983055495 4285593135
369.108046 201890058 8707777 1982281490 4285592798
369.114823 201896565 8707818 1981520625 4285592536
369.121603 201903074 8707823 1980766720 4285592506
369.128500 201909695 8707830 1979975005 4285592239
369.135267 201916190 8707836 1979203737 4285591911
369.142064 201922717 8707845 1978423172 4285591588
369.148837 201929218 8707858 1977654803 4285591324
369.155611 201935723 8707865 1976899849 4285591272
369.162386 201942226 8707888 1976117490 4285590999
369.169687 201949235 8707941 1975283235 4285590560
369.176464 201955742 8708016 1974505129 4285590205
369.183230 201962235 8708102 1973761893 4285590127
369.190041 201968775 8708242 1972997590 4285589921
369.196813 201975276 8708537 1972218852 4285589548
369.204330 201982492 8708918 1971349966 4285589122
369.211104 201988995 8709390 1970557854 4285588767
369.218022 201995638 8710522 1969797387 4285588714
369.224789 202002131 8711443 1969024450 4285588493
369.231583 202008655 8712591 1968235855 4285588125
369.238352 202015153 8713451 1967455529 4285587754
369.245163 202021692 8714182 1966667139 4285587406
369.251928 202028186 8715000 1965923583 4285587367
369.258695 202034683 8715491 1965163722 4285587184
369.265477 202041194 8715954 1964373501 4285586815
369.272551 202047985 8716365 1963551727 4285586425
369.279320 202054482 8716661 1962766465 4285586009
369.286063 202060957 8716811 1962017913 4285585916
369.294056 202068629 8716956 1961115890 4285585623
369.300875 202075175 8717090 1960347935 4285585208
369.307653 202081682 8717189 1959580924 4285584803
369.314439 202088197 8717257 1958821708 4285584480
369.321211 202094700 8717288 1958079497 4285584423
369.327979 202101194 8717309 1957307167 4285584193
369.334757 202107703 8717350 1956539064 4285583848
369.341527 202114202 8717409 1955772056 4285583498
369.349053 202121426 8717426 1954936814 4285583363
369.355922 202128021 8717437 1954159006 4285583202
369.362711 202134538 8717442 1953389176 4285582873
369.370047 202141580 8717444 1952563461 4285582538
369.376824 202148086 8717449 1951794571 4285582201
369.383657 202154645 8717461 1951041599 4285582107
369.391512 202162186 8717489 1950156353 4285581868
369.398290 202168695 8717536 1949388625 4285581517
369.405069 202175202 8717610 1948618338 4285581153
369.412878 202182698 8717778 1947748816 4285580797
369.419646 202189194 8717976 1947006473 4285580726
369.426413 202195691 8718264 1946242033 4285580428
369.433173 202202181 8718611 1945469854 4285580027
369.439998 202208762 8719084 1944683171 4285579676
369.447031 202215484 8719938 1943897253 4285579351
369.453806 202221990 8721049 1943154039 4285579303
369.461646 202229525 8722398 1942269366 4285578950
369.468421 202236018 8723268 1941498789 4285578559
369.475186 202242514 8723987 1940734045 4285578150
369.481999 202249081 8724656 1939976043 4285577794
369.488801 202255586 8725126 1939227480 4285577728
369.495869 202262370 8725559 1938388743 4285577408
369.502637 202268866 8725947 1937574201 4285577051
369.509413 202275372 8726268 1936759768 4285576657
369.516183 202281871 8726463 1935958198 4285576366
369.522962 202288379 8726566 1935206637 4285576273
369.530068 202295200 8726683 1934405001 4285575897
369.536837 202301697 8726800 1933639750 4285575493
369.543632 202308221 8726880 1932874080 4285575086
369.550413 202314733 8726910 1932130096 4285574993
369.557234 202321280 8726934 1931359865 4285574807
369.565113 202328843 8726993 1930478694 4285574408
369.571894 202335353 8727057 1929716429 4285574046
369.579761 202342906 8727097 1928834824 4285573752
369.587663 202350494 8727106 1927964012 4285573674
369.594456 202357012 8727114 1927186952 4285573357
369.601219 202363505 8727123 1926418470 4285573012
369.608040 202370055 8727135 1925647448 4285572653
369.614808 202376551 8727146 1924904424 4285572391
369.621708 202383174 8727167 1924145246 4285572346
369.628477 202389672 8727214 1923375350 4285572009
369.635341 202396265 8727294 1922603528 4285571630
369.643180 202403788 8727453 1921724093 4285571204
369.649973 202410309 8727702 1920978571 4285570987
369.656778 202416844 8728080 1920230139 4285570864
369.663548 202423341 8728511 1919469700 4285570460
369.670329 202429852 8729040 1918703539 4285570056
369.677163 202436411 8729813 1917928314 4285569669
369.683937 202442915 8730937 1917179026 4285569458
369.690721 202449429 8732091 1916426983 4285569409
369.698759 202457143 8733038 1915497557 4285568958
369.705536 202463651 8733727 1914714588 4285568612
369.712309 202470151 8734335 1913940620 4285568335
369.719076 202476648 8734794 1913187913 4285568288
369.725853 202483154 8735165 1912415032 4285567953
369.734063 202491037 8735564 1911472641 4285567415
369.740833 202497535 8735804 1910696726 4285567022
369.747612 202504043 8735960 1909945131 4285566777
369.754373 202510533 8736035 1909198811 4285566696
369.761167 202517058 8736166 1908433572 4285566267
369.768033 202523646 8736259 1907671032 4285565851
369.774918 202530255 8736323 1906898155 4285565465
369.781693 202536762 8736373 1906154862 4285565224
369.790503 202545219 8736414 1905182489 4285565034
369.797737 202552164 8736468 1904380762 4285564668
369.804501 202558656 8736516 1903634238 4285564341
369.811292 202565178 8736548 1902876152 4285563995
369.818312 202571915 8736556 1902114685 4285563876
369.825067 202578399 8736562 1901361790 4285563756
369.831841 202584903 8736568 1900605919 4285563378
369.838607 202591397 8736579 1899853705 4285563002
369.845426 202597945 8736613 1899091300 4285562640
369.852349 202604590 8736651 1898336434 4285562523
369.859116 202611087 8736705 1897577165 4285562360
369.865986 202617681 8736814 1896802597 4285561969
369.874054 202625429 8737035 1895901364 4285561525
369.880841 202631945 8737333 1895150557 4285561195
369.887617 202638449 8737831 1894413937 4285561136
369.894405 202644966 8738302 1893640537 4285560802
369.901179 202651467 8738877 1892875968 4285560398
369.909340 202659301 8739846 1891950875 4285559895
369.916206 202665892 8741376 1891207112 4285559771
369.922983 202672400 8742218 1890450856 4285559603
369.930356 202679478 8742951 1889616352 4285559123
369.939245 202688009 8743747 1888614462 4285558569
369.946035 202694528 8744243 1887864848 4285558207
369.952806 202701030 8744626 1887128478 4285558108
369.959576 202707529 8744917 1886325677 4285557840
369.966336 202714017 8745222 1885510428 4285557484
369.973111 202720522 8745412 1884688901 4285557176
369.979873 202727013 8745549 1883878419 4285556896
369.986625 202733494 8745611 1883139283 4285556811
369.993376 202739975 8745702 1882368540 4285556516
370.000127 202746455 8745782 1881597024 4285556101
370.006876 202752935 8745834 1880828732 4285555739
370.013624 202759412 8745860 1880062162 4285555391
370.020374 202765892 8745884 1879322041 4285555317
370.027140 202772388 8745919 1878560397 4285555103
370.033890 202778868 8745964 1877793737 4285554773
370.040640 202785348 8745988 1877029680 4285554435
370.047387 202791825 8746009 1876268637 4285554089
370.054241 202798405 8746013 1875516827 4285554049
370.061276 202805158 8746022 1874727989 4285553836
370.068034 202811646 8746040 1873962685 4285553507
370.074783 202818125 8746072 1873196434 4285553136
370.081531 202824603 8746101 1872448863 4285552968
370.088280 202831082 8746146 1871689674 4285552863
370.095396 202837913 8746248 1870887571 4285552474
370.102145 202844392 8746406 1870124837 4285552101
370.108893 202850871 8746646 1869356959 4285551693
370.115640 202857348 8747074 1868612587 4285551520
370.122390 202863828 8747686 1867858614 4285551420
370.129531 202870684 8748372 1867041007 4285551024
370.136285 202877167 8749057 1866273856 4285550621
370.143040 202883652 8750265 1865500663 4285550237
370.149788 202890130 8751233 1864756401 4285550067
370.156537 202896609 8752094 1864006906 4285549981
370.163653 202903441 8752890 1863186637 4285549596
370.170402 202909919 8753480 1862416116 4285549212
370.177149 202916397 8753985 1861648017 4285548816
370.183898 202922876 8754384 1860904499 4285548616
370.190722 202929427 8754604 1860146831 4285548506
370.197782 202936205 8754916 1859340026 4285548023
370.204531 202942683 8755182 1858574345 4285547609
370.211279 202949162 8755400 1857805192 4285547141
370.218032 202955645 8755481 1857054717 4285546938
370.224781 202962123 8755537 1856314268 4285546833
370.231923 202968980 8755600 1855511251 4285546425
370.238672 202975459 8755632 1854757434 4285546045
370.245420 202981937 8755658 1854004368 4285545709
370.252176 202988422 8755678 1853271235 4285545634
370.258932 202994909 8755713 1852527861 4285545447
370.266072 203001763 8755750 1851734322 4285545091
370.272821 203008241 8755765 1850987428 4285544761
370.279569 203014720 8755773 1850246472 4285544505
370.286317 203021198 8755777 1849510449 4285544442
370.293031 203027644 8755786 1848752987 4285544161
370.300199 203034525 8755813 1847945617 4285543789
370.306948 203041004 8755848 1847182247 4285543447
370.313696 203047482 8755892 1846424558 4285543171
370.320444 203053960 8755948 1845675240 4285543130
370.327264 203060508 8756064 1844896587 4285542829
370.334331 203067291 8756266 1844093251 4285542440
370.341078 203073768 8756538 1843317055 4285542076
370.347826 203080247 8756975 1842550166 4285541751
370.354573 203086724 8757780 1841799804 4285541699
370.361322 203093203 8758463 1841014803 4285541427
370.368467 203100062 8759488 1840183464 4285541063
370.375215 203106540 8760480 1839393453 4285540713
370.381963 203113018 8761394 1838615137 4285540445
370.388711 203119496 8762200 1837860272 4285540401
370.395460 203125975 8762852 1837074152 4285540140
370.402597 203132827 8763433 1836251145 4285539758
370.409346 203139306 8763905 1835472918 4285539401
370.416093 203145783 8764217 1834701668 4285539092
370.422840 203152260 8764404 1833955549 4285539006
370.429591 203158741 8764658 1833182864 4285538670
370.436719 203165584 8764855 1832366515 4285538229
370.443467 203172063 8765012 1831594129 4285537819
370.450216 203178541 8765050 1830843242 4285537724
370.456966 203185021 8765097 1830082521 4285537542
370.463809 203191591 8765142 1829296374 4285537154
370.470846 203198346 8765173 1828488324 4285536769
370.477595 203204825 8765224 1827720562 4285536408
370.484344 203211304 8765238 1826974765 4285536329
370.491093 203217784 8765256 1826225355 4285536187
370.497843 203224263 8765268 1825458591 4285535876
370.504982 203231116 8765274 1824639941 4285535545
370.511730 203237594 8765281 1823867869 4285535203
370.518478 203244073 8765283 1823110015 4285535108
370.525227 203250551 8765302 1822348417 4285534924
370.531976 203257031 8765333 1821560565 4285534591
370.539131 203263900 8765396 1820717616 4285534224
370.545880 203270379 8765476 1819922361 4285533840
370.552628 203276857 8765575 1819160053 4285533759
370.559377 203283336 8765734 1818407232 4285533579
370.566126 203289815 8766006 1817696467 4285533161
370.573268 203296671 8766340 1816943147 4285532736
370.580026 203303158 8766787 1816162900 4285532358
370.586774 203309637 8767692 1815395064 4285532282
370.593522 203316115 8768627 1814618456 4285532127
370.600362 203322682 8769979 1813824489 4285531752
370.607397 203329435 8770886 1813011422 4285531362
370.614145 203335913 8771813 1812252919 4285531181
370.620894 203342392 8772469 1811494749 4285531131
370.627643 203348872 8773084 1810715582 4285530756
370.634391 203355349 8773569 1809940002 4285530358
370.641529 203362202 8773991 1809128883 4285529945
370.648277 203368680 8774282 1808378260 4285529715
370.655046 203375178 8774427 1807621879 4285529627
370.661795 203381657 8774656 1806848939 4285529229
370.668543 203388135 8774841 1806076577 4285528823
370.675646 203394954 8774994 1805272932 4285528369
370.682394 203401432 8775071 1804524205 4285528129
370.689142 203407911 8775099 1803778169 4285528052
370.695892 203414390 8775144 1803019670 4285527677
370.702640 203420868 8775169 1802257078 4285527320
370.709778 203427721 8775228 1801455108 4285526959
370.716526 203434199 8775251 1800710169 4285526793
370.723275 203440679 8775260 1799968722 4285526733
370.730034 203447167 8775285 1799212787 4285526380
370.736848 203453708 8775298 1798447234 4285526031
370.743915 203460493 8775309 1797654651 4285525657
370.750664 203466971 8775316 1796917670 4285525487
370.757413 203473451 8775323 1796175302 4285525418
370.764163 203479930 8775344 1795404458 4285525083
370.770911 203486408 8775408 1794630944 4285524714
370.778067 203493278 8775510 1793809262 4285524330
370.784815 203499756 8775678 1793068524 4285524230
370.791564 203506236 8775869 1792308261 4285524058
370.798312 203512714 8776163 1791537492 4285523683
370.805030 203519163 8776542 1790770038 4285523247
370.812201 203526047 8777246 1789955730 4285522901
370.818950 203532526 8778302 1789207235 4285522856
370.825699 203539005 8779530 1788433400 4285522598
370.832448 203545484 8780560 1787658138 4285522226
370.839195 203551961 8781409 1786888188 4285521856
370.846329 203558809 8782176 1786077211 4285521521
370.853076 203565287 8782848 1785329599 4285521467
370.859826 203571767 8783339 1784558174 4285521188
370.866574 203578245 8783787 1783790466 4285520773
370.873394 203584793 8784164 1783018056 4285520310
370.880464 203591580 8784475 1782228744 4285519911
370.887213 203598058 8784611 1781486498 4285519809
370.893963 203604539 8784780 1780722953 4285519503
370.900711 203611016 8784958 1779961045 4285519023
370.907459 203617495 8785078 1779203834 4285518589
370.914592 203624342 8785133 1778414945 4285518265
370.921341 203630821 8785154 1777674947 4285518208
370.928091 203637302 8785187 1776914191 4285517946
370.934840 203643780 8785227 1776153125 4285517600
370.941588 203650259 8785279 1775390699 4285517264
370.948714 203657100 8785310 1774591677 4285517001
370.955463 203663578 8785316 1773844954 4285516966
370.962212 203670058 8785326 1773074966 4285516728
370.968962 203676537 8785335 1772300489 4285516381
370.975711 203683016 8785349 1771520867 4285516015
370.982779 203689803 8785357 1770738845 4285515893
370.989536 203696289 8785381 1769979660 4285515730
370.996286 203702769 8785410 1769209240 4285515383
371.003033 203709246 8785485 1768438763 4285515005
371.009852 203715793 8785589 1767656434 4285514658
371.016903 203722561 8785807 1766885055 4285514512
371.023664 203729052 8786058 1766123202 4285514369
371.030413 203735531 8786403 1765339495 4285514000
371.037160 203742008 8786840 1764555478 4285513632
371.043909 203748487 8787442 1763764990 4285513270
371.051043 203755336 8788633 1762964755 4285513120
371.057801 203761823 8790107 1762190989 4285513003
371.064550 203768302 8790931 1761401274 4285512616
371.071298 203774780 8791739 1760612561 4285512245
371.078030 203781243 8792445 1759825120 4285511885
371.085167 203788095 8793070 1759018866 4285511760
371.091928 203794586 8793475 1758244263 4285511605
371.098678 203801065 8793864 1757453008 4285511211
371.105425 203807542 8794226 1756664075 4285510823
371.112173 203814020 8794576 1755876890 4285510413
371.119284 203820847 8794740 1755071023 4285510214
371.126034 203827327 8794851 1754294741 4285510019
371.132790 203833813 8794980 1753512724 4285509579
371.139538 203840291 8795058 1752731099 4285509201
371.146360 203846840 8795110 1751958445 4285508947
371.153571 203853763 8795132 1751145601 4285508890
371.160321 203860243 8795167 1750360869 4285508581
371.167040 203866693 8795214 1749587198 4285508263
371.173788 203873171 8795263 1748812574 4285507933
371.180535 203879648 8795285 1748051747 4285507729
371.187692 203886518 8795291 1747251538 4285507686
371.194440 203892997 8795302 1746471985 4285507370
371.201188 203899475 8795316 1745697388 4285507021
371.207938 203905955 8795322 1744919615 4285506685
371.214686 203912433 8795333 1744159631 4285506433
371.221823 203919284 8795349 1743367837 4285506382
371.228574 203925765 8795412 1742581082 4285506050
371.235322 203932244 8795522 1741795588 4285505667
371.242032 203938685 8795650 1741012658 4285505338
371.248781 203945164 8795888 1740240973 4285505091
371.255959 203952055 8796376 1739465552 4285505013
371.262709 203958535 8796751 1738676260 4285504672
371.269459 203965015 8797245 1737878619 4285504283
371.276207 203971494 8797944 1737083530 4285503942
371.283044 203978057 8799072 1736300063 4285503715
371.290111 203984841 8800455 1735512355 4285503671
371.296860 203991320 8801254 1734726121 4285503362
371.303609 203997799 8801990 1733941351 4285503006
371.310357 204004277 8802638 1733158089 4285502642
371.317105 204010755 8803113 1732392669 4285502515
371.324210 204017576 8803475 1731578107 4285502360
371.330959 204024055 8803855 1730781516 4285501974
371.337709 204030535 8804209 1729988702 4285501540
371.344457 204037013 8804496 1729201072 4285501091
371.351205 204043491 8804630 1728439675 4285500996
371.358597 204050592 8804761 1727583713 4285500645
371.366199 204057888 8804883 1726696483 4285500176
371.373130 204064542 8804950 1725890358 4285499804
371.379954 204071093 8804998 1725105019 4285499521
371.386736 204077604 8805019 1724334479 4285499444
371.393498 204084094 8805052 1723547943 4285499225
371.400271 204090597 8805087 1722754744 4285498923
371.407139 204097189 8805103 1721952293 4285498631
371.413901 204103681 8805116 1721175999 4285498463
371.420933 204110433 8805119 1720384157 4285498417
371.427715 204116944 8805128 1719592021 4285498084
371.435049 204123984 8805141 1718736540 4285497748
371.441813 204130476 8805155 1717947958 4285497454
371.448592 204136984 8805182 1717161067 4285497208
371.455363 204143486 8805219 1716402043 4285497119
371.462138 204149991 8805283 1715616266 4285496861
371.469059 204156634 8805419 1714809150 4285496495
371.475837 204163141 8805623 1714025685 4285496133
371.482624 204169658 8805947 1713246365 4285495869
371.491051 204177746 8806646 1712305500 4285495815
371.497827 204184251 8807130 1711516296 4285495453
371.504613 204190768 8807795 1710726539 4285495100
371.512186 204198034 8809217 1709861418 4285494788
371.518968 204204546 8810437 1709107006 4285494748
371.525753 204211062 8811320 1708329405 4285494483
371.533063 204218079 8812083 1707482571 4285494106
371.539871 204224614 8812729 1706692377 4285493761
371.546642 204231113 8813243 1705919050 4285493483
371.553415 204237615 8813586 1705157976 4285493416
371.560287 204244213 8813952 1704423139 4285493073
371.567154 204250807 8814326 1703711659 4285492549
371.573941 204257323 8814601 1703007298 4285492064
371.581508 204264585 8814734 1702188553 4285491806
371.588275 204271081 8814800 1701410868 4285491696
371.595071 204277606 8814896 1700627572 4285491279
371.601844 204284107 8814964 1699838953 4285490919
371.608639 204290630 8815005 1699048811 4285490569
371.615428 204297148 8815041 1698277809 4285490311
371.622200 204303649 8815048 1697514561 4285490268
371.628982 204310160 8815081 1696729755 4285489997
371.635938 204316837 8815105 1695927911 4285489679
371.642710 204323338 8815113 1695144028 4285489365
371.649488 204329846 8815117 1694372441 4285489150
371.657096 204337187 8815123 1693512592 4285489094
371.663905 204343685 8815131 1692729448 4285488787
371.670675 204350186 8815143 1691946593 4285488453
371.678053 204357267 8815186 1691103148 4285488090
371.684826 204363770 8815225 1690351891 4285488036
371.691593 204370266 8815307 1689566931 4285487775
371.698483 204376881 8815441 1688757964 4285487407
371.705276 204383403 8815643 1687959156 4285487069
371.712618 204390450 8816010 1687113716 4285486735
371.719390 204396953 8816549 1686360808 4285486692
371.726173 204403463 8817119 1685565981 4285486438
371.733968 204410949 8817996 1684640346 4285486012
371.740755 204417461 8819196 1683837249 4285485671
371.747523 204423959 8820193 1683049041 4285485436
371.754304 204430471 8821224 1682287795 4285485396
371.761084 204436977 8821956 1681502082 4285485105
371.767986 204443604 8822623 1680695038 4285484756
371.774768 204450114 8823147 1679907447 4285484375
371.781714 204456783 8823588 1679112870 4285484093
371.789046 204463822 8823854 1678296383 4285484006
371.798054 204472469 8824220 1677291630 4285483502
371.804826 204478970 8824483 1676490219 4285483090
371.811643 204485514 8824654 1675694744 4285482756
371.818405 204492006 8824701 1674922101 4285482682
371.825180 204498510 8824770 1674128957 4285482368
371.831959 204505018 8824819 1673337227 4285482045
371.838863 204511645 8824870 1672530538 4285481737
371.845637 204518148 8824907 1671748369 4285481494
371.852438 204524677 8824922 1670975558 4285481443
371.859206 204531175 8824955 1670242445 4285481164
371.865986 204537685 8824989 1669532481 4285480802
371.872756 204544183 8825002 1668824078 4285480480
371.879800 204550945 8825009 1668079808 4285480237
371.886586 204557461 8825009 1667306847 4285480201
371.893369 204563972 8825021 1666513097 4285479949
371.901077 204571373 8825042 1665608326 4285479600
371.908093 204578108 8825081 1664785889 4285479269
371.914872 204584614 8825142 1664005306 4285479071
371.921819 204591283 8825216 1663212529 4285479008
371.928614 204597806 8825384 1662407197 4285478680
371.935420 204604339 8825618 1661601200 4285478334
371.942188 204610838 8825920 1660800920 4285477989
371.948972 204617350 8826562 1660015547 4285477771
371.955922 204624023 8827396 1659217464 4285477720
371.962748 204630575 8828064 1658405558 4285477398
371.969519 204637075 8829328 1657601454 4285477063
371.977056 204644313 8830307 1656713561 4285476694
371.983825 204650808 8831239 1655941424 4285476539
371.990608 204657322 8831957 1655169439 4285476483
371.997384 204663827 8832549 1654372644 4285476114
372.004154 204670326 8833068 1653580714 4285475761
372.010932 204676832 8833477 1652797377 4285475351
372.017702 204683332 8833751 1652043393 4285475232
372.024987 204690325 8833974 1651208175 4285474994
372.031768 204696835 8834208 1650421421 4285474546
372.038546 204703342 8834373 1649631174 4285474164
372.045424 204709945 8834539 1648847722 4285473791
372.053969 204718148 8834577 1647891615 4285473728
372.060743 204724651 8834631 1647175411 4285473369
372.067505 204731141 8834660 1646472636 4285473012
372.076084 204739378 8834719 1645585268 4285472545
372.082860 204745883 8834740 1644857937 4285472398
372.089629 204752381 8834752 1644097945 4285472298
372.096394 204758875 8834764 1643320937 4285471992
372.103198 204765407 8834766 1642534480 4285471678
372.109967 204771905 8834776 1641756237 4285471339
372.116881 204778544 8834784 1640978885 4285471187
372.123667 204785057 8834790 1640223657 4285471102
372.130428 204791547 8834807 1639459246 4285470771
372.137203 204798053 8834852 1638687014 4285470388
372.143974 204804552 8834910 1637913203 4285470057
372.150879 204811182 8835006 1637139342 4285469861
372.158115 204818127 8835195 1636326590 4285469752
372.166106 204825800 8835489 1635408232 4285469284
372.172874 204832296 8835816 1634632936 4285468928
372.180212 204839340 8836567 1633807424 4285468722
372.186992 204845851 8837462 1633046924 4285468627
372.193842 204852427 8838362 1632250444 4285468272
372.200625 204858940 8839505 1631463553 4285467904
372.207406 204865447 8840387 1630680297 4285467545
372.215396 204873117 8841443 1629788288 4285467341
372.222167 204879618 8842008 1629022653 4285467201
372.229505 204886663 8842564 1628183790 4285466763
372.236290 204893177 8843034 1627409100 4285466310
372.243081 204899696 8843371 1626637850 4285465854
372.249853 204906195 8843581 1625897924 4285465687
372.256710 204912778 8843707 1625127199 4285465502
372.263480 204919278 8843934 1624360444 4285465018
372.270250 204925777 8844121 1623590653 4285464516
372.277099 204932355 8844254 1622808149 4285464047
372.283873 204938855 8844300 1622061212 4285463895
372.290655 204945368 8844331 1621294154 4285463727
372.299072 204953447 8844373 1620327323 4285463262
372.305845 204959948 8844429 1619553284 4285462917
372.312619 204966452 8844467 1618773268 4285462609
372.319399 204972963 8844480 1618036582 4285462541
372.326177 204979469 8844483 1617278046 4285462391
372.332967 204985986 8844490 1616483700 4285462079
372.339735 204992483 8844503 1615698554 4285461752
372.346508 204998984 8844528 1614915234 4285461393
372.353271 205005478 8844534 1614163427 4285461331
372.360067 205012002 8844560 1613402891 4285461147
372.366841 205018504 8844598 1612635673 4285460811
372.373612 205025005 8844690 1611863435 4285460451
372.380386 205031510 8844818 1611104137 4285460159
372.387155 205038006 8845021 1610353785 4285460107
372.394060 205044635 8845286 1609569577 4285459789
372.400921 205051224 8845618 1608784224 4285459410
372.407696 205057725 8846053 1608002312 4285459008
372.414472 205064231 8846991 1607244541 4285458804
372.423071 205072487 8848397 1606270340 4285458654
372.429864 205079008 8849446 1605483363 4285458302
372.436642 205085514 8850279 1604698346 4285457910
372.443439 205092040 8851048 1603913800 4285457554
372.450205 205098534 8851751 1603160483 4285457422
372.456978 205105037 8852185 1602396397 4285457289
372.463751 205111538 8852613 1601623025 4285456911
372.470547 205118062 8852931 1600847514 4285456524
372.477314 205124558 8853223 1600081411 4285456109
372.484088 205131064 8853424 1599334918 4285455905
372.492068 205138724 8853561 1598439684 4285455675
372.498844 205145229 8853719 1597665608 4285455227
372.505624 205151738 8853828 1596895072 4285454787
372.512395 205158237 8853878 1596138511 4285454543
372.519162 205164732 8853900 1595379473 4285454478
372.525976 205171274 8853937 1594598317 4285454114
372.532892 205177915 8853988 1593805900 4285453761
372.539675 205184428 8854037 1593035345 4285453420
372.546462 205190941 8854075 1592266406 4285453097
372.553259 205197465 8854092 1591515959 4285453012
372.560129 205204062 8854098 1590736120 4285452881
372.566913 205210574 8854105 1589959987 4285452557
372.573697 205217088 8854112 1589180340 4285452220
372.580477 205223595 8854123 1588423964 4285452023
372.587250 205230098 8854138 1587672987 4285451982
372.594088 205236661 8854184 1586881795 4285451653
372.600864 205243168 8854239 1586098098 4285451292
372.607650 205249685 8854339 1585310676 4285450922
372.615050 205256787 8854543 1584475105 4285450669
372.624117 205265490 8854945 1583452679 4285450496
372.630895 205271997 8855339 1582677643 4285450117
372.637662 205278493 8855810 1581894064 4285449744
372.644434 205284994 8856431 1581106352 4285449366
372.651227 205291515 8857649 1580358113 4285449243
372.657996 205298063 8858895 1579584638 4285449077
372.664830 205304576 8859738 1578798175 4285448715
372.671761 205311229 8860515 1577998295 4285448331
372.678547 205317743 8861184 1577207788 4285447978
372.686101 205324995 8861735 1576357605 4285447878
372.692905 205331526 8862091 1575579114 4285447687
372.699677 205338027 8862457 1574794509 4285447285
372.706466 205344546 8862751 1574002267 4285446862
372.713238 205351047 8863045 1573213704 4285446427
372.720044 205357580 8863125 1572448976 4285446320
372.726827 205364092 8863238 1571667175 4285446115
372.733610 205370606 8863367 1570874772 4285445704
372.740388 205377111 8863442 1570084422 4285445356
372.748105 205384521 8863487 1569201673 4285445149
372.754881 205391023 8863506 1568424812 4285445047
372.761702 205397571 8863556 1567629165 4285444723
372.768514 205404111 8863586 1566832091 4285444420
372.777077 205412332 8863608 1565822750 4285444069
372.783855 205418840 8863617 1565050205 4285443977
372.790633 205425345 8863623 1564268109 4285443821
372.797407 205431848 8863633 1563478843 4285443510
372.805094 205439228 8863642 1562586789 4285443164
372.811956 205445816 8863659 1561788318 4285442805
372.818733 205452322 8863673 1561032723 4285442759
372.825521 205458840 8863710 1560250205 4285442585
372.832300 205465349 8863811 1559461631 4285442240
372.839086 205471861 8863939 1558675609 4285441895
372.845869 205478371 8864144 1557884796 4285441524
372.852659 205484890 8864536 1557128317 4285441440
372.859432 205491393 8864972 1556348812 4285441245
372.866208 205497897 8865489 1555549748 4285440876
372.872985 205504403 8866157 1554755324 4285440529
372.879757 205510904 8867121 1553956666 4285440164
372.886535 205517412 8868355 1553193292 4285440088
372.893311 205523917 8869273 1552416037 4285439917
372.900083 205530419 8870037 1551613568 4285439560
372.906855 205536918 8870657 1550816733 4285439200
372.913627 205543419 8871198 1550052883 4285438999
372.920399 205549922 8871542 1549297973 4285438935
372.927208 205556457 8871904 1548498038 4285438527
372.933993 205562972 8872238 1547704517 4285438088
372.940791 205569498 8872517 1546907387 4285437678
372.947741 205576169 8872699 1546117045 4285437393
372.954520 205582677 8872755 1545364449 4285437300
372.961309 205589196 8872874 1544559606 4285436942
372.968088 205595703 8872945 1543756969 4285436597
372.975274 205602601 8873013 1542906223 4285436232
372.982123 205609176 8873041 1542121024 4285436047
372.988913 205615696 8873055 1541341683 4285435987
372.995705 205622218 8873087 1540543411 4285435699
373.002489 205628729 8873113 1539748475 4285435399
373.009637 205635589 8873134 1538906734 4285435059
373.016407 205642088 8873146 1538131516 4285434887
373.023211 205648620 8873150 1537347344 4285434815
373.029987 205655126 8873157 1536550464 4285434508
373.038076 205662891 8873175 1535600862 4285434108
373.044861 205669405 8873206 1534801476 4285433760
373.051638 205675911 8873247 1534022261 4285433637
373.058413 205682415 8873310 1533234887 4285433519
373.065189 205688922 8873431 1532440227 4285433138
373.071984 205695443 8873608 1531638363 4285432774
373.078799 205701985 8873861 1530834139 4285432400
373.086138 205709030 8874423 1530010752 4285432327
373.095074 205717610 8875113 1528960457 4285431965
373.101846 205724110 8875782 1528162909 4285431618
373.108622 205730616 8876838 1527360244 4285431267
373.115391 205737114 8878030 1526595721 4285431120
373.124065 205745443 8879099 1525599386 4285430928
373.130845 205751950 8879821 1524795235 4285430567
373.137629 205758462 8880394 1523997869 4285430202
373.144398 205764960 8880915 1523202619 4285429839
373.151166 205771457 8881269 1522442115 4285429737
373.157991 205778011 8881544 1521657665 4285429552
373.164802 205784548 8881849 1520853436 4285429162
373.171576 205791051 8882103 1520056739 4285428767
373.178378 205797580 8882294 1519261616 4285428339
373.185580 205804496 8882369 1518454850 4285428227
373.192356 205811001 8882429 1517687026 4285428038
373.199121 205817495 8882480 1516897927 4285427706
373.205905 205824008 8882525 1516104058 4285427392
373.212673 205830504 8882582 1515312075 4285427041
373.219449 205837009 8882598 1514547284 4285426978
373.226307 205843592 8882620 1513792077 4285426808
373.233068 205850084 8882649 1513005961 4285426480
373.239879 205856622 8882664 1512211877 4285426155
373.246651 205863123 8882670 1511424307 4285425861
373.253422 205869623 8882677 1510658886 4285425797
373.260192 205876123 8882685 1509886777 4285425653
373.266972 205882631 8882714 1509103953 4285425309
373.273742 205889130 8882754 1508320579 4285424888
373.280510 205895627 8882802 1507554040 4285424671
373.287282 205902128 8882862 1506780812 4285424619
373.294064 205908640 8882984 1505990611 4285424277
373.302051 205916308 8883227 1505060546 4285423861
373.308831 205922817 8883487 1504263678 4285423499
373.315647 205929360 8884003 1503487546 4285423342
373.323641 205937034 8884844 1502570344 4285423169
373.330413 205943534 8885556 1501774860 4285422795
373.337226 205950076 8886795 1500976073 4285422440
373.344095 205956668 8887742 1500172892 4285422060
373.350870 205963173 8888764 1499417736 4285421961
373.357639 205969672 8889463 1498643212 4285421837
373.364502 205976260 8890062 1497849840 4285421469
373.371270 205982758 8890568 1497070516 4285421109
373.378067 205989283 8891068 1496289448 4285420716
373.384865 205995810 8891353 1495532200 4285420588
373.391643 206002315 8891532 1494758328 4285420436
373.400128 206010461 8891842 1493784629 4285419926
373.406900 206016962 8892040 1493000296 4285419496
373.413672 206023463 8892201 1492214779 4285419098
373.420441 206029962 8892258 1491460398 4285419012
373.427248 206036497 8892310 1490676807 4285418785
373.434141 206043114 8892349 1489888205 4285418401
373.441661 206050334 8892399 1489024883 4285418010
373.448440 206056841 8892436 1488265358 4285417786
373.455221 206063350 8892457 1487514939 4285417702
373.461993 206069851 8892480 1486737758 4285417411
373.468804 206076390 8892497 1485965566 4285417083
373.475648 206082959 8892505 1485185145 4285416741
373.482814 206089839 8892510 1484397212 4285416608
373.489582 206096337 8892518 1483639887 4285416468
373.496356 206102840 8892551 1482880904 4285416086
373.503211 206109421 8892580 1482106977 4285415735
373.509990 206115928 8892637 1481336115 4285415349
373.516794 206122462 8892738 1480594117 4285415192
373.523559 206128954 8892845 1479839758 4285415054
373.530316 206135441 8893063 1479073515 4285414658
373.537039 206141893 8893368 1478312316 4285414272
373.543789 206148374 8893772 1477548078 4285413857
373.550537 206154852 8894530 1476806364 4285413686
373.557295 206161339 8895424 1476037022 4285413586
373.564197 206167965 8896445 1475233104 4285413203
373.570951 206174450 8897537 1474447207 4285412836
373.577701 206180930 8898393 1473660447 4285412446
373.584450 206187408 8899246 1472898845 4285412284
373.591200 206193889 8899836 1472149624 4285412209
373.598327 206200731 8900409 1471344405 4285411774
373.605082 206207215 8900862 1470577638 4285411366
373.611832 206213695 8901210 1469812571 4285410896
373.618580 206220173 8901459 1469065355 4285410651
373.625329 206226653 8901618 1468312933 4285410509
373.632454 206233493 8901799 1467500424 4285410030
373.639307 206240071 8902000 1466711347 4285409593
373.646039 206246534 8902150 1465945354 4285409242
373.652788 206253013 8902188 1465186372 4285409170
373.659536 206259491 8902254 1464406747 4285408848
373.666602 206266274 8902296 1463597434 4285408481
373.673350 206272753 8902349 1462823063 4285408161
373.680098 206279231 8902384 1462053822 4285407918
373.686846 206285709 8902392 1461298374 4285407885
373.693595 206292188 8902396 1460522694 4285407657
373.700714 206299022 8902405 1459707098 4285407328
373.707462 206305500 8902417 1458932680 4285406981
373.714209 206311977 8902420 1458165455 4285406737
373.720959 206318456 8902422 1457415717 4285406685
373.727707 206324935 8902440 1456637950 4285406414
373.734852 206331794 8902485 1455812272 4285406008
373.741600 206338272 8902557 1455032700 4285405668
373.748348 206344751 8902672 1454262440 4285405399
373.755095 206351227 8902820 1453508857 4285405349
373.761844 206357706 8903061 1452722246 4285405077
373.768984 206364561 8903430 1451881718 4285404713
373.775834 206371137 8903833 1451077357 4285404334
373.782583 206377616 8904540 1450295552 4285404070
373.789332 206384095 8905684 1449548716 4285404034
373.796096 206390589 8906897 1448769359 4285403743
373.803128 206397340 8907833 1447953766 4285403368
373.809878 206403819 8908611 1447177264 4285403008
373.816628 206410299 8909380 1446429107 4285402915
373.823376 206416777 8909942 1445656422 4285402736
373.830124 206423256 8910465 1444865232 4285402352
373.837266 206430111 8910924 1444028670 4285401926
373.844024 206436599 8911274 1443237797 4285401507
373.850772 206443078 8911467 1442474373 4285401387
373.857521 206449557 8911635 1441697400 4285401170
373.864269 206456035 8911857 1440917558 4285400730
373.871390 206462871 8911996 1440094691 4285400301
373.878138 206469349 8912083 1439315983 4285399924
373.884887 206475828 8912103 1438559908 4285399824
373.891636 206482307 8912129 1437793044 4285399660
373.898385 206488786 8912170 1437017941 4285399311
373.905528 206495644 8912225 1436198221 4285398951
373.912352 206502194 8912263 1435408947 4285398618
373.919100 206508672 8912271 1434648669 4285398552
373.925849 206515152 8912278 1433868682 4285398391
373.932598 206521630 8912284 1433075637 4285398059
373.939644 206528395 8912296 1432245580 4285397762
373.946392 206534873 8912306 1431458761 4285397451
373.953140 206541351 8912316 1430701534 4285397369
373.959890 206547831 8912342 1429930083 4285397209
373.966640 206554311 8912398 1429142623 4285396841
373.973779 206561164 8912479 1428313984 4285396498
373.980526 206567642 8912642 1427537169 4285396216
373.987274 206574120 8912858 1426782068 4285396149
373.994033 206580608 8913144 1426014989 4285395866
374.000782 206587087 8913548 1425238962 4285395458
374.007913 206593933 8914072 1424423885 4285395052
374.014661 206600411 8915043 1423679148 4285394838
374.021411 206606892 8916252 1422935320 4285394783
374.028166 206613376 8917229 1422159155 4285394391
374.034917 206619857 8918066 1421385850 4285393987
374.042074 206626728 8918782 1420565192 4285393555
374.048900 206633281 8919457 1419810909 4285393335
374.055657 206639767 8919941 1419062263 4285393262
374.062407 206646248 8920369 1418300948 4285392843
374.069157 206652728 8920693 1417540824 4285392411
374.076202 206659490 8920980 1416741836 4285391915
374.082953 206665971 8921148 1416000252 4285391666
374.089705 206672453 8921240 1415253616 4285391574
374.096456 206678934 8921396 1414504501 4285391100
374.103206 206685414 8921502 1413756003 4285390684
374.110330 206692254 8921589 1412962548 4285390258
374.117080 206698734 8921635 1412227060 4285390050
374.123831 206705214 8921649 1411475017 4285389986
374.130580 206711693 8921704 1410722745 4285389606
374.137329 206718173 8921763 1409972632 4285389247
374.144466 206725024 8921800 1409178459 4285388914
374.151216 206731505 8921817 1408442319 4285388726
374.157969 206737987 8921822 1407693946 4285388657
374.164720 206744468 8921829 1406942306 4285388308
374.171469 206750947 8921842 1406194703 4285387965
374.178600 206757793 8921855 1405410416 4285387661
374.185427 206764347 8921873 1404665699 4285387602
374.192178 206770829 8921921 1403908919 4285387337
374.198929 206777309 8921992 1403148325 4285386965
374.205679 206783789 8922111 1402388575 4285386584
374.212718 206790546 8922306 1401608537 4285386240
374.219470 206797028 8922588 1400874985 4285386172
374.226220 206803509 8922927 1400118560 4285385864
374.232973 206809991 8923404 1399355672 4285385471
374.239723 206816470 8924004 1398589915 4285385087
374.246850 206823313 8924963 1397795310 4285384718
374.253602 206829795 8926542 1397063744 4285384666
374.260353 206836276 8927398 1396307400 4285384354
374.267103 206842756 8928187 1395551016 4285383905
374.273853 206849236 8928836 1394791815 4285383478
374.280989 206856087 8929463 1394006539 4285383077
374.287742 206862569 8929858 1393260335 4285382997
374.294493 206869051 8930196 1392501548 4285382675
374.301244 206875531 8930495 1391745348 4285382246
374.307994 206882012 8930777 1390984553 4285381799
374.315131 206888862 8931046 1390192115 4285381368
374.321954 206895413 8931139 1389448725 4285381272
374.328707 206901896 8931241 1388684667 4285380954
374.335458 206908376 8931324 1387915172 4285380540
374.342207 206914856 8931382 1387140841 4285380190
374.349218 206921586 8931396 1386360958 4285380065
374.355973 206928071 8931423 1385594624 4285379919
374.362725 206934554 8931470 1384821940 4285379607
374.369475 206941033 8931516 1384053076 4285379278
374.376226 206947514 8931542 1383283767 4285378952
374.383327 206954330 8931555 1382492786 4285378816
374.390041 206960776 8931565 1381729055 4285378698
374.396793 206967258 8931570 1380964190 4285378381
374.403543 206973738 8931578 1380203195 4285378046
374.410292 206980218 8931597 1379445526 4285377714
374.417457 206987095 8931627 1378667549 4285377552
374.424212 206993580 8931669 1377912361 4285377390
374.430964 207000063 8931773 1377153408 4285377015
374.437713 207006542 8931907 1376392628 4285376618
374.444463 207013022 8932113 1375636352 4285376207
374.451601 207019874 8932555 1374869970 4285376037
374.458429 207026429 8933017 1374108183 4285375872
374.465181 207032911 8933545 1373347749 4285375442
374.471933 207039392 8934289 1372588226 4285375033
374.478682 207045872 8935434 1371825992 4285374606
374.485746 207052653 8936721 1371064740 4285374463
374.492501 207059138 8937567 1370308749 4285374321
374.499252 207065619 8938296 1369540203 4285373957
374.506018 207072114 8938948 1368774500 4285373570
374.512768 207078595 8939536 1368014446 4285373175
374.519922 207085462 8939954 1367242900 4285373081
374.526677 207091947 8940296 1366490020 4285372756
374.533429 207098429 8940627 1365736194 4285372290
374.540180 207104910 8940884 1364985646 4285371828
374.546929 207111389 8941061 1364248215 4285371498
374.554074 207118249 8941127 1363464821 4285371401
374.560827 207124731 8941201 1362710285 4285371011
374.567578 207131213 8941279 1361961992 4285370612
374.574328 207137692 8941328 1361218641 4285370247
374.581077 207144171 8941357 1360489913 4285369991
374.588209 207151017 8941374 1359715559 4285369896
374.595033 207157569 8941431 1358953668 4285369543
374.601786 207164051 8941476 1358204691 4285369192
374.608535 207170531 8941516 1357457784 4285368813
374.615285 207177011 8941530 1356731201 4285368570
374.622336 207183779 8941535 1355972195 4285368524
374.629085 207190259 8941543 1355215675 4285368181
374.635836 207196740 8941555 1354464481 4285367846
374.642585 207203219 8941582 1353712478 4285367460
374.649334 207209698 8941634 1352977113 4285367206
374.656211 207216302 8941674 1352235941 4285367113
374.662982 207222803 8941786 1351466736 4285366755
374.669769 207229320 8941954 1350700474 4285366345
374.676543 207235821 8942189 1349932194 4285365958
374.683310 207242317 8942624 1349176912 4285365694
374.690065 207248803 8943265 1348439719 4285365630
374.696843 207255309 8943797 1347665033 4285365323
374.703612 207261807 8944556 1346885220 4285364931
374.710389 207268315 8945708 1346100197 4285364539
374.718051 207275669 8947044 1345254221 4285364476
374.724824 207282170 8947849 1344478417 4285364263
374.731712 207288783 8948618 1343689019 4285363903
374.738487 207295287 8949273 1342918323 4285363508
374.745259 207301789 8949816 1342155788 4285363147
374.752061 207308316 8950181 1341412354 4285363062
374.760143 207316075 8950542 1340499774 4285362716
374.767559 207323198 8950916 1339666689 4285362241
374.774333 207329699 8951218 1338904042 4285361798
374.781105 207336200 8951399 1338146703 4285361434
374.787878 207342703 8951457 1337405042 4285361347
374.794745 207349294 8951532 1336625381 4285361004
374.801519 207355799 8951589 1335858237 4285360633
374.808289 207362296 8951627 1335093101 4285360246
374.815067 207368803 8951647 1334342420 4285360058
374.821846 207375313 8951657 1333597645 4285359998
374.828736 207381926 8951718 1332826334 4285359626
374.835644 207388557 8951751 1332049476 4285359285
374.842409 207395051 8951764 1331291641 4285358944
374.849180 207401551 8951773 1330541051 4285358699
374.855958 207408058 8951780 1329801409 4285358630
374.862738 207414569 8951792 1329040297 4285358316
374.869649 207421202 8951824 1328275098 4285357913
374.876431 207427721 8951864 1327516190 4285357524
374.883231 207434241 8951902 1326775869 4285357427
374.890000 207440799 8951988 1326013860 4285357213
374.896833 207447299 8952155 1325248573 4285356846
374.904997 207455170 8952426 1324322092 4285356390
374.913190 207463002 8952852 1323409682 4285355953
374.919974 207469516 8953497 1322666092 4285355891
374.926747 207476018 8954103 1321885444 4285355576
374.933526 207482525 8954944 1321111968 4285355174
374.940292 207489019 8956214 1320340614 4285354803
374.947070 207495526 8957143 1319576125 4285354504
374.953845 207502031 8958011 1318832206 4285354449
374.960615 207508530 8958678 1318065849 4285354144
374.969051 207516629 8959355 1317106816 4285353642
374.975837 207523144 8959813 1316338450 4285353222
374.982627 207529661 8960198 1315594963 4285352969
374.989394 207536157 8960413 1314858154 4285352838
374.996159 207542651 8960741 1314100085 4285352398
375.002930 207549152 8960988 1313345561 4285351921
375.009860 207555804 8961216 1312573009 4285351450
375.016636 207562309 8961273 1311843660 4285351333
375.023624 207569018 8961331 1311077298 4285351058
375.030394 207575517 8961398 1310330362 4285350692
375.037639 207582474 8961432 1309531023 4285350329
375.044883 207589427 8961461 1308734158 4285350012
375.051652 207595925 8961471 1307990990 4285349958
375.058425 207602430 8961506 1307235284 4285349709
375.066056 207609756 8961538 1306390186 4285349327
375.072837 207616263 8961548 1305640217 4285348987
375.079613 207622767 8961563 1304895822 4285348705
375.086385 207629269 8961569 1304159501 4285348644
375.093145 207635760 8961575 1303400726 4285348387
375.099919 207642262 8961594 1302642948 4285348008
375.106718 207648790 8961647 1301879810 4285347625
375.113490 207655290 8961713 1301125586 4285347342
375.120269 207661799 8961780 1300379276 4285347274
375.127066 207668323 8961935 1299607382 4285346908
375.133842 207674828 8962170 1298834745 4285346514
375.140645 207681359 8962473 1298061860 4285346087
375.147507 207687946 8963020 1297291493 4285345746
375.154316 207694483 8963918 1296542337 4285345690
375.161077 207700975 8964685 1295776914 4285345393
375.168196 207707807 8965948 1294957366 4285344986
375.174962 207714303 8966849 1294178549 4285344643
375.181739 207720809 8967691 1293412914 4285344363
375.188508 207727307 8968476 1292660098 4285344322
375.195278 207733806 8969030 1291877207 4285344068
375.202079 207740336 8969559 1291083482 4285343694
375.208868 207746855 8970022 1290287962 4285343293
375.216273 207753964 8970430 1289435695 4285342954
375.224055 207761434 8970602 1288558779 4285342887
375.230832 207767939 8970820 1287767431 4285342517
375.237602 207774437 8971004 1286977511 4285342069
375.245064 207781602 8971140 1286112744 4285341680
375.251833 207788100 8971179 1285348890 4285341623
375.258638 207794633 8971214 1284559038 4285341344
375.265404 207801127 8971255 1283775728 4285340994
375.272184 207807636 8971301 1282998732 4285340617
375.279688 207814839 8971353 1282154085 4285340317
375.286556 207821434 8971358 1281386891 4285340264
375.293850 207828435 8971385 1280554559 4285339979
375.300626 207834940 8971395 1279776837 4285339620
375.307401 207841444 8971400 1279003202 4285339316
375.314166 207847939 8971406 1278239259 4285339081
375.320946 207854447 8971414 1277489582 4285339025
375.327723 207860955 8971433 1276713417 4285338774
375.334734 207867684 8971458 1275904813 4285338426
375.341497 207874176 8971512 1275134573 4285338083
375.348581 207880977 8971603 1274335239 4285337815
375.355352 207887478 8971758 1273599640 4285337745
375.362146 207893999 8971969 1272837872 4285337430
375.368931 207900513 8972292 1272067603 4285337027
375.375693 207907004 8972701 1271298474 4285336610
375.382462 207913503 8973347 1270536280 4285336325
375.389223 207919993 8974404 1269790750 4285336270
375.396464 207926945 8975702 1268975505 4285335951
375.403305 207933512 8976617 1268196685 4285335559
375.410073 207940009 8977467 1267429542 4285335142
375.416843 207946509 8978279 1266687462 4285335049
375.424622 207953978 8978990 1265817999 4285334784
375.431406 207960491 8979540 1265059408 4285334345
375.438188 207967003 8980002 1264297665 4285333890
375.446063 207974563 8980388 1263422484 4285333451
375.452837 207981064 8980546 1262674376 4285333370
375.459650 207987604 8980749 1261902174 4285332967
375.466433 207994116 8980968 1261134394 4285332366
375.473246 208000656 8981135 1260375640 4285331822
375.480051 208007190 8981219 1259636588 4285331515
375.486824 208013691 8981239 1258891978 4285331452
375.493598 208020193 8981288 1258136296 4285331094
375.500367 208026693 8981310 1257384931 4285330752
375.507134 208033188 8981360 1256631156 4285330400
375.513909 208039693 8981407 1255887770 4285330092
375.520690 208046203 8981410 1255155769 4285330042
375.527496 208052736 8981423 1254395432 4285329817
375.534276 208059246 8981441 1253642257 4285329475
375.541103 208065801 8981447 1252880062 4285329160
375.549226 208073598 8981453 1251995516 4285329008
375.557483 208081523 8981482 1251085149 4285328719
375.564351 208088116 8981522 1250319698 4285328334
375.571116 208094612 8981598 1249561604 4285327976
375.577894 208101120 8981688 1248799325 4285327571
375.584664 208107618 8981841 1248064870 4285327453
375.591446 208114128 8982059 1247302341 4285327292
375.598210 208120621 8982380 1246527175 4285326892
375.604991 208127132 8982770 1245750275 4285326502
375.611796 208133663 8983389 1244976115 4285326165
375.618565 208140161 8984554 1244231689 4285326105
375.625423 208146746 8985672 1243445008 4285325854
375.632190 208153244 8986618 1242667910 4285325473
375.638975 208159756 8987443 1241891759 4285325105
375.646166 208166659 8988330 1241085007 4285324755
375.652939 208173162 8988968 1240343569 4285324700
375.659723 208179674 8989447 1239573030 4285324404
375.668047 208187666 8990011 1238628998 4285323841
375.674821 208194167 8990344 1237859637 4285323382
375.681592 208200667 8990585 1237102236 4285323023
375.688373 208207179 8990682 1236356814 4285322955
375.695137 208213671 8990872 1235579983 4285322522
375.702990 208221211 8991038 1234681832 4285321997
375.710049 208227987 8991126 1233880319 4285321599
375.716830 208234498 8991152 1233131007 4285321558
375.723843 208241228 8991181 1232326812 4285321293
375.730622 208247737 8991216 1231547009 4285320942
375.737387 208254233 8991264 1230764661 4285320602
375.744166 208260739 8991298 1229979127 4285320291
375.750938 208267240 8991315 1229220147 4285320117
375.758082 208274099 8991324 1228411676 4285320058
375.764859 208280605 8991336 1227638038 4285319709
375.771663 208287137 8991347 1226865900 4285319356
375.778433 208293637 8991360 1226102002 4285319059
375.785201 208300133 8991371 1225353813 4285319007
375.791973 208306634 8991402 1224582302 4285318749
375.798796 208313184 8991457 1223806219 4285318375
375.805592 208319708 8991550 1223033894 4285318019
375.812365 208326211 8991698 1222265302 4285317699
375.819130 208332705 8991902 1221521660 4285317634
375.825925 208339228 8992188 1220741294 4285317398
375.832690 208345722 8992582 1219961707 4285317045
375.839553 208352311 8993086 1219161742 4285316671
375.849055 208361435 8994585 1218108782 4285316508
375.855862 208367969 8995815 1217328740 4285316272
375.862673 208374506 8996734 1216536776 4285315925
375.870088 208381625 8997681 1215674491 4285315548
375.876866 208388131 8998453 1214890440 4285315197
375.883637 208394630 8999055 1214138427 4285315125
375.890401 208401124 8999508 1213368918 4285314957
375.897168 208407623 8999960 1212585122 4285314593
375.903937 208414119 9000308 1211805744 4285314223
375.910731 208420643 9000597 1211029057 4285313849
375.917502 208427142 9000691 1210274296 4285313772
375.924271 208433639 9000837 1209492498 4285313472
375.931076 208440174 9000957 1208703147 4285313046
375.937858 208446683 9001043 1207917958 4285312656
375.944636 208453192 9001107 1207139724 4285312325
375.951406 208459690 9001147 1206384225 4285312246
375.958174 208466188 9001184 1205602203 4285312000
375.964960 208472702 9001233 1204822016 4285311669
375.972395 208479841 9001293 1203969169 4285311298
375.980067 208487204 9001321 1203099997 4285311046
375.986847 208493714 9001325 1202353274 4285311010
375.993670 208500264 9001334 1201573714 4285310718
376.000434 208506756 9001341 1200798882 4285310395
376.007206 208513257 9001343 1200025490 4285310089
376.014043 208519831 9001350 1199253745 4285309820
376.020828 208526335 9001366 1198507996 4285309762
376.027597 208532833 9001419 1197741045 4285309480
376.034376 208539341 9001510 1196963516 4285309106
376.041147 208545842 9001629 1196188107 4285308733
376.047944 208552366 9001849 1195425424 4285308414
376.054720 208558872 9002251 1194677165 4285308358
376.061489 208565370 9002620 1193918750 4285308061
376.070573 208574090 9003331 1192893779 4285307538
376.079296 208582463 9004323 1191895466 4285307029
376.086064 208588962 9005655 1191151047 4285306941
376.092835 208595462 9006712 1190388196 4285306778
376.099610 208601967 9007541 1189614855 4285306402
376.106382 208608468 9008307 1188847571 4285306025
376.113153 208614968 9008927 1188088092 4285305660
376.120332 208621859 9009417 1187302423 4285305605
376.127100 208628356 9009825 1186537789 4285305310
376.133885 208634871 9010157 1185770775 4285304853
376.140684 208641396 9010454 1185009252 4285304407
376.147456 208647899 9010663 1184275612 4285304118
376.154802 208654950 9010735 1183475137 4285304006
376.162216 208662067 9010937 1182657679 4285303440
376.168982 208668563 9011045 1181910444 4285302992
376.177138 208676393 9011132 1181013690 4285302499
376.184768 208683717 9011155 1180195450 4285302374
376.191541 208690220 9011179 1179420166 4285302240
376.199485 208697847 9011208 1178465379 4285301946
376.206252 208704341 9011216 1177650267 4285301708
376.213051 208710870 9011222 1176828213 4285301503
376.220355 208717881 9011224 1175979252 4285301460
376.227125 208724380 9011228 1175206216 4285301252
376.234054 208731032 9011238 1174429850 4285300888
376.242129 208738784 9011250 1173525094 4285300495
376.248906 208745291 9011281 1172778362 4285300236
376.255682 208751796 9011308 1172030634 4285300172
376.263258 208759069 9011393 1171171820 4285299824
376.270091 208765627 9011520 1170398054 4285299461
376.276897 208772162 9011720 1169633660 4285299015
376.283733 208778724 9012062 1168880978 4285298739
376.290642 208785355 9012595 1168120217 4285298670
376.297416 208791861 9013112 1167344378 4285298296
376.304213 208798384 9013765 1166567986 4285297927
376.310992 208804894 9014624 1165798639 4285297559
376.317879 208811503 9016143 1165056992 4285297496
376.324798 208818145 9017037 1164274265 4285297263
376.331566 208824644 9017895 1163502712 4285296867
376.338333 208831139 9018546 1162738951 4285296464
376.345127 208837664 9019150 1161969310 4285296074
376.351903 208844168 9019609 1161240364 4285295967
376.358866 208850851 9019938 1160421202 4285295660
376.365634 208857349 9020292 1159604367 4285295229
376.372401 208863845 9020543 1158793912 4285294810
376.379284 208870452 9020723 1157975687 4285294392
376.386066 208876966 9020804 1157253550 4285294307
376.392842 208883468 9020877 1156518629 4285294060
376.399716 208890068 9020975 1155710067 4285293681
376.407336 208897385 9021037 1154818603 4285293301
376.414104 208903880 9021054 1154067963 4285293188
376.420875 208910381 9021075 1153368983 4285293095
376.427730 208916961 9021108 1152584394 4285292884
376.434504 208923464 9021136 1151789163 4285292592
376.441281 208929970 9021151 1150992253 4285292292
376.448669 208937062 9021165 1150130320 4285291997
376.455439 208943562 9021170 1149359472 4285291936
376.462199 208950051 9021180 1148572799 4285291702
376.468958 208956538 9021199 1147775758 4285291389
376.475708 208963018 9021217 1146983351 4285291077
376.482482 208969521 9021243 1146219582 4285290920
376.489244 208976012 9021296 1145450662 4285290795
376.495993 208982491 9021398 1144662232 4285290410
376.502761 208988989 9021549 1143873118 4285290026
376.509510 208995468 9021781 1143085549 4285289652
376.516607 209002281 9022206 1142286473 4285289510
376.523361 209008765 9022690 1141511479 4285289377
376.530116 209015249 9023241 1140715028 4285289021
376.536953 209021813 9023990 1139912871 4285288629
376.543701 209028291 9025117 1139119149 4285288257
376.550771 209035079 9026348 1138316084 4285288121
376.557529 209041566 9027145 1137531569 4285287987
376.564277 209048045 9027844 1136743455 4285287574
376.571033 209054530 9028449 1135957382 4285287207
376.577780 209061007 9028957 1135177734 4285286851
376.584913 209067855 9029385 1134384333 4285286690
376.591667 209074339 9029615 1133614885 4285286546
376.598416 209080817 9029920 1132836410 4285286140
376.605163 209087295 9030135 1132056363 4285285739
376.611911 209093773 9030306 1131282060 4285285312
376.618995 209100574 9030402 1130496034 4285285128
376.625777 209107084 9030445 1129724246 4285284965
376.632526 209113563 9030521 1128949329 4285284595
376.639273 209120041 9030560 1128168815 4285284243
376.646028 209126526 9030598 1127388221 4285283900
376.653266 209133474 9030606 1126601443 4285283850
376.660025 209139962 9030637 1125834377 4285283629
376.666774 209146442 9030669 1125054781 4285283312
376.673598 209152993 9030686 1124271044 4285282994
376.680361 209159486 9030688 1123507996 4285282803
376.687436 209166278 9030694 1122722282 4285282760
376.694185 209172756 9030694 1121953254 4285282471
376.700934 209179235 9030717 1121188789 4285282142
376.707704 209185734 9030740 1120423941 4285281780
376.714452 209192213 9030759 1119673388 4285281556
376.721566 209199042 9030805 1118882853 4285281490
376.728316 209205522 9030899 1118107490 4285281126
376.735040 209211977 9031059 1117337112 4285280763
376.741788 209218455 9031282 1116565875 4285280385
376.748536 209224933 9031691 1115810672 4285280132
376.755686 209231797 9032462 1115018657 4285280059
376.762435 209238276 9033022 1114234708 4285279678
376.769184 209244755 9033778 1113455078 4285279282
376.775933 209251234 9034963 1112676154 4285278911
376.782681 209257712 9035924 1111920215 4285278637
376.789819 209264565 9036939 1111135174 4285278584
376.796569 209271045 9037622 1110354229 4285278228
376.803318 209277523 9038254 1109583252 4285277875
376.810138 209284071 9038770 1108808827 4285277481
376.816901 209290564 9039170 1108064466 4285277192
376.823955 209297336 9039376 1107296343 4285277103
376.830704 209303815 9039624 1106515220 4285276738
376.837454 209310294 9039854 1105738781 4285276327
376.844201 209316772 9040048 1104964978 4285275918
376.850950 209323250 9040118 1104215146 4285275831
376.858068 209330084 9040188 1103407845 4285275574
376.864817 209336563 9040239 1102628966 4285275213
376.871565 209343041 9040288 1101848717 4285274859
376.878313 209349519 9040328 1101075438 4285274515
376.885030 209355967 9040334 1100328106 4285274473
376.892200 209362851 9040369 1099509206 4285274250
376.898949 209369330 9040400 1098735384 4285273897
376.905698 209375809 9040404 1097956233 4285273583
376.912445 209382286 9040410 1097179349 4285273259
376.919193 209388764 9040421 1096427314 4285273210
376.926332 209395617 9040431 1095605030 4285273006
376.933080 209402096 9040444 1094826310 4285272683
376.939829 209408575 9040473 1094043570 4285272351
376.946648 209415121 9040534 1093253974 4285272002
376.953397 209421600 9040607 1092505881 4285271934
376.960477 209428397 9040748 1091690785 4285271714
376.967226 209434876 9040982 1090907568 4285271355
376.973975 209441355 9041239 1090125513 4285270996
376.980723 209447833 9041646 1089340992 4285270642
376.987471 209454311 9042444 1088603357 4285270592
376.994597 209461152 9043273 1087799224 4285270359
377.001346 209467631 9044366 1086994743 4285270004
377.008094 209474109 9045395 1086192119 4285269647
377.014842 209480587 9046414 1085419851 4285269504
377.021591 209487066 9047223 1084655794 4285269423
377.028715 209493906 9047891 1083830444 4285269067
377.035468 209500388 9048365 1083044336 4285268717
377.042216 209506867 9048810 1082261837 4285268340
377.048966 209513346 9049131 1081502927 4285268135
377.055715 209519825 9049307 1080734051 4285268031
377.062847 209526672 9049628 1079914648 4285267603
377.069596 209533150 9049849 1079136933 4285267190
377.076344 209539629 9050022 1078358660 4285266772
377.083164 209546176 9050100 1077595685 4285266556
377.089915 209552657 9050135 1076831184 4285266440
377.096977 209559437 9050191 1076020641 4285266021
377.103725 209565915 9050221 1075247023 4285265647
377.110472 209572392 9050276 1074469068 4285265271
377.117220 209578870 9050296 1073714354 4285265129
377.123969 209585350 9050305 1072961673 4285265054
377.131118 209592213 9050328 1072143184 4285264693
377.137872 209598696 9050334 1071371267 4285264370
377.144621 209605175 9050337 1070598077 4285264034
377.151369 209611653 9050345 1069850574 4285263864
377.158118 209618133 9050348 1069099495 4285263789
377.165256 209624985 9050368 1068275305 4285263433
377.172025 209631482 9050428 1067495064 4285263051
377.178773 209637961 9050500 1066719383 4285262662
377.185526 209644444 9050590 1065967311 4285262583
377.192275 209650923 9050716 1065189736 4285262405
377.199396 209657759 9050944 1064352185 4285261999
377.206144 209664237 9051289 1063557026 4285261623
377.212893 209670717 9051800 1062774953 4285261332
377.219707 209677257 9052758 1062001662 4285261281
377.226456 209683737 9053494 1061204839 4285261006
377.233533 209690530 9054733 1060373586 4285260646
377.240282 209697009 9055539 1059574365 4285260304
377.247040 209703498 9056398 1058786405 4285260034
377.253789 209709977 9057168 1058027338 4285259989
377.260537 209716455 9057696 1057235882 4285259699
377.267649 209723282 9058219 1056402388 4285259321
377.274398 209729761 9058595 1055616228 4285258911
377.281146 209736239 9058882 1054842756 4285258611
377.287895 209742718 9059053 1054091767 4285258527
377.294643 209749197 9059257 1053319043 4285258209
377.301782 209756049 9059462 1052500298 4285257750
377.308531 209762529 9059629 1051729146 4285257298
377.315279 209769007 9059711 1050967838 4285256966
377.322033 209775491 9059757 1050225483 4285256888
377.328782 209781970 9059791 1049459098 4285256622
377.335915 209788818 9059830 1048642491 4285256248
377.342664 209795296 9059878 1047870315 4285255904
377.349412 209801774 9059916 1047102126 4285255652
377.356232 209808322 9059923 1046339655 4285255614
377.362983 209814803 9059935 1045575387 4285255364
377.370068 209821605 9059941 1044774805 4285255014
377.376817 209828083 9059968 1044009059 4285254594
377.383566 209834563 9059972 1043265493 4285254522
377.390316 209841042 9059988 1042505481 4285254342
377.397030 209847488 9060014 1041746331 4285253990
377.404196 209854367 9060068 1040936261 4285253584
377.410945 209860846 9060171 1040170020 4285253200
377.417693 209867324 9060285 1039430956 4285253109
377.424442 209873804 9060471 1038673477 4285252913
377.431192 209880283 9060742 1037901408 4285252540
377.438329 209887135 9061113 1037091463 4285252110
377.445077 209893613 9061634 1036325587 4285251704
377.451826 209900092 9062598 1035589574 4285251617
377.458581 209906577 9063641 1034836451 4285251442
377.465332 209913058 9064785 1034067989 4285251068
377.472462 209919903 9065694 1033253418 4285250668
377.479212 209926382 9066403 1032485718 4285250294
377.485960 209932861 9067056 1031750296 4285250208
377.492805 209939432 9067586 1031000122 4285249977
377.499568 209945925 9068091 1030250861 4285249469
377.506591 209952667 9068479 1029467606 4285248972
377.513339 209959145 9068798 1028720623 4285248472
377.520088 209965623 9068959 1027962718 4285248331
377.526836 209972102 9069098 1027191371 4285248052
377.533585 209978581 9069277 1026452689 4285247566
377.540712 209985423 9069429 1025669990 4285247067
377.547459 209991900 9069494 1024941677 4285246809
377.554208 209998379 9069518 1024198971 4285246737
377.561206 210005098 9069574 1023423221 4285246334
377.567982 210011604 9069605 1022678055 4285245980
377.574902 210018248 9069670 1021919205 4285245564
377.583254 210026266 9069693 1021015771 4285245346
377.590041 210032780 9069698 1020257801 4285245210
377.596822 210039291 9069715 1019503038 4285244875
377.603607 210045806 9069726 1018740616 4285244536
377.610374 210052299 9069744 1017980349 4285244144
377.617153 210058808 9069750 1017250286 4285244016
377.624209 210065582 9069779 1016473859 4285243862
377.631063 210072164 9069845 1015714690 4285243444
377.637853 210078681 9069921 1014963753 4285243014
377.644673 210085228 9070049 1014201165 4285242635
377.651443 210091727 9070246 1013469338 4285242451
377.658217 210098231 9070487 1012721177 4285242294
377.664998 210104762 9070804 1011954377 4285241901
377.671810 210111280 9071235 1011183636 4285241517
377.678590 210117789 9071827 1010411057 4285241128
377.685363 210124290 9072931 1009659118 4285240973
377.694048 210132628 9074388 1008673751 4285240756
377.700853 210139162 9075285 1007900725 4285240366
377.707631 210145667 9076065 1007131805 4285239975
377.714400 210152167 9076755 1006377359 4285239656
377.721170 210158664 9077332 1005640822 4285239580
377.727942 210165167 9077810 1004876176 4285239214
377.734760 210171711 9078252 1004107057 4285238762
377.741536 210178217 9078600 1003349022 4285238320
377.748306 210184715 9078806 1002609004 4285238092
377.755064 210191204 9078938 1001871909 4285237957
377.761840 210197709 9079164 1001121938 4285237412
377.768706 210204300 9079378 1000360966 4285236860
377.776530 210211812 9079528 999493025 4285236296
377.784152 210219127 9079558 998667158 4285236149
377.790926 210225630 9079578 997917952 4285236001
377.797715 210232150 9079619 997168330 4285235635
377.804484 210238645 9079681 996426734 4285235233
377.811261 210245151 9079723 995683627 4285234867
377.818534 210252134 9079734 994902973 4285234744
377.825310 210258639 9079740 994156842 4285234608
377.832073 210265132 9079753 993408509 4285234217
377.839134 210271910 9079766 992629590 4285233803
377.845915 210278421 9079785 991897201 4285233609
377.854275 210286446 9079798 990975744 4285233455
377.861079 210292978 9079843 990215808 4285233092
377.867865 210299493 9079938 989456499 4285232731
377.874651 210306008 9080068 988696643 4285232342
377.882049 210313111 9080301 987905109 4285232127
377.888826 210319615 9080575 987120124 4285231930
377.895602 210326120 9080911 986296541 4285231548
377.902385 210332631 9081406 985473640 4285231151
377.909273 210339243 9081965 984638514 4285230761
377.916776 210346447 9083150 983764056 4285230630
377.923545 210352944 9084494 982985908 4285230409
377.930319 210359449 9085312 982239566 4285229908
377.937720 210366554 9086172 981432123 4285229378
377.944493 210373054 9086787 980692642 4285228863
377.951316 210379606 9087397 979912722 4285228744
377.958076 210386096 9087875 979111532 4285228519
377.964868 210392615 9088352 978296797 4285228064
377.971656 210399131 9088732 977486159 4285227614
377.978433 210405638 9089054 976674309 4285227156
377.985246 210412177 9089186 975894252 4285227028
377.992041 210418702 9089321 975108224 4285226802
377.998813 210425202 9089451 974303204 4285226397
378.005589 210431707 9089542 973502767 4285226024
378.012358 210438206 9089594 972711820 4285225703
378.019123 210444699 9089621 971952238 4285225618
378.027058 210452320 9089668 971111351 4285225365
378.033833 210458823 9089714 970401192 4285225012
378.040605 210465322 9089759 969698307 4285224675
378.047473 210471916 9089796 968988156 4285224330
378.054252 210478426 9089802 968234520 4285224268
378.061059 210484959 9089803 967453652 4285224093
378.067839 210491469 9089812 966662286 4285223774
378.074636 210497992 9089820 965863174 4285223489
378.081406 210504490 9089831 965090361 4285223315
378.088170 210510985 9089856 964314093 4285223234
378.094946 210517490 9089913 963521513 4285222909
378.101741 210524016 9090021 962731022 4285222558
378.108522 210530526 9090136 961941370 4285222198
378.115295 210537026 9090346 961173564 4285222039
378.122815 210544246 9090724 960325363 4285221932
378.129596 210550755 9091145 959531095 4285221544
378.136372 210557259 9091683 958738667 4285221168
378.143133 210563748 9092361 957946628 4285220763
378.149909 210570255 9093423 957183150 4285220614
378.156680 210576756 9094758 956430200 4285220524
378.163449 210583254 9095596 955649801 4285220139
378.170222 210589756 9096353 954870885 4285219763
378.176997 210596284 9096944 954100932 4285219488
378.183892 210602879 9097441 953333845 4285219437
378.190670 210609386 9097818 952562520 4285219114
378.198124 210616541 9098196 951712510 4285218691
378.204895 210623040 9098494 950938324 4285218303
378.211669 210629544 9098765 950170798 4285217864
378.218439 210636044 9098970 949421940 4285217646
378.225203 210642537 9099093 948658046 4285217457
378.231972 210649034 9099215 947889631 4285216955
378.238747 210655539 9099303 947118083 4285216546
378.245530 210662052 9099361 946344043 4285216154
378.252307 210668558 9099378 945600545 4285216089
378.259084 210675064 9099415 944834128 4285215884
378.265877 210681584 9099460 944055952 4285215547
378.272650 210688086 9099511 943288647 4285215214
378.279422 210694586 9099526 942527076 4285214974
378.286197 210701092 9099528 941783240 4285214922
378.292980 210707606 9099531 941022506 4285214681
378.300052 210714392 9099539 940219804 4285214344
378.306819 210720888 9099548 939450597 4285214028
378.313599 210727398 9099559 938689804 4285213780
378.320491 210734013 9099580 937923493 4285213722
378.327263 210740515 9099637 937144088 4285213446
378.334508 210747471 9099734 936306142 4285213080
378.343143 210755761 9099942 935303592 4285212613
378.349922 210762268 9100247 934535596 4285212433
378.356708 210768782 9100683 933765545 4285212351
378.363481 210775284 9101137 932972609 4285211980
378.370248 210781780 9101704 932182954 4285211621
378.377676 210788911 9102544 931307703 4285211240
378.384954 210795898 9104137 930498627 4285211183
378.391719 210802392 9105003 929713343 4285210979
378.398502 210808903 9105759 928915229 4285210609
378.405281 210815411 9106359 928123762 4285210274
378.412559 210822400 9106966 927290272 4285210003
378.419335 210828905 9107413 926539194 4285209955
378.426110 210835410 9107825 925756573 4285209589
378.433555 210842554 9108225 924897907 4285209125
378.441053 210849753 9108556 924032070 4285208643
378.447827 210856255 9108723 923270167 4285208408
378.454610 210862769 9108808 922505910 4285208309
378.461498 210869379 9108936 921717641 4285207803
378.468307 210875915 9109020 920947494 4285207400
378.475084 210882423 9109069 920179327 4285207064
378.481884 210888950 9109101 919426586 4285206864
378.488653 210895448 9109116 918668386 4285206809
378.495445 210901970 9109169 917898106 4285206476
378.502256 210908508 9109217 917132517 4285206148
378.509046 210915026 9109240 916371343 4285205849
378.515828 210921538 9109252 915627809 4285205661
378.522604 210928042 9109256 914875457 4285205615
378.531086 210936184 9109263 913915433 4285205203
378.537853 210942681 9109275 913145231 4285204887
378.544642 210949199 9109299 912371277 4285204546
378.552176 210956430 9109338 911545423 4285204412
378.558953 210962936 9109394 910791675 4285204259
378.565728 210969443 9109539 910026296 4285203905
378.572506 210975948 9109720 909261550 4285203503
378.579277 210982449 9110032 908512211 4285203215
378.586097 210988999 9110495 907761702 4285203129
378.592873 210995501 9110934 906989673 4285202710
378.599803 211002154 9111525 906204214 4285202280
378.607572 211009611 9112467 905324572 4285201811
378.614376 211016142 9113924 904570586 4285201616
378.621633 211023113 9114931 903758995 4285201514
378.628403 211029609 9115732 902988350 4285201135
378.635167 211036103 9116417 902227684 4285200736
378.641939 211042603 9116981 901463852 4285200342
378.648717 211049109 9117458 900716256 4285200144
378.655487 211055610 9117745 899971594 4285200036
378.662906 211062731 9118110 899134931 4285199543
378.669676 211069230 9118389 898374353 4285199055
378.676460 211075744 9118616 897611313 4285198578
378.684057 211083039 9118741 896786745 4285198334
378.690838 211089547 9118824 896037747 4285198109
378.697613 211096050 9118916 895282396 4285197688
378.704392 211102559 9118980 894528471 4285197270
378.711167 211109063 9119017 893773362 4285196925
378.719079 211116696 9119038 892905944 4285196787
378.725905 211123212 9119077 892153057 4285196617
378.732710 211129744 9119131 891397295 4285196252
378.739582 211136342 9119170 890628818 4285195901
378.746355 211142844 9119180 889886273 4285195715
378.753205 211149419 9119184 889121387 4285195662
378.760052 211155992 9119187 888350068 4285195321
378.768083 211163703 9119212 887445858 4285194890
378.774857 211170204 9119250 886684646 4285194535
378.781633 211176711 9119299 885941113 4285194257
378.788400 211183206 9119338 885198528 4285194189
378.795165 211189700 9119442 884425479 4285193860
378.801933 211196198 9119625 883658637 4285193447
378.808703 211202697 9119883 882886085 4285193041
378.815465 211209187 9120299 882143758 4285192821
378.822240 211215694 9120823 881405500 4285192693
378.829826 211222975 9121505 880547336 4285192237
378.836604 211229483 9122273 879776376 4285191843
378.843388 211235996 9123686 879015836 4285191576
378.851668 211243945 9124907 878097981 4285191502
378.858457 211250462 9125727 877326699 4285191093
378.865224 211256957 9126385 876563209 4285190693
378.874056 211265438 9127140 875563486 4285190135
378.880951 211272056 9127573 874800502 4285189776
378.889084 211279864 9127890 873907457 4285189675
378.895858 211286366 9128167 873141604 4285189238
378.902638 211292875 9128399 872378624 4285188763
378.910048 211299991 9128614 871552680 4285188194
378.918476 211308079 9128755 870635939 4285187870
378.926073 211315372 9128819 869790568 4285187630
378.932839 211321868 9128899 869039489 4285187225
378.941142 211329838 9128962 868122728 4285186767
378.947935 211336360 9128991 867392617 4285186595
378.954715 211342868 9129012 866648749 4285186496
378.961488 211349371 9129069 865885869 4285186141
378.968265 211355877 9129098 865120954 4285185805
378.975056 211362396 9129105 864351663 4285185470
378.981846 211368917 9129107 863596985 4285185332
378.988617 211375415 9129110 862841450 4285185261
378.997525 211383966 9129142 861814579 4285184777
379.005559 211391679 9129173 860884666 4285184371
379.012818 211398648 9129220 860050573 4285184053
379.019586 211405144 9129274 859286555 4285183994
379.026453 211411738 9129396 858487585 4285183655
379.033251 211418264 9129588 857697269 4285183253
379.040086 211424825 9129869 856903875 4285182871
379.046853 211431321 9130299 856121330 4285182564
379.053633 211437830 9130977 855359269 4285182515
379.061066 211444966 9131700 854492501 4285182218
379.067836 211451464 9132477 853699598 4285181865
379.074603 211457961 9133624 852912472 4285181492
379.081378 211464468 9134611 852137632 4285181213
379.090045 211472786 9135620 851173919 4285181149
379.096854 211479322 9136284 850388930 4285180778
379.103645 211485842 9136812 849604573 4285180437
379.110411 211492337 9137280 848819019 4285180083
379.117186 211498843 9137657 848059723 4285179841
379.124691 211506046 9137864 847213068 4285179753
379.131470 211512554 9138139 846434910 4285179323
379.138240 211519053 9138327 845658994 4285178867
379.146142 211526641 9138483 844760230 4285178429
379.152923 211533150 9138514 843997307 4285178371
379.159706 211539660 9138571 843211400 4285178043
379.166571 211546252 9138613 842427465 4285177677
379.173340 211552749 9138641 841650650 4285177309
379.180122 211559261 9138665 840884831 4285177068
379.187837 211566667 9138680 840025192 4285177009
379.194615 211573174 9138713 839239814 4285176701
379.201387 211579676 9138726 838454341 4285176388
379.208151 211586168 9138741 837667575 4285176064
379.214916 211592661 9138747 836902714 4285175864
379.223058 211600477 9138761 835985331 4285175765
379.229832 211606983 9138786 835191678 4285175390
379.236597 211613475 9138807 834395163 4285175045
379.243363 211619978 9138847 833602681 4285174719
379.250133 211626469 9138917 832835011 4285174543
379.258094 211634114 9139048 831936165 4285174380
379.264960 211640704 9139231 831135342 4285174010
379.271761 211647233 9139532 830341068 4285173656
379.278635 211653832 9140079 829555496 4285173387
379.285870 211660777 9140890 828738441 4285173348
379.293338 211667947 9141575 827854334 4285172956
379.301099 211675397 9142769 826942824 4285172561
379.307971 211681995 9143794 826133542 4285172226
379.314748 211688502 9144738 825357080 4285171993
379.321522 211695003 9145591 824602771 4285171948
379.328285 211701496 9146161 823814627 4285171655
379.335064 211708006 9146613 823026908 4285171324
379.341844 211714513 9147082 822237264 4285170962
379.348606 211721004 9147421 821468921 4285170763
379.355375 211727503 9147603 820718404 4285170657
379.362140 211733996 9147892 819935268 4285170210
379.368894 211740480 9148113 819149183 4285169746
379.375647 211746962 9148280 818363457 4285169308
379.382397 211753442 9148341 817594601 4285169094
379.389148 211759923 9148397 816829246 4285168989
379.395898 211766402 9148463 816044852 4285168644
379.402648 211772883 9148501 815263355 4285168290
379.409531 211779491 9148551 814461938 4285167956
379.416282 211785972 9148584 813695745 4285167769
379.423043 211792462 9148594 812924514 4285167710
379.429793 211798942 9148622 812140357 4285167380
379.436544 211805423 9148631 811357696 4285167056
379.443654 211812249 9148635 810541301 4285166723
379.450406 211818731 9148642 809784064 4285166541
379.457158 211825212 9148645 809027120 4285166489
379.463911 211831695 9148664 808250238 4285166129
379.470661 211838175 9148704 807463611 4285165817
379.477784 211845014 9148784 806636392 4285165429
379.484535 211851494 9148904 805874136 4285165250
379.491285 211857975 9149026 805112811 4285165195
379.498034 211864453 9149273 804330862 4285164843
379.504784 211870934 9149625 803547908 4285164460
379.511913 211877778 9150179 802725284 4285164143
379.518664 211884259 9151033 801967776 4285164082
379.525415 211890739 9151850 801181969 4285163841
379.532165 211897219 9153027 800392264 4285163501
379.538915 211903699 9153993 799611157 4285163139
379.546068 211910566 9154978 798795693 4285162803
379.552819 211917047 9155764 798047938 4285162742
379.559570 211923529 9156312 797269952 4285162489
379.566319 211930007 9156801 796490379 4285162135
379.573029 211936449 9157209 795714088 4285161742
379.580205 211943338 9157594 794898407 4285161375
379.586957 211949819 9157743 794147807 4285161301
379.593709 211956302 9157966 793377548 4285160966
379.600459 211962782 9158163 792609089 4285160466
379.607212 211969265 9158325 791838797 4285159980
379.614331 211976099 9158431 791043306 4285159542
379.621082 211982580 9158456 790306222 4285159456
379.627834 211989062 9158502 789554971 4285159211
379.634584 211995541 9158542 788806476 4285158815
379.641333 212002021 9158598 788059337 4285158431
379.648463 212008866 9158652 787276518 4285158093
379.655215 212015348 9158667 786543966 4285158039
379.661969 212021831 9158687 785793926 4285157799
379.668720 212028312 9158699 785042898 4285157446
379.675470 212034792 9158703 784288464 4285157116
379.682524 212041564 9158711 783522424 4285156989
379.689280 212048050 9158722 782765070 4285156833
379.696039 212054539 9158740 782001993 4285156477
379.702789 212061018 9158806 781236088 4285156103
379.709538 212067498 9158914 780469792 4285155698
379.716669 212074343 9159027 779688391 4285155556
379.723423 212080828 9159208 778929372 4285155418
379.730175 212087309 9159502 778160913 4285155033
379.736926 212093790 9159891 777396247 4285154619
379.743676 212100270 9160333 776626759 4285154217
379.750792 212107101 9161315 775854142 4285154058
379.757548 212113587 9162168 775102455 4285153914
379.764298 212120068 9163410 774331599 4285153521
379.771032 212126532 9164222 773566627 4285153121
379.777782 212133012 9164987 772800976 4285152741
379.784927 212139871 9165824 772019296 4285152600
379.791682 212146356 9166331 771256977 4285152448
379.798433 212152837 9166820 770485191 4285152050
379.805183 212159317 9167238 769717431 4285151643
379.811933 212165797 9167597 768952660 4285151198
379.819059 212172637 9167806 768174276 4285151000
379.825814 212179122 9167943 767412672 4285150819
379.832564 212185603 9168128 766653886 4285150344
379.839313 212192082 9168307 765892159 4285149825
379.846029 212198529 9168410 765139308 4285149419
379.853274 212205484 9168450 764356458 4285149332
379.860033 212211973 9168477 763592237 4285149101
379.866786 212218456 9168509 762807489 4285148847
379.873536 212224936 9168575 762033751 4285148495
379.880286 212231416 9168605 761274365 4285148274
379.887401 212238246 9168611 760490698 4285148214
379.894151 212244726 9168622 759714220 4285147897
379.900903 212251209 9168636 758939930 4285147540
379.907653 212257688 9168648 758167190 4285147216
379.914403 212264168 9168663 757404391 4285146987
379.921531 212271011 9168669 756605213 4285146940
379.928283 212277493 9168703 755829165 4285146607
379.935040 212283980 9168758 755060924 4285146271
379.941790 212290459 9168843 754297174 4285145893
379.948540 212296940 9168984 753551099 4285145601
379.955660 212303775 9169202 752766638 4285145533
379.962412 212310257 9169485 751991763 4285145171
379.969163 212316738 9169909 751221462 4285144797
379.975915 212323219 9170410 750451549 4285144412
379.982664 212329699 9171317 749703610 4285144130
379.989793 212336543 9172537 748931440 4285144070
379.996545 212343024 9173517 748159029 4285143658
380.003295 212349505 9174353 747392324 4285143160
380.010033 212355973 9175109 746628410 4285142747
380.016783 212362453 9175786 745878276 4285142469
380.023924 212369308 9176358 745094593 4285142418
380.030676 212375790 9176764 744312297 4285142066
380.037427 212382271 9177149 743531046 4285141690
380.044177 212388751 9177483 742753175 4285141277
380.050927 212395231 9177639 742001759 4285141178
380.058071 212402089 9177780 741181665 4285140908
380.064823 212408571 9177951 740408309 4285140462
380.071574 212415052 9178089 739634538 4285140004
380.078323 212421531 9178186 738871101 4285139606
380.085029 212427969 9178221 738141956 4285139536
380.092202 212434856 9178242 737327641 4285139325
380.098954 212441337 9178289 736560580 4285138963
380.105706 212447819 9178345 735792020 4285138645
380.112457 212454300 9178388 735021546 4285138350
380.119208 212460781 9178393 734282914 4285138308
380.126329 212467617 9178406 733482172 4285138099
380.133079 212474097 9178417 732715474 4285137765
380.139831 212480579 9178427 731951502 4285137425
380.146581 212487059 9178439 731184776 4285137070
380.153330 212493539 9178463 730439492 4285136978
380.160466 212500388 9178512 729630294 4285136731
380.167218 212506870 9178578 728852038 4285136383
380.173969 212513351 9178674 728069145 4285136067
380.180717 212519830 9178813 727287007 4285135723
380.187467 212526310 9179065 726530181 4285135658
380.194604 212533161 9179371 725698369 4285135442
380.201356 212539643 9179767 724913785 4285135043
380.208105 212546122 9180294 724127666 4285134692
380.214855 212552602 9181292 723372693 4285134529
380.221605 212559082 9182496 722619277 4285134441
380.228717 212565910 9183582 721780812 4285134060
380.235468 212572391 9184456 720986456 4285133684
380.242218 212578871 9185165 720192347 4285133324
380.248969 212585351 9185838 719424027 4285133166
380.255720 212591832 9186306 718664223 4285133082
380.262855 212598682 9186821 717827730 4285132666
380.269607 212605164 9187254 717035225 4285132265
380.276357 212611644 9187625 716247995 4285131825
380.283106 212618123 9187839 715483748 4285131600
380.289856 212624603 9187935 714713743 4285131475
380.296982 212631444 9188133 713891754 4285130983
380.303734 212637926 9188265 713109163 4285130556
380.310484 212644406 9188340 712325732 4285130195
380.317232 212650884 9188372 711568212 4285130017
380.323983 212657366 9188385 710804931 4285129922
380.331128 212664224 9188430 709981359 4285129578
380.337880 212670706 9188474 709207762 4285129257
380.344632 212677189 9188509 708429666 4285128958
380.351382 212683668 9188517 707672147 4285128814
380.358140 212690156 9188522 706922886 4285128737
380.365274 212697006 9188539 706112956 4285128350
380.372032 212703492 9188549 705348930 4285128017
380.378784 212709975 9188562 704587783 4285127674
380.385535 212716455 9188568 703846830 4285127606
380.392285 212722936 9188596 703095454 4285127428
380.399401 212729767 9188666 702299353 4285127041
380.406151 212736246 9188781 701540352 4285126652
380.412904 212742729 9188963 700790279 4285126347
380.419654 212749209 9189275 700050946 4285126276
380.426405 212755690 9189601 699281222 4285125954
380.433526 212762527 9190048 698474234 4285125489
380.440278 212769008 9190599 697709569 4285125095
380.447039 212775499 9191391 696950761 4285124794
380.453790 212781980 9192766 696216206 4285124734
380.460541 212788461 9193653 695447238 4285124404
380.467654 212795289 9194482 694634301 4285123976
380.474405 212801770 9195172 693870806 4285123536
380.481155 212808250 9195783 693119330 4285123211
380.487924 212814751 9196224 692384152 4285123126
380.494707 212821263 9196623 691625523 4285122791
380.501480 212827764 9196981 690865301 4285122340
380.510628 212836547 9197417 689837010 4285121696
380.517399 212843047 9197595 689090672 4285121436
380.524165 212849541 9197680 688343948 4285121318
380.530976 212856082 9197865 687582203 4285120810
380.537917 212862745 9198011 686806710 4285120341
380.544705 212869260 9198075 686057327 4285120037
380.551956 212876221 9198106 685261864 4285119842
380.558739 212882735 9198145 684498836 4285119539
380.565514 212889238 9198198 683740585 4285119193
380.572281 212895735 9198251 682989149 4285118857
380.580081 212903223 9198279 682134165 4285118585
380.586862 212909731 9198286 681404410 4285118516
380.593631 212916230 9198311 680647522 4285118146
380.600399 212922726 9198326 679899047 4285117757
380.607160 212929217 9198351 679149095 4285117381
380.613958 212935743 9198368 678405951 4285117077
380.620734 212942249 9198387 677674540 4285116998
380.627516 212948760 9198441 676915956 4285116661
380.634302 212955274 9198537 676155487 4285116262
380.641053 212961755 9198688 675399743 4285115844
380.647832 212968262 9198932 674648626 4285115496
380.654652 212974810 9199312 673897313 4285115450
380.661423 212981309 9199676 673130173 4285115126
380.668192 212987807 9200149 672362525 4285114680
380.675078 212994419 9200830 671572549 4285114305
380.681852 213000921 9201890 670819804 4285114119
380.688623 213007421 9203150 670064471 4285114039
380.695442 213013967 9203949 669280338 4285113654
380.702777 213021009 9204801 668450434 4285113233
380.711034 213028936 9205518 667516606 4285112747
380.717802 213035433 9205996 666773192 4285112530
380.724576 213041937 9206329 666030714 4285112394
380.731349 213048439 9206696 665270278 4285111940
380.738126 213054944 9207068 664508090 4285111436
380.744896 213061444 9207350 663762654 4285111017
380.751667 213067943 9207441 663031750 4285110918
380.758441 213074448 9207585 662234748 4285110523
380.765212 213080947 9207730 661418588 4285110063
380.772043 213087506 9207809 660597840 4285109673
380.779996 213095159 9207882 659654860 4285109338
380.786788 213101660 9207892 658928821 4285109277
380.793577 213108178 9207934 658206611 4285108970
380.800348 213114677 9207971 657444989 4285108650
380.807124 213121183 9207988 656649834 4285108360
380.814056 213127837 9207997 655850774 4285108139
380.821962 213135429 9207999 654953608 4285108092
380.828737 213141931 9208005 654154551 4285107821
380.835515 213148438 9208011 653358413 4285107520
380.842320 213154970 9208033 652565097 4285107189
380.849073 213161454 9208055 651798420 4285107001
380.856115 213168214 9208097 651001039 4285106939
380.862905 213174733 9208179 650200919 4285106633
380.869739 213181296 9208338 649393007 4285106290
380.877051 213188314 9208565 648531299 4285105876
380.883841 213194832 9208920 647757563 4285105673
380.890613 213201332 9209395 646995236 4285105613
380.897395 213207843 9209882 646191106 4285105263
380.904165 213214341 9210521 645389860 4285104932
380.911553 213221435 9211621 644525870 4285104631
380.918318 213227928 9212948 643753975 4285104600
380.925058 213234399 9213789 642954099 4285104333
380.931833 213240904 9214581 642145499 4285103975
380.938604 213247413 9215186 641341299 4285103591
380.945559 213254080 9215782 640523948 4285103287
380.954050 213262233 9216279 639554469 4285103180
380.960825 213268736 9216638 638752222 4285102796
380.968067 213275688 9217047 637903149 4285102361
380.974833 213282184 9217351 637120205 4285101925
380.981614 213288694 9217534 636358669 4285101646
380.988921 213295708 9217607 635531854 4285101556
380.995702 213302218 9217780 634757134 4285101064
381.002472 213308717 9217864 633981434 4285100667
381.010184 213316122 9217916 633106498 4285100250
381.016961 213322627 9217944 632359247 4285100077
381.023754 213329149 9217962 631616310 4285099961
381.030526 213335649 9218016 630868883 4285099600
381.037322 213342173 9218047 630112481 4285099278
381.044084 213348664 9218075 629360590 4285098915
381.050881 213355190 9218090 628614750 4285098738
381.057654 213361692 9218096 627872608 4285098663
381.064424 213368191 9218104 627125428 4285098320
381.071221 213374716 9218119 626370658 4285097961
381.078020 213382215 9218155 625501303 4285097534
381.086198 213389095 9218200 624725111 4285097447
381.093077 213395698 9218277 623947929 4285097194
381.099859 213402208 9218405 623183702 4285096813
381.107823 213409856 9218637 622287764 4285096320
381.114597 213416356 9219023 621537789 4285096125
381.121373 213422862 9219486 620788743 4285096040
381.128137 213429356 9220004 620012943 4285095648
381.134918 213435865 9220666 619229688 4285095266
381.141877 213442546 9221752 618426190 4285094896
381.148642 213449039 9223014 617666595 4285094726
381.155403 213455530 9223983 616917052 4285094662
381.163053 213462876 9224837 616035382 4285094255
381.169825 213469376 9225482 615247593 4285093889
381.176598 213475878 9225985 614461148 4285093520
381.184919 213483869 9226466 613518744 4285093346
381.191704 213490379 9226751 612743439 4285093166
381.198469 213496873 9227115 611963066 4285092698
381.205228 213503362 9227403 611191241 4285092231
381.211997 213509893 9227627 610413727 4285091670
381.218986 213516570 9227722 609644262 4285091499
381.225767 213523080 9227795 608871622 4285091291
381.232655 213529695 9227864 608077787 4285090889
381.240264 213536998 9227917 607200921 4285090509
381.247048 213543509 9227936 606431767 4285090361
381.253814 213550005 9227951 605667564 4285090289
381.260775 213556687 9227993 604863751 4285089958
381.267546 213563188 9228027 604083174 4285089655
381.274962 213570309 9228040 603222831 4285089315
381.281738 213576812 9228045 602458099 4285089188
381.288516 213583319 9228054 601701789 4285089090
381.295282 213589813 9228062 600933429 4285088763
381.302102 213596362 9228081 600155055 4285088435
381.308878 213602866 9228108 599380475 4285088080
381.317072 213610733 9228154 598458910 4285087928
381.323874 213617264 9228224 597677558 4285087779
381.330663 213623782 9228376 596882353 4285087444
381.338064 213630885 9228606 596017142 4285087049
381.344837 213637389 9228912 595217930 4285086714
381.351613 213643892 9229467 594451053 4285086628
381.358400 213650408 9230098 593668423 4285086451
381.365289 213657021 9230718 592853039 4285086069
381.372501 213663945 9231810 592002691 4285085690
381.380880 213671988 9233215 591042684 4285085394
381.387658 213678496 9234088 590275397 4285085348
381.394431 213684998 9234837 589477684 4285084983
381.402056 213692318 9235543 588578591 4285084570
381.408830 213698821 9236065 587786385 4285084189
381.415610 213705330 9236425 587024833 4285084097
381.422382 213711831 9236677 586278793 4285083847
381.429158 213718337 9236979 585576071 4285083313
381.436585 213725465 9237261 584801639 4285082780
381.443357 213731967 9237489 584097958 4285082292
381.450183 213738520 9237568 583341737 4285082187
381.457689 213745727 9237645 582471768 4285081915
381.464462 213752227 9237702 581681834 4285081580
381.471591 213759072 9237749 580847147 4285081222
381.479031 213766214 9237796 579983024 4285080924
381.485803 213772716 9237806 579212205 4285080879
381.492580 213779220 9237841 578423639 4285080615
381.499345 213785715 9237859 577634943 4285080319
381.506122 213792221 9237871 576849084 4285080014
381.513033 213798857 9237878 576055011 4285079748
381.519806 213805358 9237880 575303152 4285079695
381.526663 213811940 9237893 574500213 4285079440
381.533432 213818438 9237909 573696906 4285079137
381.540220 213824955 9237941 572894280 4285078791
381.547130 213831587 9238005 572088105 4285078483
381.553894 213838082 9238072 571325279 4285078407
381.560663 213844582 9238198 570541718 4285078171
381.567436 213851083 9238389 569755553 4285077812
381.574416 213857785 9238668 568936170 4285077457
381.582227 213865282 9239201 568035133 4285077148
381.589027 213871812 9240054 567272912 4285077101
381.595803 213878317 9240694 566487175 4285076818
381.602764 213884999 9241865 565671154 4285076463
381.609540 213891502 9242883 564872976 4285076138
381.616318 213898010 9243919 564108222 4285076074
381.623092 213904514 9244729 563324890 4285075919
381.629864 213911015 9245379 562532617 4285075545
381.637086 213917948 9245951 561690259 4285075164
381.645075 213925616 9246471 560764202 4285074771
381.651936 213932205 9246679 559995819 4285074720
381.658719 213938718 9246952 559209229 4285074421
381.665498 213945224 9247259 558423743 4285073971
381.672280 213951735 9247481 557641813 4285073508
381.679075 213958256 9247636 556870180 4285073110
381.685857 213964768 9247684 556123268 4285073027
381.693068 213971689 9247731 555303886 4285072747
381.699829 213978180 9247787 554537012 4285072347
381.706606 213984694 9247830 553760343 4285071973
381.713671 213991468 9247880 552970947 4285071638
381.720456 213997981 9247885 552218447 4285071594
381.727221 214004476 9247906 551436417 4285071366
381.733983 214010968 9247926 550650667 4285071036
381.740802 214017514 9247931 549856289 4285070729
381.747592 214024034 9247936 549074347 4285070482
381.754367 214030535 9247941 548310255 4285070447
381.761135 214037034 9247950 547521947 4285070228
381.767910 214043538 9247974 546731714 4285069911
381.774691 214050048 9248021 545944760 4285069585
381.781482 214056567 9248089 545160292 4285069274
381.788349 214063161 9248199 544389138 4285069207
381.795266 214069802 9248358 543580798 4285068958
381.802099 214076359 9248630 542779313 4285068586
381.808885 214082875 9248952 541988154 4285068202
381.815653 214089371 9249697 541237155 4285068075
381.822477 214095924 9250496 540464175 4285067943
381.830915 214104024 9251561 539460774 4285067508
381.837686 214110523 9252663 538658494 4285067152
381.844461 214117028 9253456 537858920 4285066801
381.851230 214123525 9254352 537105200 4285066759
381.858048 214130072 9254996 536330176 4285066568
381.864816 214136567 9255520 535539401 4285066212
381.871678 214143155 9255991 534735672 4285065804
381.878450 214149657 9256340 533943022 4285065399
381.885309 214156242 9256595 533169027 4285065302
381.892060 214162722 9256792 532389459 4285065091
381.898829 214169220 9256967 531601001 4285064682
381.905988 214176093 9257160 530762757 4285064167
381.912761 214182595 9257320 529970963 4285063699
381.919532 214189095 9257368 529208720 4285063607
381.926382 214195671 9257400 528415362 4285063417
381.933153 214202173 9257436 527631689 4285063090
381.940602 214209321 9257484 526776164 4285062726
381.947378 214215828 9257536 526004192 4285062400
381.954148 214222326 9257542 525260657 4285062355
381.960928 214228837 9257551 524485939 4285062182
381.967708 214235345 9257556 523709390 4285061889
381.974480 214241845 9257563 522933986 4285061560
381.983801 214250795 9257576 521893351 4285061379
381.990568 214257289 9257589 521111660 4285061213
381.997345 214263797 9257608 520309877 4285060915
382.005136 214271277 9257649 519393245 4285060531
382.011909 214277776 9257724 518601518 4285060225
382.018736 214284332 9257828 517830788 4285060168
382.025510 214290834 9257999 517040667 4285059945
382.032278 214297331 9258251 516238862 4285059582
382.039505 214304270 9258612 515385012 4285059209
382.046585 214311067 9259245 514560609 4285058894
382.053356 214317566 9260217 513789436 4285058854
382.060150 214324088 9261202 512991257 4285058612
382.067103 214330763 9262430 512168859 4285058268
382.073884 214337273 9263303 511368131 4285057915
382.081049 214344151 9264173 510545510 4285057716
382.087823 214350655 9264851 509776253 4285057644
382.094592 214357152 9265379 508978676 4285057244
382.101845 214364114 9265857 508127738 4285056794
382.108620 214370621 9266198 507345436 4285056383
382.116339 214378029 9266430 506494352 4285056282
382.123098 214384518 9266600 505721883 4285056015
382.129867 214391017 9266802 504937309 4285055532
382.136651 214397530 9266969 504151415 4285055077
382.143421 214404028 9267084 503364031 4285054625
382.150253 214410588 9267135 502591789 4285054431
382.157064 214417128 9267169 501826099 4285054299
382.163838 214423630 9267195 501057129 4285053941
382.170612 214430132 9267243 500286094 4285053573
382.177381 214436630 9267294 499520899 4285053234
382.184142 214443121 9267300 498776726 4285053194
382.191061 214449763 9267315 497993859 4285053008
382.197838 214456269 9267325 497232318 4285052680
382.205156 214463293 9267333 496408569 4285052304
382.212129 214469990 9267341 495633609 4285051973
382.218901 214476489 9267350 494898137 4285051917
382.226406 214483695 9267387 494051718 4285051619
382.233470 214490475 9267426 493254151 4285051245
382.240236 214496971 9267520 492492955 4285050869
382.247053 214503516 9267638 491735187 4285050553
382.253825 214510016 9267806 490990377 4285050493
382.260590 214516511 9268045 490217245 4285050224
382.267359 214523009 9268358 489434626 4285049843
382.274114 214529493 9268776 488647185 4285049487
382.280981 214536085 9269476 487858928 4285049183
382.287733 214542567 9270633 487105666 4285049152
382.294484 214549048 9271806 486323913 4285048909
382.301235 214555528 9272661 485538217 4285048565
382.307984 214562008 9273438 484757109 4285048150
382.315132 214568870 9274193 483937789 4285047812
382.321883 214575351 9274785 483189032 4285047769
382.328636 214581833 9275186 482410603 4285047502
382.335385 214588313 9275598 481629473 4285047123
382.342230 214594885 9275931 480838016 4285046729
382.349201 214601576 9276124 480056366 4285046561
382.355956 214608061 9276245 479278447 4285046393
382.362709 214614544 9276413 478492408 4285045954
382.369459 214621024 9276539 477704978 4285045516
382.376209 214627503 9276631 476922994 4285045095
382.383332 214634342 9276666 476132185 4285044961
382.390086 214640825 9276689 475358708 4285044829
382.396837 214647307 9276731 474566395 4285044541
382.403587 214653787 9276774 473778965 4285044230
382.410337 214660267 9276814 472994108 4285043925
382.417447 214667092 9276830 472203079 4285043814
382.424201 214673576 9276845 471450341 4285043650
382.430953 214680058 9276849 470694527 4285043336
382.437703 214686538 9276858 469944389 4285043017
382.444452 214693017 9276873 469189511 4285042653
382.451590 214699869 9276888 468412002 4285042524
382.458345 214706354 9276906 467658434 4285042374
382.465096 214712835 9276955 466897148 4285041999
382.471847 214719316 9277042 466135465 4285041632
382.478677 214725874 9277167 465370055 4285041266
382.485739 214732653 9277408 464598829 4285041118
382.492495 214739138 9277681 463838163 4285040954
382.499245 214745619 9278039 463071497 4285040543
382.505998 214752116 9278480 462303332 4285040164
382.512763 214758596 9279163 461544516 4285039760
382.519923 214765470 9280488 460775800 4285039705
382.526676 214771952 9281640 460007425 4285039452
382.533426 214778433 9282415 459235719 4285039073
382.540176 214784912 9283146 458464809 4285038702
382.546926 214791393 9283839 457711942 4285038466
382.554074 214798255 9284415 456938894 4285038402
382.560827 214804737 9284866 456179419 4285037983
382.567580 214811220 9285233 455426617 4285037494
382.574329 214817699 9285591 454677726 4285036948
382.581078 214824178 9285840 453940029 4285036603
382.588203 214831019 9285981 453167362 4285036466
382.594955 214837500 9286220 452405411 4285035971
382.601707 214843982 9286392 451645840 4285035431
382.608457 214850462 9286508 450892312 4285034958
382.615279 214857011 9286563 450144431 4285034680
382.622339 214863789 9286575 449365466 4285034610
382.629090 214870269 9286603 448604152 4285034301
382.635842 214876752 9286654 447843517 4285033961
382.642591 214883231 9286700 447084504 4285033634
382.649341 214889710 9286724 446337591 4285033429
382.656467 214896551 9286728 445543551 4285033395
382.663219 214903033 9286735 444771786 4285033082
382.669970 214909515 9286745 443997777 4285032743
382.676720 214915994 9286750 443223166 4285032439
382.683469 214922473 9286773 442465641 4285032208
382.690598 214929317 9286792 441670983 4285032164
382.697350 214935799 9286850 440884003 4285031842
382.704100 214942280 9286946 440098461 4285031502
382.710850 214948759 9287110 439307898 4285031139
382.717600 214955239 9287392 438558131 4285031073
382.724717 214962071 9287720 437754817 4285030864
382.731468 214968553 9288147 436965913 4285030482
382.738218 214975033 9288693 436179556 4285030131
382.744970 214981515 9289384 435393752 4285029760
382.751810 214988081 9290660 434633923 4285029716
382.758858 214994847 9291803 433829462 4285029509
382.765609 215001328 9292649 433046786 4285029154
382.772361 215007810 9293349 432262687 4285028807
382.779111 215014290 9293951 431481457 4285028457
382.785861 215020770 9294452 430727912 4285028401
382.792987 215027611 9294837 429911861 4285028176
382.799739 215034093 9295234 429132653 4285027763
382.806489 215040573 9295540 428353774 4285027341
382.813238 215047052 9295842 427580190 4285026862
382.819989 215053533 9295934 426833842 4285026768
382.827131 215060389 9296091 426015063 4285026453
382.833883 215066871 9296219 425242924 4285025964
382.840636 215073354 9296288 424468464 4285025607
382.847386 215079834 9296343 423703935 4285025233
382.854136 215086314 9296363 422970991 4285025161
382.861274 215093166 9296408 422170314 4285024919
382.868030 215099653 9296458 421413572 4285024567
382.874783 215106135 9296499 420655630 4285024217
382.881533 215112615 9296516 419914555 4285024071
382.888361 215119170 9296520 419154397 4285023993
382.895400 215125928 9296521 418354738 4285023686
382.902150 215132408 9296534 417583582 4285023333
382.908903 215138890 9296544 416806477 4285023007
382.915653 215145370 9296569 416050298 4285022863
382.922403 215151850 9296593 415291733 4285022765
382.929529 215158692 9296664 414483819 4285022378
382.936280 215165173 9296763 413713687 4285022011
382.943040 215171662 9296928 412942273 4285021645
382.949789 215178141 9297242 412195963 4285021451
382.956540 215184622 9297639 411438053 4285021362
382.963656 215191453 9298117 410622980 4285020961
382.970408 215197935 9298698 409850933 4285020553
382.977157 215204415 9299450 409073352 4285020181
382.983909 215210896 9300822 408326063 4285020024
382.990660 215217378 9301802 407580830 4285019922
382.997782 215224215 9302607 406763948 4285019513
383.004534 215230696 9303270 405995244 4285019114
383.011286 215237178 9303804 405232004 4285018712
383.018033 215243656 9304266 404492169 4285018482
383.024851 215250201 9304540 403749871 4285018358
383.031915 215256982 9304911 402957110 4285017865
383.038667 215263464 9305172 402203218 4285017397
383.045416 215269943 9305412 401451180 4285016910
383.052167 215276425 9305497 400718487 4285016779
383.058920 215282907 9305605 399972826 4285016495
383.066073 215289774 9305706 399185166 4285015997
383.072824 215296255 9305774 398433937 4285015602
383.079576 215302737 9305813 397688568 4285015313
383.086327 215309217 9305825 396951350 4285015252
383.093030 215315653 9305871 396198358 4285014955
383.100200 215322535 9305933 395394385 4285014586
383.106951 215329017 9305974 394633567 4285014239
383.113702 215335498 9305989 393881071 4285014009
383.120453 215341978 9305995 393141600 4285013971
383.127202 215348458 9306014 392373344 4285013673
383.134326 215355297 9306039 391558987 4285013233
383.141033 215361736 9306059 390795539 4285012900
383.147786 215368218 9306079 390038700 4285012644
383.154535 215374697 9306106 389302094 4285012579
383.161357 215381246 9306197 388545142 4285012300
383.168465 215388070 9306368 387749777 4285011852
383.175216 215394551 9306577 386990910 4285011413
383.181967 215401032 9306929 386241997 4285011087
383.188717 215407512 9307460 385509004 4285010990
383.195467 215413992 9308044 384756439 4285010676
383.202592 215420832 9308674 383956896 4285010224
383.209344 215427314 9309506 383197899 4285009791
383.216093 215433793 9310668 382450177 4285009438
383.222843 215440273 9311630 381714147 4285009373
383.229594 215446754 9312362 380950615 4285009058
383.236716 215453591 9313053 380151333 4285008609
383.243468 215460073 9313607 379390607 4285008190
383.250218 215466553 9314024 378653749 4285008093
383.256970 215473035 9314362 377903171 4285007871
383.263721 215479515 9314688 377137101 4285007405
383.270865 215486375 9314991 376330828 4285006879
383.277618 215492857 9315224 375572433 4285006386
383.284368 215499338 9315303 374834165 4285006278
383.291119 215505818 9315399 374093046 4285006043
383.297946 215512372 9315493 373333228 4285005575
383.304984 215519128 9315547 372545680 4285005206
383.311735 215525609 9315592 371795885 4285004815
383.318486 215532090 9315606 371061551 4285004730
383.325236 215538570 9315639 370315218 4285004559
383.331986 215545051 9315690 369559599 4285004190
383.339132 215551910 9315719 368758583 4285003828
383.345883 215558392 9315726 368001095 4285003527
383.352635 215564873 9315737 367255654 4285003451
383.359385 215571353 9315740 366499972 4285003301
383.366135 215577834 9315757 365745997 4285002934
383.373270 215584683 9315777 364949979 4285002579
383.380028 215591171 9315809 364190785 4285002234
383.386814 215597686 9315845 363446989 4285002125
383.393585 215604188 9315911 362689404 4285001942
383.400402 215610733 9316072 361915216 4285001567
383.407206 215617264 9316286 361149380 4285001171
383.413974 215623761 9316708 360411072 4285000973
383.420784 215630299 9317249 359664996 4285000922
383.428052 215637276 9317797 358845856 4285000505
383.434922 215643871 9318519 358062374 4285000062
383.441724 215650402 9319592 357289478 4284999650
383.448495 215656902 9320641 356539552 4284999462
383.455267 215663403 9321554 355786677 4284999392
383.462052 215669916 9322299 355008129 4284999017
383.469255 215676829 9322956 354185404 4284998577
383.476698 215683977 9323509 353334018 4284998122
383.483471 215690478 9323877 352580122 4284997936
383.490249 215696985 9324146 351813772 4284997799
383.497191 215703648 9324483 351023720 4284997352
383.503967 215710155 9324768 350246382 4284996930
383.510748 215716664 9325010 349473613 4284996444
383.518055 215723680 9325144 348669402 4284996222
383.524856 215730208 9325201 347900871 4284996034
383.531988 215737054 9325261 347093221 4284995636
383.538826 215743619 9325312 346318606 4284995272
383.545596 215750118 9325344 345555715 4284994920
383.552367 215756618 9325365 344819109 4284994820
383.559135 215763115 9325376 344067206 4284994682
383.565965 215769671 9325418 343306268 4284994303
383.572871 215776305 9325446 342534817 4284993950
383.579708 215782866 9325450 341775377 4284993659
383.586480 215789368 9325461 341048513 4284993561
383.593265 215795881 9325476 340297507 4284993306
383.600387 215802719 9325504 339505339 4284992894
383.608227 215810246 9325556 338633848 4284992430
383.615026 215816770 9325612 337891260 4284992210
383.621796 215823270 9325687 337140160 4284992137
383.628564 215829768 9325842 336382283 4284991750
383.635338 215836271 9326046 335623074 4284991366
383.642842 215843473 9326346 334774318 4284990891
383.650098 215850440 9326946 333980251 4284990706
383.656872 215856942 9327588 333217584 4284990573
383.663639 215863442 9328298 332446034 4284990178
383.670413 215869941 9329274 331671133 4284989787
383.677564 215876808 9330322 330854488 4284989356
383.684443 215883410 9331400 330104516 4284989215
383.691209 215889906 9332087 329344641 4284989063
383.698033 215896457 9332737 328567751 4284988645
383.705056 215903200 9333281 327766764 4284988195
383.711937 215909812 9333730 326982935 4284987759
383.718708 215916305 9334028 326246844 4284987621
383.725477 215922806 9334229 325487559 4284987449
383.732601 215929643 9334496 324681402 4284986889
383.740050 215936794 9334654 323838997 4284986330
383.746825 215943306 9334792 323078375 4284985776
383.753803 215949997 9334840 322315652 4284985635
383.760570 215956494 9334878 321569833 4284985455
383.767353 215963007 9334945 320822096 4284985051
383.774164 215969543 9334989 320065923 4284984662
383.780928 215976037 9335021 319331618 4284984432
383.787708 215982546 9335029 318579037 4284984370
383.794479 215989045 9335068 317818760 4284984067
383.801283 215995578 9335086 317055208 4284983759
383.808077 216002099 9335094 316300320 4284983425
383.814848 216008599 9335104 315564766 4284983210
383.821618 216015099 9335114 314817544 4284983162
383.828385 216021596 9335137 314056988 4284982816
383.835152 216028093 9335177 313296755 4284982462
383.841930 216034598 9335229 312537050 4284982102
383.850049 216042394 9335323 311642926 4284981842
383.856869 216048941 9335414 310893966 4284981746
383.863711 216055510 9335572 310108268 4284981363
383.870482 216062010 9335830 309330296 4284980957
383.877250 216068505 9336272 308562737 4284980671
383.884045 216075030 9336929 307799867 4284980622
383.890828 216081542 9337624 307008019 4284980314
383.899129 216089509 9338694 306026865 4284979870
383.905926 216096036 9339843 305225102 4284979509
383.912698 216102536 9340685 304424318 4284979154
383.919469 216109038 9341670 303662504 4284979044
383.926241 216115537 9342281 302882063 4284978896
383.933088 216122111 9342744 302082500 4284978507
383.939860 216128612 9343174 301297486 4284978095
383.946645 216135125 9343503 300528028 4284977796
383.953414 216141624 9343706 299764274 4284977724
383.960224 216148161 9343927 298972722 4284977271
383.967847 216155481 9344189 298089064 4284976693
383.974663 216162024 9344390 297309602 4284976180
383.981449 216168538 9344497 296546226 4284975897
383.988322 216175135 9344518 295768505 4284975832
383.995077 216181620 9344569 294985860 4284975451
384.001857 216188130 9344610 294197274 4284975089
384.008630 216194632 9344661 293411162 4284974744
384.015401 216201131 9344692 292652423 4284974553
384.022164 216207624 9344694 291896317 4284974519
384.028964 216214151 9344705 291104727 4284974234
384.035740 216220657 9344714 290319401 4284973936
384.042524 216227171 9344721 289532038 4284973617
384.049301 216233675 9344727 288764375 4284973429
384.056231 216240327 9344732 287978697 4284973377
384.064605 216248368 9344753 287015059 4284972964
384.071372 216254862 9344802 286235046 4284972583
384.078138 216261359 9344881 285456953 4284972223
384.085938 216268846 9344984 284588717 4284972157
384.092710 216275347 9345162 283809066 4284971909
384.099505 216281872 9345421 283021833 4284971557
384.106266 216288361 9345761 282241498 4284971147
384.113096 216294919 9346409 281475331 4284970890
384.120619 216302141 9347366 280627824 4284970833
384.128190 216309407 9348230 279737928 4284970405
384.134975 216315923 9349371 278939402 4284970073
384.141844 216322517 9350248 278134210 4284969657
384.149956 216330307 9351332 277228896 4284969480
384.156738 216336816 9351929 276471903 4284969312
384.163567 216343370 9352410 275699201 4284968868
384.170333 216349865 9352853 274931452 4284968421
384.177108 216356372 9353222 274159513 4284967951
384.183882 216362872 9353501 273423660 4284967760
384.190646 216369366 9353674 272670973 4284967504
384.197416 216375866 9353929 271913638 4284966922
384.204186 216382365 9354124 271161265 4284966307
384.210965 216388873 9354266 270407524 4284965743
384.217759 216395395 9354352 269670298 4284965516
384.224533 216401898 9354380 268917527 4284965382
384.231298 216408392 9354407 268165414 4284965046
384.238084 216414907 9354443 267408021 4284964709
384.244865 216421418 9354494 266656614 4284964363
384.251750 216428025 9354512 265916683 4284964202
384.258543 216434548 9354523 265163924 4284964080
384.265764 216441479 9354542 264362069 4284963733
384.272540 216447985 9354556 263607228 4284963371
384.279396 216454566 9354564 262856920 4284963027
384.286751 216461627 9354574 262068830 4284962914
384.295045 216469590 9354611 261157583 4284962525
384.301820 216476094 9354664 260411319 4284962105
384.308598 216482599 9354728 259657715 4284961726
384.315364 216489095 9354850 258920397 4284961546
384.322139 216495604 9355030 258168506 4284961424
384.328917 216502106 9355280 257353190 4284961101
384.335679 216508597 9355600 256535818 4284960781
384.342445 216515093 9356007 255716140 4284960473
384.349221 216521598 9356918 254912089 4284960326
384.356086 216528190 9357995 254101471 4284960228
384.363275 216535091 9359227 253279356 4284959818
384.370091 216541634 9360032 252499097 4284959425
384.377141 216548401 9360782 251699395 4284959002
384.384100 216555083 9361577 250937125 4284958854
384.391119 216561820 9362131 250150085 4284958706
384.397897 216568328 9362608 249382245 4284958289
384.404806 216574961 9362989 248597813 4284957879
384.411691 216581570 9363296 247822214 4284957442
384.419850 216589403 9363511 246931075 4284957255
384.427200 216596459 9363691 246104054 4284956929
384.433973 216602961 9363882 245337970 4284956456
384.440747 216609464 9364051 244564756 4284955982
384.447510 216615956 9364147 243788517 4284955581
384.454396 216622568 9364177 243052132 4284955534
384.463021 216630848 9364235 242071135 4284955211
384.469800 216637356 9364289 241283762 4284954864
384.476581 216643864 9364323 240496985 4284954546
384.483348 216650360 9364338 239728098 4284954477
384.490113 216656856 9364343 238949604 4284954349
384.497089 216663552 9364353 238135870 4284954016
384.504500 216670667 9364360 237265631 4284953671
384.512622 216678465 9364374 236319695 4284953344
384.519398 216684969 9364381 235546251 4284953295
384.526177 216691477 9364401 234749644 4284953052
384.532956 216697984 9364445 233949900 4284952704
384.539736 216704493 9364521 233152901 4284952347
384.546666 216711148 9364650 232349381 4284952060
384.553444 216717653 9364832 231585632 4284951995
384.560212 216724150 9365097 230798040 4284951716
384.566997 216730692 9365489 229993582 4284951325
384.573805 216737201 9365956 229193257 4284950954
384.581067 216744171 9366836 228355021 4284950666
384.587841 216750674 9367915 227595668 4284950624
384.594612 216757174 9368972 226819432 4284950362
384.602056 216764321 9369894 225954251 4284949961
384.608821 216770814 9370640 225172411 4284949607
384.615597 216777320 9371320 224418365 4284949525
384.623048 216784473 9371898 223566995 4284949322
384.629835 216790989 9372382 222776789 4284948944
384.636791 216797665 9372762 221962407 4284948532
384.643605 216804207 9373110 221162341 4284948116
384.650576 216810901 9373326 220366672 4284947901
384.657340 216817392 9373443 219588367 4284947746
384.664103 216823888 9373674 218803085 4284947259
384.670875 216830387 9373818 218018683 4284946849
384.677640 216836882 9373891 217234455 4284946476
384.684503 216843470 9373899 216471633 4284946422
384.691267 216849963 9373918 215691278 4284946240
384.698086 216856510 9373967 214901653 4284945892
384.704863 216863014 9374022 214116227 4284945519
384.711642 216869522 9374057 213328332 4284945208
384.718871 216876473 9374059 212527455 4284945157
384.725652 216882973 9374065 211760662 4284944958
384.732520 216889565 9374084 210977906 4284944602
384.740047 216896792 9374100 210123183 4284944252
384.746821 216903294 9374118 209361114 4284943924
384.753590 216909794 9374129 208621666 4284943872
384.760361 216916294 9374175 207855809 4284943627
384.767131 216922793 9374264 207086728 4284943269
384.773903 216929293 9374386 206319314 4284942915
384.780678 216935798 9374557 205563615 4284942664
384.787447 216942296 9374868 204814107 4284942600
384.794361 216948934 9375195 204023831 4284942247
384.801128 216955430 9375581 203255145 4284941854
384.807901 216961933 9376130 202484967 4284941433
384.815763 216969480 9377378 201619452 4284941263
384.822652 216976092 9378814 200840713 4284941095
384.829427 216982599 9379641 200060740 4284940732
384.836194 216989092 9380370 199289683 4284940354
384.842960 216995588 9381038 198521324 4284939992
384.849748 217002105 9381635 197780964 4284939878
384.858047 217010071 9382164 196849726 4284939596
384.864819 217016573 9382539 196079546 4284939178
384.871599 217023083 9382848 195311163 4284938744
384.878377 217029589 9383163 194542479 4284938311
384.885172 217036113 9383286 193808167 4284938221
384.892412 217043061 9383445 193000614 4284937900
384.899171 217049551 9383631 192239309 4284937425
384.905992 217056098 9383733 191468875 4284937005
384.912838 217062671 9383797 190695796 4284936641
384.920191 217069729 9383815 189893510 4284936574
384.926971 217076240 9383848 189131112 4284936346
384.933782 217082776 9383902 188370420 4284935999
384.940560 217089285 9383955 187616032 4284935688
384.947749 217096185 9383979 186819200 4284935399
384.954513 217102679 9383990 186072516 4284935350
384.962484 217110333 9383994 185170596 4284935070
384.970113 217117656 9384005 184309233 4284934692
384.976898 217124170 9384018 183546481 4284934345
384.983669 217130669 9384032 182804094 4284934124
384.991811 217138487 9384063 181898111 4284934012
385.000106 217146449 9384153 180962239 4284933554
385.006880 217152951 9384283 180197067 4284933170
385.013659 217159461 9384495 179455411 4284932931
385.020983 217166493 9384831 178639555 4284932848
385.027775 217173012 9385265 177850137 4284932507
385.034550 217179516 9385732 177063785 4284932134
385.041317 217186011 9386373 176275834 4284931774
385.048310 217192725 9387526 175482305 4284931595
385.055064 217199209 9388934 174716872 4284931552
385.061841 217205716 9389735 173924309 4284931226
385.068612 217212215 9390454 173137878 4284930885
385.075384 217218716 9391089 172350700 4284930558
385.083062 217226087 9391685 171483131 4284930366
385.089836 217232590 9392064 170714770 4284930273
385.096646 217239127 9392417 169922869 4284929900
385.103545 217245750 9392746 169121817 4284929493
385.110811 217252726 9393051 168274653 4284929002
385.117586 217259229 9393171 167517011 4284928814
385.125088 217266431 9393278 166666915 4284928608
385.131872 217272944 9393404 165887356 4284928195
385.138643 217279444 9393485 165111572 4284927810
385.145406 217285959 9393545 164338670 4284927408
385.153936 217294155 9393570 163398203 4284927272
385.161086 217300991 9393606 162594873 4284927066
385.167885 217307517 9393662 161825158 4284926699
385.174655 217314016 9393698 161058789 4284926378
385.181414 217320503 9393704 160306449 4284926164
385.188174 217326992 9393706 159561305 4284926127
385.195127 217333667 9393712 158776117 4284925841
385.201876 217340146 9393722 158015951 4284925514
385.208625 217346625 9393740 157255297 4284925171
385.215373 217353103 9393758 156511944 4284925015
385.222121 217359581 9393789 155757232 4284924941
385.229250 217366426 9393866 154951535 4284924554
385.236021 217372925 9393995 154190916 4284924184
385.242861 217379492 9394189 153420637 4284923789
385.249610 217385971 9394505 152682566 4284923571
385.256375 217392466 9394944 151935078 4284923462
385.263392 217399202 9395453 151135680 4284923057
385.270141 217405680 9396061 150367085 4284922646
385.276889 217412159 9396808 149594941 4284922253
385.283637 217418637 9398236 148848442 4284922094
385.290386 217425116 9399150 148106046 4284921998
385.297520 217431964 9399972 147294277 4284921565
385.304269 217438443 9400668 146525072 4284921139
385.311030 217444933 9401201 145754522 4284920738
385.317776 217451410 9401638 145004232 4284920531
385.324525 217457890 9401918 144250061 4284920407
385.331646 217464725 9402249 143429299 4284919895
385.338395 217471204 9402558 142643956 4284919392
385.345142 217477682 9402775 141856530 4284918889
385.351891 217484160 9402929 141093166 4284918650
385.358639 217490639 9403005 140322496 4284918492
385.365774 217497488 9403132 139500356 4284917996
385.372523 217503967 9403191 138724332 4284917562
385.379345 217510517 9403218 137950153 4284917246
385.386094 217516996 9403233 137206661 4284917178
385.392844 217523476 9403268 136436201 4284916897
385.399907 217530256 9403319 135627866 4284916545
385.406656 217536735 9403353 134860807 4284916216
385.413404 217543213 9403364 134098826 4284915949
385.420152 217549691 9403369 133351802 4284915895
385.426903 217556173 9403378 132586295 4284915642
385.434064 217563047 9403389 131760633 4284915264
385.440813 217569525 9403409 130981967 4284914928
385.447561 217576003 9403452 130215639 4284914650
385.454309 217582481 9403483 129456433 4284914595
385.461031 217588935 9403565 128685407 4284914321
385.468195 217595813 9403695 127865309 4284913961
385.474944 217602291 9403903 127084566 4284913566
385.481693 217608770 9404238 126314144 4284913292
385.488441 217615248 9404789 125557108 4284913256
385.495190 217621728 9405251 124771579 4284912964
385.502325 217628577 9405936 123941441 4284912606
385.509032 217635016 9406921 123156836 4284912280
385.515851 217641563 9408107 122366505 4284912020
385.522600 217648042 9409121 121610176 4284911984
385.529350 217654521 9409848 120819481 4284911698
385.536462 217661349 9410475 119980460 4284911318
385.543211 217667828 9410968 119191913 4284910953
385.549960 217674307 9411374 118434915 4284910874
385.556709 217680786 9411696 117663978 4284910662
385.563457 217687265 9412011 116875526 4284910246
385.570582 217694104 9412280 116041482 4284909765
385.577330 217700582 9412468 115252042 4284909310
385.584077 217707059 9412536 114488500 4284909202
385.590827 217713539 9412605 113715944 4284909023
385.597575 217720017 9412706 112941580 4284908599
385.604706 217726862 9412758 112123657 4284908204
385.611453 217733340 9412782 111348756 4284907868
385.618201 217739818 9412807 110598293 4284907772
385.624950 217746297 9412829 109835294 4284907614
385.631698 217752776 9412871 109066684 4284907293
385.638840 217759632 9412888 108254073 4284906937
385.645588 217766110 9412892 107480236 4284906598
385.652408 217772657 9412895 106718575 4284906528
385.659156 217779135 9412900 105954882 4284906373
385.665905 217785614 9412913 105173888 4284906037
385.672973 217792399 9412926 104363629 4284905695
385.679722 217798878 9412971 103593032 4284905361
385.686470 217805357 9413006 102841568 4284905293
385.693219 217811836 9413078 102076218 4284905110
385.699969 217818316 9413201 101291396 4284904770
385.707122 217825183 9413408 100452462 4284904405
385.713871 217831662 9413759 99677998 4284904100
385.720620 217838141 9414345 98919597 4284904037
385.727369 217844620 9414923 98137245 4284903777
385.734117 217851098 9415601 97348565 4284903433
385.741259 217857954 9416814 96508259 4284903042
385.748024 217864449 9417900 95737378 4284902870
385.754789 217870943 9418778 94966464 4284902813
385.761538 217877421 9419472 94171723 4284902471
385.768286 217883900 9420066 93380996 4284902110
385.775385 217890715 9420604 92556653 4284901733
385.782132 217897192 9421006 91794324 4284901535
385.788963 217903750 9421231 91024352 4284901464
385.795712 217910229 9421483 90241888 4284901049
385.802461 217916708 9421714 89456770 4284900642
385.809518 217923483 9421933 88644778 4284900197
385.816266 217929960 9422051 87887612 4284899953
385.823028 217936452 9422093 87134143 4284899863
385.829777 217942931 9422166 86362790 4284899468
385.836524 217949409 9422207 85590464 4284899097
385.843641 217956241 9422264 84772770 4284898676
385.850390 217962719 9422292 84018223 4284898488
385.857141 217969201 9422303 83260910 4284898437
385.863891 217975681 9422349 82503132 4284898104
385.870640 217982160 9422364 81743384 4284897792
385.877771 217989005 9422372 80934596 4284897463
385.884519 217995483 9422379 80185940 4284897280
385.891268 218001963 9422387 79429307 4284897208
385.898026 218008451 9422406 78667017 4284896857
385.904775 218014930 9422441 77909144 4284896515
385.911907 218021776 9422475 77113098 4284896172
385.918655 218028255 9422514 76371793 4284896104
385.925480 218034807 9422633 75598583 4284895861
385.932230 218041286 9422813 74833308 4284895454
385.938979 218047765 9423069 74069068 4284895059
385.946059 218054563 9423520 73278223 4284894711
385.952808 218061041 9424204 72537291 4284894656
385.959557 218067521 9424800 71755504 4284894391
385.966306 218073999 9425565 70963708 4284894051
385.973030 218080454 9426802 70170718 4284893688
385.980192 218087330 9427809 69342808 4284893371
385.986941 218093809 9428731 68591169 4284893324
385.993690 218100288 9429333 67813875 4284893079
386.000437 218106766 9429842 67027190 4284892713
386.007185 218113243 9430291 66238301 4284892338
386.014322 218120094 9430659 65415979 4284891982
386.021034 218126538 9430873 64667576 4284891892
386.027783 218133017 9431106 63895450 4284891568
386.034532 218139496 9431361 63121789 4284891107
386.041279 218145974 9431585 62350981 4284890631
386.048450 218152858 9431760 61539383 4284890207
386.055198 218159336 9431802 60788753 4284890120
386.062034 218165898 9431849 60007530 4284889836
386.068782 218172377 9431873 59233975 4284889451
386.075531 218178855 9431910 58462912 4284889094
386.082476 218185523 9431928 57694477 4284889002
386.089238 218192015 9431944 56923655 4284888891
386.095988 218198494 9431962 56139987 4284888593
386.102736 218204973 9431972 55353005 4284888289
386.109484 218211450 9431987 54563179 4284887950
386.116623 218218304 9431989 53755667 4284887823
386.123382 218224793 9431995 52991265 4284887700
386.130131 218231271 9432011 52201696 4284887396
386.136880 218237750 9432065 51412678 4284887033
386.143628 218244228 9432113 50623579 4284886698
386.150779 218251094 9432182 49813264 4284886555
386.157534 218257578 9432303 49038969 4284886393
386.164283 218264057 9432503 48258259 4284886031
386.171033 218270537 9432750 47474935 4284885606
386.177787 218277021 9433072 46693369 4284885227
386.184883 218283834 9433863 45901502 4284885076
386.191646 218290326 9434655 45125457 4284884964
386.198469 218296877 9435512 44329125 4284884613
386.205218 218303355 9436528 43539116 4284884235
386.211966 218309833 9437294 42747325 4284883887
386.218996 218316601 9438243 41962721 4284883756
386.225777 218323091 9438832 41192204 4284883643
386.232526 218329571 9439393 40408169 4284883272
386.239274 218336049 9439825 39621916 4284882881
386.246028 218342533 9440181 38837033 4284882512
386.253262 218349477 9440404 38034581 4284882421
386.260022 218355967 9440596 37248984 4284882134
386.266771 218362446 9440803 36461886 4284881711
386.273519 218368924 9440967 35678272 4284881246
386.280266 218375402 9441071 34908807 4284880942
386.287428 218382277 9441112 34102299 4284880864
386.294176 218388755 9441160 33328846 4284880533
386.300926 218395235 9441204 32564132 4284880174
386.308734 218402733 9441246 31690261 4284879774
386.316063 218409769 9441278 30883240 4284879583
386.322866 218416300 9441286 30131797 4284879499
386.329638 218422800 9441303 29372507 4284879173
386.336511 218429400 9441312 28598705 4284878838
386.343279 218435896 9441319 27836020 4284878512
386.353074 218445298 9441326 26764779 4284878339
386.359847 218451801 9441341 26009513 4284878105
386.366624 218458307 9441370 25250338 4284877717
386.373388 218464800 9441424 24491513 4284877343
386.380157 218471299 9441534 23727357 4284876965
386.386930 218477802 9441638 22985833 4284876898
386.394050 218484636 9441847 22181689 4284876645
386.400841 218491157 9442125 21395911 4284876285
386.407612 218497655 9442458 20605735 4284875827
386.415049 218504795 9443096 19751900 4284875658
386.421827 218511302 9444131 18996322 4284875600
386.428630 218517834 9444850 18199305 4284875431
386.436756 218525633 9446149 17256957 4284875012
386.443523 218532129 9447001 16471481 4284874667
386.450286 218538623 9447874 15717577 4284874599
386.457063 218545130 9448480 14948700 4284874442
386.463841 218551637 9449011 14159764 4284874078
386.470617 218558141 9449455 13372370 4284873689
386.477480 218564730 9449770 12580133 4284873303
386.484248 218571226 9449971 11828303 4284873204
386.491047 218577754 9450156 11075166 4284872961
386.497824 218584260 9450400 10320930 4284872484
386.504593 218590759 9450616 9566243 4284871968
386.511365 218597258 9450781 8815226 4284871480
386.518148 218603771 9450827 8079848 4284871361
386.525541 218610869 9450869 7262208 4284871163
386.532309 218617364 9450908 6512472 4284870776
386.539081 218623869 9450952 5757946 4284870405
386.545859 218630372 9451000 5001712 4284870064
386.552651 218636893 9451011 4259314 4284869986
386.559421 218643392 9451019 3507237 4284869840
386.566236 218649935 9451026 2745890 4284869494
386.573049 218656478 9451037 1985258 4284869123
386.579828 218662984 9451041 1242317 4284868937
386.586601 218669485 9451050 495608 4284868861
386.593366 218675979 9451080 4294709125 4284868467
386.600135 218682479 9451123 4293952662 4284868121
386.607671 218689711 9451216 4293108173 4284867689
386.614533 218696300 9451331 4292353332 4284867472
386.621278 218702775 9451466 4291616991 4284867396
386.628270 218709487 9451724 4290830155 4284866968
386.635079 218716024 9452039 4290057632 4284866556
386.642702 218723343 9452506 4289188031 4284866095
386.650063 218730410 9453579 4288373656 4284865963
386.656916 218736986 9454494 4287595093 4284865824
386.663695 218743496 9455649 4286815041 4284865443
386.671553 218751041 9456529 4285921683 4284864975
386.678329 218757544 9457261 4285152824 4284864577
386.685098 218764042 9457979 4284415981 4284864488
386.691878 218770551 9458511 4283654745 4284864282
386.698645 218777047 9458920 4282891447 4284863881
386.705599 218783723 9459305 4282114062 4284863427
386.712366 218790219 9459622 4281353751 4284862983
386.719144 218796728 9459787 4280616052 4284862841
386.726087 218803392 9459939 4279851720 4284862556
386.732857 218809891 9460154 4279098480 4284862043
386.739739 218816498 9460324 4278334343 4284861537
386.746514 218823001 9460455 4277580767 4284861093
386.754098 218830283 9460471 4276763190 4284860999
386.760865 218836778 9460498 4276018134 4284860759
386.767645 218843287 9460554 4275268549 4284860334
386.774420 218849791 9460618 4274519714 4284859930
386.781181 218856281 9460660 4273782551 4284859647
386.787987 218862815 9460661 4273042950 4284859607
386.794753 218869313 9460676 4272287144 4284859331
386.801524 218875812 9460682 4271539215 4284858973
386.808296 218882312 9460697 4270785831 4284858604
386.815863 218889577 9460712 4269964088 4284858413
386.822630 218896073 9460726 4269207009 4284858313
386.829453 218902623 9460774 4268442666 4284857951
386.836224 218909122 9460844 4267686523 4284857570
386.842997 218915668 9460947 4266922700 4284857176
386.849817 218922173 9461100 4266187614 4284856973
386.856588 218928673 9461283 4265437602 4284856865
386.863532 218935339 9461593 4264644079 4284856458
386.870307 218941842 9462003 4263871927 4284856061
386.877057 218948322 9462479 4263099842 4284855649
386.885040 218955986 9463746 4262226338 4284855481
386.891915 218962586 9464965 4261458766 4284855309
386.898693 218969094 9465811 4260690271 4284854917
386.906062 218976169 9466703 4259850964 4284854494
386.912843 218982678 9467481 4259103845 4284854284
386.919614 218989177 9468017 4258348760 4284854217
386.926387 218995679 9468515 4257579300 4284853825
386.933186 219002207 9468911 4256812659 4284853404
386.939967 219008718 9469227 4256052465 4284852958
386.948466 219016877 9469530 4255126493 4284852622
386.955257 219023395 9469668 4254369000 4284852433
386.962052 219029918 9469907 4253613156 4284851902
386.970062 219037609 9470132 4252719476 4284851243
386.976833 219044107 9470253 4251969816 4284850777
386.983602 219050606 9470292 4251238080 4284850659
386.990424 219057156 9470320 4250494560 4284850467
386.997199 219063660 9470362 4249743841 4284850064
387.004692 219070852 9470424 4248918861 4284849641
387.012258 219078117 9470469 4248082015 4284849295
387.019056 219084642 9470474 4247356470 4284849242
387.025987 219091296 9470489 4246583593 4284849015
387.034057 219099044 9470513 4245686369 4284848552
387.040825 219105540 9470526 4244931170 4284848200
387.047595 219112040 9470548 4244183003 4284847889
387.054363 219118537 9470568 4243439461 4284847812
387.061658 219125539 9470619 4242626131 4284847476
387.068438 219132048 9470678 4241870606 4284847105
387.075211 219138551 9470785 4241110922 4284846713
387.082000 219145091 9470998 4240365239 4284846488
387.089674 219152435 9471317 4239512225 4284846288
387.096450 219158941 9471648 4238746847 4284845885
387.103227 219165448 9472051 4237975090 4284845455
387.111045 219172953 9472887 4237100387 4284845076
387.117817 219179452 9473939 4236359337 4284845017
387.124602 219185967 9475079 4235590915 4284844722
387.131589 219192674 9475895 4234794389 4284844323
387.138369 219199184 9476596 4234019843 4284843943
387.145236 219205776 9477340 4233255234 4284843632
387.153723 219213923 9477971 4232331836 4284843560
387.160502 219220432 9478342 4231566136 4284843160
387.167271 219226929 9478686 4230806554 4284842698
387.174134 219233518 9479038 4230042267 4284842166
387.180911 219240024 9479256 4229301224 4284841845
387.188118 219246942 9479359 4228508424 4284841739
387.196133 219254637 9479607 4227622573 4284841100
387.202903 219261135 9479722 4226873827 4284840667
387.209743 219267701 9479816 4226114068 4284840236
387.216512 219274200 9479863 4225384537 4284840016
387.223735 219281134 9479880 4224586084 4284839891
387.230511 219287639 9479927 4223836376 4284839536
387.237279 219294136 9479976 4223083680 4284839188
387.244054 219300641 9480021 4222324083 4284838861
387.250828 219307144 9480028 4221587801 4284838726
387.257595 219313639 9480034 4220848423 4284838618
387.264358 219320131 9480048 4220095512 4284838253
387.271144 219326646 9480060 4219343606 4284837895
387.277920 219333152 9480071 4218596379 4284837633
387.285952 219340863 9480090 4217725947 4284837557
387.292735 219347375 9480133 4216966933 4284837209
387.299521 219353891 9480201 4216210526 4284836828
387.307054 219361121 9480341 4215369568 4284836377
387.313925 219367717 9480546 4214616668 4284836175
387.320700 219374220 9480861 4213863402 4284836097
387.327474 219380724 9481205 4213097442 4284835714
387.334247 219387227 9481668 4212330379 4284835310
387.341051 219393758 9482241 4211557454 4284834912
387.347829 219400265 9483290 4210808229 4284834721
387.354602 219406767 9484626 4210056057 4284834671
387.361379 219413275 9485467 4209281012 4284834280
387.368157 219419781 9486224 4208506558 4284833906
387.374929 219426279 9486937 4207740066 4284833513
387.381700 219432781 9487542 4207001036 4284833275
387.388482 219439292 9487926 4206260533 4284833207
387.395255 219445794 9488241 4205491809 4284832832
387.402101 219452366 9488523 4204723835 4284832381
387.409678 219459640 9488856 4203872459 4284831809
387.416453 219466144 9489057 4203128491 4284831519
387.423214 219472633 9489139 4202385967 4284831399
387.430416 219479547 9489373 4201582954 4284830815
387.437179 219486040 9489468 4200825083 4284830406
387.444035 219492621 9489536 4200054749 4284830009
387.450907 219499219 9489569 4199297475 4284829791
387.457683 219505724 9489584 4198542197 4284829710
387.464539 219512307 9489640 4197784382 4284829338
387.471312 219518809 9489683 4197034314 4284829007
387.478806 219526003 9489718 4196212599 4284828706
387.486051 219532959 9489726 4195428600 4284828641
387.494086 219540672 9489732 4194521169 4284828291
387.500861 219547177 9489742 4193762196 4284827954
387.509181 219555162 9489770 4192834553 4284827518
387.516807 219562483 9489787 4192004990 4284827394
387.524086 219569471 9489836 4191208529 4284827166
387.530854 219575968 9489923 4190453565 4284826777
387.538739 219583540 9490085 4189574047 4284826319
387.546155 219590656 9490344 4188759681 4284825918
387.552957 219597188 9490766 4188025077 4284825815
387.559722 219603682 9491190 4187271522 4284825484
387.568087 219611714 9491809 4186273933 4284824958
387.574866 219618221 9492532 4185453900 4284824558
387.581649 219624733 9493797 4184649600 4284824319
387.589050 219631837 9495082 4183788601 4284824266
387.595914 219638426 9495801 4182967367 4284823912
387.602770 219645010 9496499 4182150244 4284823563
387.609543 219651511 9497081 4181346053 4284823229
387.616305 219658002 9497564 4180565648 4284823012
387.623078 219664506 9497888 4179791148 4284822933
387.629863 219671018 9498224 4178989800 4284822551
387.638061 219678888 9498604 4178023424 4284822047
387.644831 219685386 9498828 4177224472 4284821679
387.651626 219691910 9498980 4176450475 4284821475
387.658396 219698410 9499047 4175679475 4284821352
387.665157 219704900 9499144 4174883073 4284820968
387.671972 219711444 9499212 4174085305 4284820599
387.678748 219717948 9499256 4173311550 4284820300
387.685526 219724456 9499271 4172548142 4284820256
387.692314 219730972 9499311 4171763061 4284820009
387.699060 219737447 9499352 4170981285 4284819715
387.705858 219743973 9499375 4170189218 4284819403
387.712635 219750480 9499389 4169406907 4284819123
387.719411 219756983 9499397 4168633811 4284819058
387.726229 219763529 9499402 4167836246 4284818835
387.733064 219770091 9499419 4167029724 4284818488
387.739829 219776584 9499439 4166230371 4284818174
387.746597 219783082 9499461 4165440819 4284817890
387.753363 219789578 9499500 4164671292 4284817838
387.760127 219796072 9499555 4163872734 4284817619
387.766912 219802585 9499663 4163068932 4284817265
387.773693 219809192 9499830 4162259063 4284816898
387.780719 219815841 9500135 4161463336 4284816573
387.787487 219822336 9500604 4160705725 4284816507
387.794253 219828832 9501067 4159978196 4284816200
387.801096 219835401 9501685 4159171998 4284815857
387.807966 219841995 9502446 4158348931 4284815486
387.814789 219848546 9503915 4157557341 4284815277
387.821568 219855054 9504881 4156796511 4284815232
387.828686 219861890 9505634 4156026714 4284814823
387.835473 219868403 9506301 4155308208 4284814437
387.842242 219874902 9506841 4154564610 4284814064
387.849091 219881477 9507313 4153789392 4284813940
387.855875 219887989 9507621 4153005753 4284813774
387.862658 219894501 9507899 4152214960 4284813375
387.870075 219901621 9508232 4151355218 4284812933
387.876842 219908117 9508467 4150567007 4284812524
387.885688 219916611 9508591 4149576838 4284812352
387.892467 219923118 9508698 4148802567 4284812061
387.900052 219930400 9508792 4147931389 4284811644
387.906825 219936901 9508833 4147160682 4284811289
387.913601 219943406 9508860 4146399154 4284811013
387.920368 219949902 9508870 4145660296 4284810956
387.927131 219956397 9508915 4144903195 4284810698
387.933914 219962907 9508948 4144129973 4284810386
387.940689 219969411 9508962 4143355857 4284810066
387.947461 219975912 9508975 4142596618 4284809772
387.954234 219982413 9508976 4141843776 4284809733
387.961031 219988939 9508984 4141071006 4284809501
387.970838 219998354 9509015 4139952342 4284808999
387.977607 220004852 9509040 4139183930 4284808702
387.984370 220011345 9509076 4138427852 4284808630
387.991137 220017841 9509136 4137647343 4284808348
387.997954 220024385 9509255 4136860694 4284807992
388.004729 220030889 9509431 4136082230 4284807623
388.011602 220037489 9509756 4135297894 4284807274
388.018386 220043999 9510226 4134543920 4284807218
388.026202 220051502 9510822 4133641992 4284806869
388.033584 220058590 9511533 4132778852 4284806473
388.040391 220065124 9512502 4131977232 4284806128
388.047181 220071643 9513725 4131205308 4284805916
388.054114 220078298 9514626 4130420996 4284805872
388.060881 220084794 9515329 4129623566 4284805524
388.067645 220091287 9515890 4128830210 4284805152
388.074421 220097794 9516348 4128034408 4284804791
388.081187 220104288 9516794 4127259599 4284804557
388.087933 220110765 9517060 4126493594 4284804488
388.094703 220117263 9517349 4125693692 4284804107
388.101461 220123751 9517607 4124898265 4284803659
388.108218 220130237 9517797 4124107621 4284803187
388.114967 220136716 9517968 4123337759 4284802858
388.122113 220143576 9518003 4122531027 4284802793
388.128863 220150056 9518103 4121739527 4284802368
388.135613 220156535 9518165 4120955558 4284802000
388.142359 220163012 9518202 4120172708 4284801685
388.149204 220169583 9518233 4119398116 4284801470
388.155961 220176070 9518242 4118661070 4284801425
388.162712 220182551 9518267 4117878085 4284801173
388.169462 220189031 9518280 4117099185 4284800876
388.176214 220195513 9518289 4116321491 4284800604
388.182962 220201991 9518298 4115552939 4284800380
388.189783 220208539 9518301 4114788581 4284800334
388.196532 220215018 9518307 4114018608 4284800054
388.203288 220221504 9518325 4113247365 4284799712
388.210037 220227983 9518349 4112475771 4284799397
388.216786 220234461 9518381 4111729347 4284799305
388.223545 220240951 9518441 4110965364 4284799127
388.230303 220247438 9518590 4110191215 4284798750
388.237251 220254108 9518800 4109394165 4284798340
388.243999 220260603 9519079 4108615136 4284797945
388.250765 220267082 9519649 4107867621 4284797848
388.257514 220273561 9520254 4107104402 4284797670
388.264262 220280039 9520903 4106318858 4284797266
388.271385 220286877 9521910 4105485064 4284796854
388.278133 220293355 9522867 4104700078 4284796450
388.284955 220299904 9523834 4103936841 4284796374
388.291703 220306383 9524565 4103164828 4284796195
388.298452 220312861 9525205 4102378861 4284795814
388.305520 220319646 9525777 4101554038 4284795423
388.312268 220326125 9526186 4100768004 4284795015
388.319029 220332616 9526494 4100003728 4284794899
388.325778 220339094 9526749 4099226517 4284794667
388.332526 220345572 9527028 4098442766 4284794168
388.339641 220352402 9527279 4097621917 4284793687
388.346388 220358881 9527508 4096839409 4284793166
388.353138 220365360 9527576 4096081459 4284793043
388.359888 220371840 9527618 4095312526 4284792869
388.366637 220378319 9527673 4094532091 4284792511
388.373773 220385169 9527717 4093715020 4284792137
388.380521 220391647 9527758 4092950256 4284791861
388.387269 220398126 9527765 4092197971 4284791814
388.394028 220404614 9527790 4091435852 4284791590
388.400777 220411094 9527812 4090669012 4284791239
388.407902 220417933 9527816 4089852059 4284790923
388.414649 220424410 9527824 4089097885 4284790754
388.421479 220430968 9527825 4088335719 4284790708
388.428228 220437447 9527845 4087559325 4284790385
388.434977 220443925 9527865 4086780762 4284790066
388.442058 220450723 9527900 4085957460 4284789698
388.448805 220457201 9527961 4085188935 4284789523
388.455559 220463695 9528030 4084412587 4284789459
388.462319 220470174 9528191 4083615369 4284789111
388.469030 220476616 9528435 4082826472 4284788763
388.476189 220483489 9528770 4081985274 4284788380
388.482937 220489967 9529390 4081207974 4284788211
388.489687 220496449 9530173 4080438705 4284788153
388.496438 220502928 9530826 4079639488 4284787801
388.503186 220509406 9531912 4078838629 4284787466
388.510323 220516257 9532837 4077995170 4284787086
388.517032 220522698 9533744 4077226568 4284786888
388.523781 220529178 9534444 4076485408 4284786811
388.530529 220535656 9535069 4075697895 4284786472
388.537277 220542134 9535522 4074899956 4284786106
388.544449 220549018 9535966 4074054248 4284785683
388.551196 220555496 9536258 4073284861 4284785443
388.558030 220562056 9536428 4072515160 4284785370
388.564780 220568536 9536690 4071736793 4284784891
388.571528 220575015 9536892 4070959366 4284784387
388.578619 220581822 9537088 4070150358 4284783886
388.585371 220588305 9537124 4069395183 4284783820
388.592121 220594784 9537174 4068619833 4284783537
388.598874 220601267 9537233 4067851146 4284783151
388.605624 220607747 9537272 4067092827 4284782755
388.612706 220614545 9537314 4066302403 4284782406
388.619455 220621025 9537329 4065553504 4284782347
388.626204 220627503 9537352 4064781671 4284782122
388.632953 220633982 9537372 4064009015 4284781791
388.639700 220640460 9537374 4063234350 4284781497
388.646836 220647310 9537382 4062431642 4284781193
388.653584 220653788 9537387 4061686204 4284781147
388.660332 220660266 9537399 4060908120 4284780909
388.667080 220666744 9537420 4060126822 4284780592
388.673828 220673222 9537462 4059338180 4284780228
388.680971 220680080 9537533 4058506515 4284779954
388.687719 220686558 9537618 4057747674 4284779905
388.694550 220693116 9537776 4056991014 4284779641
388.701299 220699594 9538056 4056274185 4284779237
388.708031 220706057 9538390 4055563386 4284778860
388.715118 220712861 9538941 4054814174 4284778506
388.721867 220719340 9539901 4054043710 4284778453
388.728616 220725819 9540641 4053249902 4284778196
388.735364 220732297 9541910 4052451004 4284777845
388.742112 220738776 9542748 4051655517 4284777483
388.749156 220745538 9543819 4050862970 4284777369
388.755917 220752028 9544487 4050082761 4284777240
388.762666 220758507 9545057 4049287656 4284776878
388.769414 220764985 9545533 4048490003 4284776472
388.776162 220771463 9545901 4047694846 4284776053
388.783269 220778286 9546223 4046891343 4284775869
388.790040 220784785 9546390 4046136274 4284775691
388.796788 220791264 9546645 4045363568 4284775200
388.803536 220797742 9546860 4044573942 4284774702
388.810283 220804220 9547033 4043784613 4284774156
388.817403 220811054 9547098 4042985054 4284773995
388.824157 220817544 9547120 4042215313 4284773855
388.830985 220824093 9547163 4041422198 4284773470
388.837732 220830571 9547210 4040640173 4284773115
388.844480 220837049 9547258 4039859041 4284772771
388.851542 220843828 9547273 4039063003 4284772646
388.858304 220850320 9547286 4038290055 4284772527
388.865039 220856786 9547294 4037518430 4284772206
388.871787 220863264 9547297 4036736997 4284771891
388.878536 220869742 9547306 4035953013 4284771558
388.885684 220876605 9547311 4035149173 4284771436
388.892444 220883094 9547321 4034370878 4284771303
388.899192 220889572 9547352 4033590021 4284770971
388.905940 220896050 9547423 4032808285 4284770609
388.912687 220902527 9547502 4032043507 4284770325
388.919945 220909495 9547606 4031238210 4284770266
388.926695 220915975 9547792 4030448464 4284769928
388.933443 220922453 9548059 4029662004 4284769556
388.940190 220928930 9548423 4028875089 4284769195
388.946937 220935407 9549107 4028104550 4284768961
388.954100 220942284 9550195 4027306832 4284768920
388.960850 220948764 9551022 4026525386 4284768579
388.967669 220955310 9552121 4025740932 4284768217
388.974417 220961788 9552911 4024969266 4284767857
388.981174 220968275 9553827 4024207750 4284767625
388.988236 220975055 9554502 4023421029 4284767582
388.994986 220981535 9555025 4022647893 4284767207
389.001736 220988014 9555507 4021875672 4284766834
389.008483 220994491 9555847 4021106893 4284766436
389.015230 221000969 9556180 4020358045 4284766101
389.022369 221007822 9556317 4019569364 4284766022
389.029117 221014301 9556518 4018797648 4284765590
389.035866 221020779 9556669 4018031734 4284765145
389.042614 221027257 9556817 4017265359 4284764687
389.049361 221033734 9556883 4016509254 4284764432
389.056501 221040589 9556917 4015724301 4284764357
389.063250 221047068 9556966 4014959279 4284764014
389.069999 221053568 9557015 4014201750 4284763636
389.076770 221060047 9557064 4013447936 4284763315
389.083517 221066524 9557093 4012708182 4284763095
389.090633 221073355 9557101 4011936908 4284763051
389.097382 221079835 9557110 4011164230 4284762745
389.104206 221086386 9557117 4010389325 4284762415
389.110956 221092866 9557127 4009627112 4284762099
389.117718 221099357 9557138 4008882551 4284762031
389.124471 221105841 9557157 4008121984 4284761836
389.131221 221112321 9557195 4007365632 4284761494
389.137972 221118801 9557267 4006602916 4284761111
389.144726 221125284 9557366 4005837636 4284760747
389.151473 221131762 9557524 4005101270 4284760674
389.158235 221138254 9557745 4004334666 4284760502
389.164985 221144734 9558053 4003560048 4284760135
389.171735 221151213 9558457 4002782545 4284759738
389.178483 221157691 9558899 4001999413 4284759377
389.185231 221164170 9559948 4001251424 4284759307
389.191980 221170649 9561140 4000482526 4284759153
389.198772 221177171 9562130 3999685968 4284758805
389.206162 221184266 9562974 3998819940 4284758441
389.212940 221190773 9563746 3998027362 4284758102
389.219730 221197292 9564409 3997270283 4284758040
389.226516 221203806 9564889 3996505661 4284757837
389.233487 221210499 9565324 3995709660 4284757429
389.241701 221218383 9565670 3994771793 4284756949
389.248931 221225324 9565931 3993957478 4284756602
389.255721 221231842 9566074 3993199958 4284756485
389.264087 221239873 9566368 3992240907 4284755973
389.270862 221246379 9566578 3991462616 4284755425
389.277636 221252881 9566698 3990693140 4284755005
389.284408 221259382 9566724 3989948038 4284754940
389.291180 221265884 9566748 3989168845 4284754729
389.297948 221272378 9566797 3988385243 4284754367
389.304724 221278884 9566838 3987599951 4284754035
389.312617 221286463 9566878 3986700760 4284753722
389.319391 221292965 9566889 3985946336 4284753655
389.326152 221299457 9566897 3985180581 4284753382
389.332955 221305987 9566902 3984411289 4284753047
389.339731 221312492 9566913 3983637748 4284752711
389.347859 221320295 9566922 3982722665 4284752425
389.355061 221327210 9566932 3981926717 4284752356
389.361839 221333715 9566963 3981154176 4284752050
389.368613 221340218 9567018 3980387487 4284751685
389.375390 221346726 9567133 3979622476 4284751307
389.382265 221353325 9567279 3978867459 4284751165
389.389081 221359869 9567486 3978098123 4284751033
389.395855 221366372 9567775 3977323782 4284750663
389.402640 221372885 9568198 3976547074 4284750289
389.409413 221379387 9568689 3975773160 4284749904
389.416193 221385898 9569836 3975043695 4284749845
389.425065 221394412 9571429 3974052050 4284749487
389.431840 221400917 9572234 3973283360 4284749046
389.438606 221407412 9572985 3972520772 4284748626
389.445385 221413920 9573597 3971756507 4284748242
389.452151 221420415 9574211 3971020552 4284748156
389.458938 221426931 9574614 3970263635 4284747861
389.465702 221433424 9575083 3969513618 4284747390
389.472479 221439931 9575453 3968758025 4284746879
389.479258 221446439 9575751 3968020779 4284746421
389.488142 221454976 9575941 3967029747 4284746237
389.494948 221461501 9576157 3966212949 4284745731
389.501744 221468024 9576272 3965399888 4284745311
389.508507 221474518 9576354 3964591210 4284744946
389.515289 221481030 9576408 3963802247 4284744743
389.522186 221487649 9576437 3963003481 4284744665
389.528972 221494164 9576485 3962196318 4284744349
389.535758 221500679 9576525 3961393153 4284744031
389.543108 221507734 9576560 3960527149 4284743666
389.550132 221514478 9576577 3959722175 4284743507
389.556919 221520994 9576579 3958973587 4284743442
389.563701 221527506 9576584 3958180131 4284743139
389.570481 221534012 9576594 3957387891 4284742833
389.577930 221541163 9576607 3956519533 4284742490
389.584707 221547670 9576622 3955755240 4284742369
389.591935 221554608 9576647 3954940737 4284742243
389.598707 221561109 9576734 3954153616 4284741898
389.605482 221567614 9576846 3953362656 4284741533
389.612247 221574107 9576993 3952572531 4284741183
389.619068 221580656 9577271 3951800089 4284741024
389.625833 221587149 9577603 3951023371 4284740909
389.632614 221593661 9578039 3950221873 4284740523
389.639383 221600158 9578567 3949421808 4284740151
389.646149 221606653 9579382 3948634777 4284739867
389.652933 221613167 9580666 3947864947 4284739821
389.659817 221619774 9581765 3947047589 4284739502
389.666584 221626270 9582535 3946254024 4284739159
389.673355 221632771 9583238 3945461531 4284738811
389.680122 221639267 9583859 3944681975 4284738544
389.686892 221645768 9584339 3943927619 4284738500
389.693664 221652268 9584732 3943143055 4284738200
389.700525 221658854 9585029 3942347880 4284737792
389.708661 221666665 9585327 3941408958 4284737301
389.715437 221673171 9585490 3940649619 4284737047
389.723050 221680478 9585563 3939797262 4284736941
389.729827 221686984 9585698 3939012092 4284736505
389.736594 221693481 9585803 3938221391 4284736111
389.743365 221699981 9585866 3937432540 4284735735
389.750191 221706532 9585892 3936670135 4284735630
389.756962 221713034 9585920 3935904392 4284735472
389.763773 221719573 9585981 3935128821 4284735112
389.770551 221726082 9586034 3934358683 4284734783
389.777318 221732576 9586055 3933583266 4284734462
389.786084 221740992 9586078 3932597123 4284734233
389.792859 221747496 9586087 3931826960 4284734104
389.799842 221754198 9586094 3931030524 4284733761
389.806622 221760710 9586104 3930258357 4284733413
389.813395 221767210 9586113 3929497023 4284733209
389.820896 221774412 9586131 3928646089 4284733149
389.828278 221781498 9586200 3927791076 4284732794
389.835068 221788017 9586311 3927013181 4284732426
389.842514 221795165 9586469 3926159401 4284732031
389.849285 221801665 9586731 3925410972 4284731850
389.856067 221808175 9587059 3924649331 4284731685
389.863238 221815059 9587499 3923818884 4284731292
389.870052 221821601 9588044 3923024549 4284730926
389.876821 221828099 9588734 3922233562 4284730585
389.884191 221835173 9590178 3921418676 4284730440
389.890961 221841673 9591105 3920656727 4284730296
389.897733 221848175 9591837 3919880711 4284729923
389.904511 221854683 9592524 3919106954 4284729520
389.911383 221861279 9593121 3918321578 4284729151
389.918478 221868090 9593635 3917547569 4284729019
389.925241 221874581 9593964 3916793023 4284728850
389.932587 221881637 9594352 3915967819 4284728346
389.939483 221888253 9594686 3915195781 4284727873
389.946247 221894747 9594889 3914458969 4284727604
389.953836 221902035 9595028 3913613129 4284727423
389.961058 221908970 9595212 3912809585 4284726867
389.967839 221915476 9595328 3912055188 4284726417
389.974705 221922066 9595411 3911296334 4284725991
389.981474 221928566 9595437 3910564664 4284725846
389.988242 221935062 9595453 3909817793 4284725745
389.995042 221941592 9595508 3909062229 4284725394
390.001819 221948097 9595558 3908308652 4284725052
390.008591 221954598 9595591 3907550488 4284724726
390.015360 221961096 9595603 3906812651 4284724555
390.022157 221967621 9595612 3906072896 4284724464
390.028934 221974128 9595622 3905317237 4284724114
390.035710 221980633 9595645 3904566435 4284723698
390.042478 221987128 9595670 3903816859 4284723295
390.049247 221993627 9595687 3903079558 4284723115
390.056065 222000174 9595712 3902341900 4284723025
390.062848 222006684 9595825 3901594064 4284722616
390.069616 222013182 9595976 3900839059 4284722222
390.077259 222020518 9596208 3899988988 4284721759
390.084055 222027044 9596589 3899247955 4284721667
390.090831 222033550 9596996 3898487145 4284721419
390.097627 222040073 9597462 3897720421 4284721007
390.104399 222046573 9598151 3896951987 4284720625
390.111797 222053675 9599346 3896109201 4284720209
390.118574 222060182 9600567 3895361204 4284720082
390.125340 222066677 9601495 3894595066 4284719964
390.132106 222073172 9602238 3893823932 4284719609
390.138888 222079683 9602821 3893044085 4284719255
390.145660 222086184 9603357 3892270334 4284718876
390.153055 222093284 9603799 3891467434 4284718814
390.159826 222099783 9604099 3890696344 4284718527
390.166624 222106310 9604355 3889915667 4284718131
390.173394 222112809 9604626 3889136517 4284717693
390.180160 222119303 9604793 3888376490 4284717424
390.186939 222125815 9604856 3887630745 4284717343
390.193716 222132319 9604993 3886860305 4284716923
390.200483 222138813 9605089 3886098414 4284716543
390.208887 222146882 9605156 3885153274 4284716102
390.215843 222153560 9605187 3884387312 4284715920
390.222651 222160096 9605203 3883629924 4284715829
390.229423 222166596 9605258 3882868244 4284715485
390.236236 222173137 9605301 3882096687 4284715142
390.243038 222179669 9605321 3881323501 4284714782
390.249820 222186178 9605328 3880570267 4284714624
390.256589 222192676 9605345 3879814069 4284714520
390.263353 222199170 9605354 3879045306 4284714173
390.270123 222205671 9605374 3878279060 4284713828
390.277622 222212867 9605410 3877444054 4284713533
390.285053 222220002 9605435 3876642028 4284713483
390.291820 222226498 9605517 3875875498 4284713125
390.298632 222233037 9605637 3875108765 4284712752
390.305408 222239542 9605846 3874343628 4284712345
390.312186 222246050 9606110 3873578206 4284711890
390.320061 222253611 9606689 3872719802 4284711694
390.328073 222261303 9607425 3871803238 4284711386
390.334849 222267806 9608047 3870979591 4284710968
390.341625 222274313 9609022 3870158190 4284710587
390.348398 222280813 9610243 3869365477 4284710423
390.355261 222287402 9611136 3868559500 4284710323
390.362062 222293931 9611837 3867755307 4284709981
390.368839 222300435 9612451 3866956701 4284709635
390.375678 222307001 9612966 3866150282 4284709263
390.382456 222313512 9613360 3865381075 4284709101
390.389238 222320019 9613644 3864608049 4284708991
390.397093 222327561 9614005 3863684456 4284708519
390.403868 222334064 9614286 3862889118 4284708127
390.410644 222340569 9614508 3862096866 4284707685
390.418878 222348473 9614594 3861174900 4284707514
390.425648 222354972 9614663 3860400438 4284707279
390.432415 222361470 9614738 3859615898 4284706889
390.439185 222367968 9614783 3858831699 4284706515
390.445960 222374472 9614819 3858051365 4284706158
390.452728 222380969 9614828 3857296185 4284706099
390.459492 222387463 9614862 3856533830 4284705898
390.466893 222394568 9614898 3855694452 4284705550
390.473662 222401065 9614910 3854903288 4284705296
390.481052 222408161 9614917 3854073791 4284704958
390.487826 222414663 9614923 3853328748 4284704906
390.496728 222423209 9614937 3852315175 4284704578
390.503495 222429706 9614960 3851542872 4284704228
390.511627 222437514 9614991 3850622594 4284703875
390.519088 222444677 9615059 3849803753 4284703794
390.525858 222451174 9615165 3849038643 4284703420
390.532660 222457704 9615314 3848267247 4284702999
390.539434 222464207 9615496 3847501777 4284702590
390.546202 222470704 9615840 3846744229 4284702279
390.552973 222477205 9616476 3845999536 4284702228
390.559743 222483705 9617028 3845224163 4284701932
390.568600 222492208 9617986 3844201750 4284701435
390.575903 222499217 9619357 3843349749 4284701062
390.582681 222505725 9620323 3842583358 4284700874
390.589497 222512268 9621267 3841812337 4284700808
390.596810 222519289 9622061 3840962500 4284700409
390.603583 222525791 9622647 3840179630 4284700063
390.610607 222532533 9623155 3839365196 4284699678
390.617380 222539035 9623548 3838610944 4284699531
390.624143 222545528 9623790 3837848489 4284699396
390.630940 222552053 9624068 3837058738 4284698992
390.637876 222558711 9624306 3836253857 4284698566
390.644656 222565221 9624521 3835464352 4284698099
390.652149 222572418 9624616 3834628229 4284697899
390.660103 222580052 9624672 3833718779 4284697696
390.666887 222586565 9624712 3832932738 4284697370
390.673676 222593080 9624748 3832146729 4284697039
390.682129 222601195 9624786 3831185310 4284696768
390.688896 222607691 9624790 3830413143 4284696732
390.695675 222614199 9624818 3829621574 4284696404
390.702454 222620708 9624835 3828830868 4284696074
390.709225 222627209 9624840 3828043851 4284695772
390.715999 222633733 9624843 3827282903 4284695666
390.722792 222640231 9624854 3826505955 4284695539
390.729577 222646746 9624866 3825715300 4284695240
390.736347 222653244 9624885 3824924134 4284694916
390.743130 222659757 9624926 3824132007 4284694598
390.750048 222666398 9624977 3823354025 4284694470
390.760211 222676154 9625137 3822179914 4284694131
390.766983 222682653 9625309 3821381134 4284693793
390.773778 222689179 9625612 3820573676 4284693444
390.782072 222697141 9626255 3819618042 4284693214
390.788845 222703643 9626873 3818833627 4284693093
390.795620 222710146 9627536 3818031309 4284692742
390.802396 222716653 9628431 3817227545 4284692406
390.809169 222723154 9629442 3816427033 4284692056
390.815940 222729653 9630455 3815651474 4284691842
390.822731 222736175 9631319 3814885050 4284691780
390.829511 222742682 9631849 3814089335 4284691466
390.836275 222749175 9632342 3813302667 4284691126
390.843116 222755743 9632821 3812508839 4284690730
390.849895 222762250 9633156 3811750765 4284690451
390.856670 222768755 9633331 3811002017 4284690390
390.863736 222775537 9633581 3810180253 4284689998
390.870505 222782036 9633816 3809396546 4284689530
390.877297 222788557 9633990 3808614570 4284689088
390.884067 222795194 9634026 3807842178 4284689022
390.891375 222802072 9634072 3807021995 4284688769
390.899816 222810174 9634131 3806048485 4284688325
390.906585 222816672 9634177 3805265373 4284687951
390.913353 222823170 9634216 3804495639 4284687681
390.920219 222829761 9634232 3803729743 4284687621
390.926994 222836266 9634257 3802944174 4284687356
390.933805 222842803 9634272 3802169298 4284687031
390.940573 222849303 9634279 3801401124 4284686696
390.947517 222855966 9634287 3800623995 4284686425
390.954281 222862462 9634290 3799882405 4284686383
390.961775 222869656 9634298 3799016624 4284686091
390.969044 222876635 9634332 3798174918 4284685701
390.975838 222883154 9634393 3797386734 4284685328
390.982635 222889682 9634452 3796622041 4284685101
390.989412 222896186 9634530 3795869249 4284685039
390.996175 222902680 9634698 3795084278 4284684716
391.002942 222909175 9634911 3794297893 4284684369
391.009702 222915665 9635234 3793513280 4284684017
391.016457 222922148 9635820 3792741280 4284683776
391.023442 222928854 9636757 3791950301 4284683715
391.030191 222935333 9637420 3791150414 4284683371
391.036940 222941812 9638610 3790352483 4284683031
391.043688 222948290 9639410 3789552665 4284682674
391.050436 222954768 9640424 3788796747 4284682632
391.057526 222961574 9641134 3787975934 4284682403
391.064275 222968053 9641684 3787176315 4284682042
391.071035 222974543 9642127 3786378727 4284681600
391.077783 222981020 9642589 3785584988 4284681126
391.084531 222987499 9642825 3784825016 4284681059
391.091646 222994330 9643069 3784011013 4284680766
391.098395 223000809 9643284 3783234716 4284680279
391.105144 223007287 9643535 3782460482 4284679791
391.111892 223013765 9643742 3781691332 4284679315
391.118640 223020243 9643779 3780949566 4284679255
391.125772 223027091 9643824 3780138243 4284679022
391.132521 223033570 9643863 3779373251 4284678656
391.139269 223040048 9643911 3778607407 4284678285
391.146027 223046535 9643956 3777843003 4284677978
391.152775 223053013 9643965 3777105911 4284677937
391.159909 223059862 9643980 3776294421 4284677766
391.166658 223066340 9643992 3775516857 4284677443
391.173406 223072819 9643999 3774740410 4284677148
391.180153 223079296 9644007 3773977476 4284676991
391.186902 223085775 9644011 3773215795 4284676896
391.194061 223092648 9644035 3772401746 4284676519
391.200810 223099127 9644060 3771626806 4284676197
391.207558 223105605 9644112 3770848478 4284675826
391.214306 223112083 9644187 3770073482 4284675484
391.221030 223118538 9644286 3769322785 4284675415
391.228197 223125419 9644459 3768505045 4284675186
391.234946 223131898 9644713 3767727587 4284674830
391.241696 223138377 9645035 3766948512 4284674456
391.248443 223144855 9645745 3766198004 4284674275
391.255192 223151334 9646574 3765442093 4284674177
391.261944 223157816 9647372 3764652494 4284673822
391.268693 223164295 9648569 3763864261 4284673467
391.275441 223170773 9649384 3763079994 4284673074
391.282194 223177256 9650283 3762317631 4284672858
391.288947 223183739 9650990 3761572269 4284672786
391.295699 223190220 9651503 3760801885 4284672347
391.302450 223196701 9651933 3760033071 4284671899
391.309250 223203230 9652338 3759256553 4284671450
391.316013 223209725 9652603 3758503932 4284671229
391.322768 223216206 9652770 3757745995 4284671133
391.329599 223222765 9653004 3756980185 4284670565
391.336350 223229246 9653188 3756227218 4284670097
391.343389 223236004 9653364 3755447114 4284669642
391.350139 223242483 9653434 3754707777 4284669426
391.356892 223248966 9653475 3753957730 4284669339
391.363643 223255447 9653556 3753202555 4284668967
391.370394 223261927 9653630 3752443085 4284668554
391.377521 223268769 9653676 3751648911 4284668188
391.384272 223275251 9653702 3750908944 4284668007
391.391033 223281741 9653711 3750167588 4284667949
391.397783 223288222 9653735 3749422216 4284667588
391.404533 223294701 9653748 3748675163 4284667226
391.411651 223301535 9653763 3747891311 4284666897
391.418403 223308017 9653768 3747153831 4284666856
391.425154 223314498 9653785 3746395966 4284666619
391.431907 223320980 9653823 3745641819 4284666239
391.438657 223327460 9653886 3744888811 4284665869
391.445774 223334293 9653974 3744097713 4284665540
391.452526 223340774 9654088 3743358756 4284665460
391.459277 223347255 9654259 3742592142 4284665183
391.466102 223353808 9654494 3741818083 4284664806
391.472852 223360288 9654815 3741052773 4284664395
391.479909 223367063 9655392 3740264555 4284664067
391.486661 223373545 9656371 3739535036 4284663999
391.493412 223380025 9657169 3738777394 4284663679
391.500161 223386505 9658351 3738016906 4284663235
391.506912 223392985 9659136 3737250512 4284662813
391.514066 223399853 9659960 3736449482 4284662477
391.520818 223406335 9660705 3735711157 4284662437
391.527570 223412817 9661183 3734944594 4284662182
391.534320 223419297 9661640 3734174750 4284661793
391.541029 223425738 9661993 3733411926 4284661425
391.548191 223432613 9662304 3732601611 4284661052
391.554943 223439095 9662466 3731853761 4284660970
391.561695 223445577 9662652 3731081959 4284660682
391.568444 223452056 9662914 3730309203 4284660195
391.575193 223458535 9663094 3729538241 4284659735
391.582325 223465382 9663197 3728745092 4284659437
391.589033 223471821 9663213 3727994982 4284659400
391.595785 223478303 9663243 3727220203 4284659028
391.602608 223484854 9663274 3726440258 4284658659
391.609358 223491333 9663324 3725669327 4284658314
391.616380 223498075 9663339 3724899047 4284658205
391.623135 223504559 9663346 3724142976 4284658086
391.629887 223511041 9663352 3723370749 4284657793
391.636636 223517520 9663366 3722601072 4284657451
391.643385 223523999 9663372 3721828898 4284657129
391.650511 223530841 9663377 3721034976 4284656997
391.657267 223537326 9663387 3720264416 4284656891
391.664030 223543818 9663415 3719482111 4284656556
391.670780 223550298 9663460 3718702968 4284656240
391.677529 223556778 9663553 3717925459 4284655901
391.684640 223563604 9663690 3717129653 4284655772
391.691395 223570089 9663857 3716356025 4284655635
391.698144 223576568 9664120 3715570411 4284655298
391.704896 223583050 9664516 3714781782 4284654953
391.711646 223589530 9664973 3713992863 4284654570
391.718778 223596376 9666066 3713193944 4284654454
391.725532 223602861 9667033 3712418637 4284654318
391.732283 223609342 9668102 3711627949 4284653975
391.739103 223615889 9668884 3710826195 4284653605
391.745853 223622369 9669637 3710034307 4284653264
391.752920 223629153 9670422 3709248425 4284653149
391.759675 223635638 9670879 3708473822 4284653025
391.766426 223642119 9671272 3707680071 4284652646
391.773177 223648600 9671644 3706886252 4284652270
391.779927 223655080 9671954 3706107971 4284651979
391.787130 223661995 9672104 3705298603 4284651896
391.793883 223668478 9672294 3704504059 4284651525
391.800636 223674961 9672485 3703713702 4284651101
391.807386 223681440 9672641 3702928295 4284650665
391.814135 223687920 9672700 3702160116 4284650417
391.821268 223694767 9672730 3701354836 4284650331
391.828026 223701255 9672760 3700571344 4284650007
391.834778 223707737 9672812 3699794193 4284649654
391.841527 223714216 9672877 3699020517 4284649293
391.848277 223720696 9672909 3698261196 4284649058
391.855387 223727521 9672919 3697468367 4284649006
391.862137 223734001 9672926 3696691446 4284648734
391.868889 223740483 9672935 3695921959 4284648424
391.875709 223747031 9672958 3695145337 4284648032
391.882459 223753511 9672968 3694397654 4284647829
391.889530 223760299 9672981 3693628321 4284647783
391.896283 223766782 9673020 3692860699 4284647425
391.903040 223773269 9673099 3692098801 4284647037
391.909791 223779749 9673225 3691339321 4284646619
391.916541 223786229 9673403 3690589748 4284646353
391.923653 223793057 9673670 3689810992 4284646288
391.930405 223799539 9673917 3689041012 4284645923
391.937155 223806019 9674317 3688266571 4284645532
391.943909 223812503 9674824 3687495205 4284645137
391.950661 223818985 9675984 3686753651 4284645077
391.957782 223825821 9677224 3685937330 4284644858
391.964535 223832303 9678142 3685156432 4284644501
391.971286 223838784 9678948 3684369373 4284644147
391.978032 223845261 9679627 3683583987 4284643799
391.984783 223851741 9680305 3682838602 4284643765
391.991912 223858586 9680789 3682018822 4284643536
391.998664 223865067 9681193 3681232042 4284643151
392.005414 223871547 9681544 3680446323 4284642719
392.012246 223878107 9681879 3679650335 4284642295
392.018998 223884620 9681984 3678892425 4284642241
392.026069 223891377 9682146 3678083995 4284641910
392.032819 223897856 9682319 3677298408 4284641439
392.039568 223904336 9682432 3676514898 4284641015
392.046316 223910813 9682500 3675736673 4284640634
392.053031 223917260 9682517 3674985888 4284640574
392.060195 223924137 9682547 3674167148 4284640369
392.066943 223930616 9682609 3673391720 4284640006
392.073692 223937094 9682654 3672612247 4284639694
392.080438 223943571 9682691 3671837559 4284639392
392.087187 223950049 9682697 3671088933 4284639347
392.094326 223956903 9682703 3670268981 4284639149
392.101033 223963341 9682716 3669503576 4284638802
392.107781 223969820 9682719 3668732266 4284638489
392.114528 223976297 9682729 3667973231 4284638244
392.121277 223982776 9682738 3667230414 4284638187
392.128454 223989667 9682763 3666405410 4284637873
392.135208 223996150 9682833 3665624032 4284637493
392.141956 224002628 9682948 3664842074 4284637135
392.148806 224009203 9683136 3664067334 4284636945
392.155569 224015696 9683371 3663299416 4284636843
392.162584 224022431 9683750 3662494072 4284636417
392.169338 224028915 9684193 3661717947 4284635987
392.176085 224035392 9684695 3660939360 4284635600
392.182832 224041868 9685805 3660188428 4284635413
392.189581 224048348 9687297 3659430884 4284635334
392.196702 224055185 9688189 3658606672 4284634954
392.203451 224061663 9688925 3657834086 4284634551
392.210199 224068141 9689593 3657058551 4284634160
392.216947 224074619 9690193 3656310541 4284633972
392.223696 224081098 9690590 3655558335 4284633880
392.230834 224087950 9690966 3654739370 4284633415
392.237583 224094430 9691292 3653966439 4284632990
392.244331 224100908 9691592 3653193430 4284632558
392.251078 224107385 9691777 3652433946 4284632343
392.257826 224113864 9691874 3651669371 4284632220
392.264974 224120725 9692088 3650853635 4284631708
392.271724 224127205 9692226 3650083965 4284631281
392.278472 224133684 9692310 3649316291 4284630906
392.285288 224140227 9692342 3648562829 4284630735
392.292032 224146701 9692358 3647805507 4284630650
392.299121 224153506 9692406 3647006162 4284630291
392.305874 224159990 9692451 3646244502 4284629976
392.312622 224166468 9692484 3645487476 4284629747
392.319370 224172946 9692491 3644745173 4284629687
392.326118 224179424 9692496 3643979487 4284629432
392.333260 224186280 9692510 3643158388 4284629075
392.340025 224192774 9692518 3642384477 4284628761
392.346774 224199253 9692538 3641620766 4284628488
392.353522 224205732 9692547 3640863676 4284628440
392.360272 224212211 9692591 3640091146 4284628156
392.367386 224219041 9692687 3639277701 4284627723
392.374134 224225518 9692791 3638501204 4284627335
392.380881 224231996 9692963 3637733746 4284627051
392.389047 224239837 9693353 3636820217 4284626986
392.395816 224246335 9693693 3636028726 4284626629
392.402588 224252837 9694147 3635233112 4284626271
392.409359 224259337 9694813 3634442938 4284625926
392.416119 224265826 9696044 3633697344 4284625886
392.424463 224273837 9697307 3632728048 4284625577
392.431487 224280579 9698082 3631900512 4284625199
392.438252 224287074 9698779 3631107701 4284624835
392.447053 224295523 9699569 3630079629 4284624379
392.453832 224302031 9700043 3629321999 4284624316
392.461398 224309295 9700419 3628500786 4284624063
392.468165 224315792 9700746 3627791120 4284623658
392.474955 224322309 9701015 3627080723 4284623246
392.482751 224329795 9701195 3626231083 4284623023
392.489529 224336299 9701293 3625447828 4284622851
392.496477 224342970 9701495 3624633156 4284622391
392.503249 224349474 9701605 3623840748 4284622016
392.510050 224356001 9701669 3623051427 4284621674
392.516984 224362657 9701696 3622275546 4284621560
392.523760 224369163 9701718 3621502530 4284621418
392.530537 224375669 9701772 3620716358 4284621062
392.537319 224382180 9701816 3619926767 4284620761
392.544073 224388663 9701840 3619143207 4284620457
392.551201 224395507 9701851 3618351136 4284620352
392.557968 224402001 9701855 3617605272 4284620210
392.564873 224408632 9701867 3616890272 4284619865
392.572716 224416159 9701886 3616070805 4284619464
392.579487 224422659 9701912 3615288039 4284619135
392.586264 224429168 9701925 3614530001 4284619083
392.593657 224436263 9701970 3613676365 4284618862
392.600433 224442768 9702071 3612890490 4284618506
392.607203 224449268 9702204 3612101755 4284618178
392.613975 224455768 9702429 3611320376 4284617814
392.620748 224462270 9702791 3610571825 4284617756
392.627511 224468762 9703185 3609791785 4284617534
392.634288 224475278 9703641 3608998448 4284617157
392.641455 224482149 9704321 3608163349 4284616774
392.649252 224489634 9705625 3607293858 4284616620
392.656046 224496157 9706904 3606530390 4284616473
392.662819 224502659 9707752 3605762087 4284616086
392.669601 224509170 9708496 3604998945 4284615684
392.676364 224515661 9709092 3604235482 4284615275
392.683785 224522785 9709697 3603416934 4284615125
392.690559 224529289 9710088 3602657990 4284614942
392.697336 224535795 9710390 3601888752 4284614552
392.705152 224543298 9710674 3601003263 4284614105
392.711965 224549839 9710978 3600231945 4284613668
392.718754 224556357 9711067 3599497675 4284613599
392.727093 224564362 9711226 3598555809 4284613244
392.733864 224570863 9711356 3597781243 4284612817
392.740638 224577366 9711431 3597009708 4284612418
392.748364 224584782 9711484 3596145480 4284612071
392.755815 224591938 9711497 3595330111 4284612017
392.762603 224598453 9711554 3594569835 4284611662
392.769375 224604951 9711605 3593812837 4284611346
392.776143 224611450 9711651 3593055737 4284610984
392.782920 224617955 9711669 3592307757 4284610781
392.789704 224624471 9711679 3591557427 4284610724
392.796481 224630974 9711686 3590782541 4284610408
392.803244 224637467 9711700 3590017749 4284610086
392.810055 224644005 9711719 3589252246 4284609729
392.816827 224650507 9711736 3588525749 4284609664
392.823596 224657004 9711770 3587778684 4284609434
392.830361 224663498 9711850 3587023125 4284609049
392.837180 224670045 9712006 3586258728 4284608645
392.844094 224676683 9712224 3585483572 4284608249
392.850913 224683231 9712568 3584741272 4284608170
392.857685 224689730 9712923 3583974985 4284607957
392.864462 224696237 9713436 3583194465 4284607593
392.871368 224702865 9714122 3582389114 4284607227
392.879098 224710287 9715158 3581490847 4284606848
392.885918 224716833 9716615 3580726775 4284606798
392.892939 224723575 9717500 3579907337 4284606555
392.901043 224731354 9718394 3578960984 4284606119
392.907822 224737861 9718981 3578165748 4284605775
392.914599 224744369 9719534 3577390264 4284605525
392.922089 224751560 9719969 3576557741 4284605460
392.928874 224758073 9720244 3575780073 4284605066
392.935650 224764576 9720531 3575008451 4284604640
392.942421 224771077 9720797 3574237462 4284604219
392.949193 224777578 9720939 3573492972 4284604042
392.956535 224784627 9721035 3572684273 4284603849
392.963318 224791140 9721149 3571925264 4284603439
392.970065 224797615 9721228 3571177603 4284603049
392.976844 224804125 9721273 3570427417 4284602689
392.983740 224810744 9721300 3569675482 4284602585
392.990822 224817543 9721364 3568882952 4284602214
392.999038 224825431 9721434 3567969258 4284601775
393.005819 224831939 9721468 3567213407 4284601436
393.012589 224838440 9721486 3566471122 4284601172
393.019372 224844950 9721492 3565737068 4284601111
393.026144 224851450 9721500 3564978598 4284600827
393.032921 224857957 9721510 3564219304 4284600470
393.041055 224865765 9721531 3563310012 4284600019
393.047828 224872268 9721555 3562574959 4284599780
393.054631 224878798 9721587 3561827208 4284599706
393.061403 224885300 9721678 3561046860 4284599350
393.068165 224891790 9721811 3560276440 4284598984
393.074942 224898298 9722008 3559501571 4284598630
393.081718 224904801 9722357 3558741699 4284598363
393.088507 224911320 9722825 3557983838 4284598293
393.095273 224917815 9723244 3557198968 4284597954
393.102154 224924420 9723870 3556401821 4284597602
393.108927 224930923 9724629 3555619415 4284597244
393.115759 224937481 9726045 3554848639 4284597028
393.124264 224945645 9727181 3553886233 4284596934
393.131194 224952298 9727977 3553079512 4284596564
393.137969 224958803 9728579 3552295059 4284596179
393.144740 224965302 9729118 3551507840 4284595848
393.151518 224971810 9729551 3550750205 4284595672
393.158360 224978377 9729812 3549999720 4284595549
393.165213 224984956 9730132 3549231698 4284595102
393.171988 224991462 9730409 3548475419 4284594672
393.178801 224998002 9730594 3547725009 4284594314
393.185576 225004506 9730681 3546982476 4284594190
393.192739 225011391 9730809 3546183834 4284593790
393.199549 225017919 9730903 3545432791 4284593386
393.206317 225024417 9730964 3544684715 4284592988
393.213069 225030899 9731015 3543949565 4284592681
393.220294 225037834 9731029 3543173106 4284592601
393.227077 225044347 9731068 3542414767 4284592274
393.233851 225050850 9731110 3541671289 4284591888
393.240626 225057355 9731143 3540927028 4284591536
393.247393 225063850 9731158 3540182794 4284591274
393.254157 225070343 9731164 3539421718 4284591135
393.261059 225076969 9731181 3538673005 4284590768
393.267897 225083533 9731199 3537935729 4284590379
393.274670 225090036 9731225 3537213146 4284589975
393.281446 225096541 9731270 3536504026 4284589654
393.289499 225104274 9731324 3535661754 4284589586
393.296280 225110782 9731416 3534942900 4284589178
393.303069 225117299 9731586 3534224376 4284588776
393.309854 225123812 9731806 3533506507 4284588387
393.316629 225130317 9732212 3532781495 4284588140
393.323398 225136816 9732772 3532018705 4284588072
393.330173 225143319 9733235 3531211392 4284587742
393.337032 225149903 9733924 3530394307 4284587379
393.343995 225156587 9735065 3529560824 4284587039
393.350787 225163109 9736250 3528775670 4284586843
393.357717 225169761 9737100 3527986179 4284586804
393.364635 225176403 9737834 3527170471 4284586443
393.371375 225182872 9738422 3526381151 4284586050
393.378182 225189408 9738910 3525587974 4284585717
393.384957 225195912 9739229 3524826289 4284585660
393.391723 225202406 9739497 3524036475 4284585405
393.398588 225208999 9739724 3523236651 4284585013
393.405367 225215507 9739978 3522445973 4284584589
393.412253 225222115 9740218 3521649291 4284584167
393.419054 225228645 9740265 3520895728 4284584107
393.425830 225235150 9740359 3520119233 4284583821
393.432601 225241649 9740424 3519340813 4284583433
393.439375 225248155 9740484 3518564322 4284583043
393.447134 225255602 9740514 3517687022 4284582672
393.453912 225262108 9740534 3516931933 4284582616
393.460688 225268614 9740576 3516154720 4284582371
393.467460 225275115 9740610 3515376557 4284582064
393.474229 225281613 9740627 3514596519 4284581753
393.482088 225289158 9740641 3513701181 4284581466
393.488905 225295704 9740643 3512934402 4284581423
393.495678 225302204 9740649 3512151741 4284581151
393.502554 225308812 9740668 3511361870 4284580804
393.509326 225315305 9740693 3510578623 4284580473
393.517092 225322762 9740729 3509721709 4284580405
393.523924 225329320 9740794 3508932345 4284580163
393.530698 225335823 9740903 3508142035 4284579827
393.537589 225342440 9741097 3507337267 4284579478
393.544551 225349123 9741400 3506530888 4284579149
393.551322 225355622 9741950 3505777997 4284579096
393.558064 225362094 9742438 3505049203 4284578835
393.564843 225368602 9743039 3504322716 4284578422
393.572239 225375702 9743897 3503536536 4284577936
393.579051 225382242 9745236 3502758757 4284577634
393.585832 225388752 9746274 3501988112 4284577580
393.592601 225395249 9747005 3501189962 4284577345
393.599373 225401753 9747659 3500381898 4284576965
393.606149 225408256 9748237 3499579280 4284576598
393.613413 225415231 9748713 3498736601 4284576228
393.620186 225421733 9749000 3497986253 4284576143
393.627115 225428383 9749291 3497197175 4284575824
393.634102 225435091 9749569 3496382342 4284575413
393.640876 225441594 9749774 3495588232 4284574995
393.649087 225449476 9749899 3494661051 4284574841
393.655862 225455982 9749992 3493878091 4284574582
393.662636 225462484 9750074 3493087946 4284574215
393.669408 225468983 9750131 3492291143 4284573896
393.676309 225475611 9750186 3491485027 4284573564
393.683164 225482189 9750218 3490699837 4284573368
393.689941 225488699 9750228 3489929431 4284573322
393.696657 225495144 9750257 3489140849 4284573034
393.703440 225501657 9750267 3488345307 4284572753
393.710210 225508155 9750273 3487547027 4284572471
393.716985 225514659 9750292 3486779844 4284572298
393.723747 225521149 9750297 3486011094 4284572207
393.730519 225527651 9750314 3485213702 4284571886
393.737282 225534143 9750337 3484421399 4284571535
393.744069 225540660 9750385 3483625218 4284571199
393.750907 225547223 9750421 3482858380 4284571146
393.757717 225553763 9750506 3482072699 4284570947
393.764493 225560267 9750663 3481276276 4284570590
393.773159 225568585 9750926 3480249271 4284570130
393.779933 225575089 9751333 3479457256 4284569825
393.786743 225581627 9751871 3478677875 4284569760
393.793521 225588133 9752439 3477881097 4284569458
393.800294 225594635 9753062 3477077870 4284569099
393.807051 225601122 9754158 3476275912 4284568728
393.814064 225607855 9755144 3475454993 4284568449
393.821199 225614704 9756077 3474649953 4284568397
393.827975 225621209 9756799 3473867995 4284568123
393.834743 225627706 9757382 3473073158 4284567752
393.841507 225634199 9757873 3472280204 4284567390
393.848275 225640697 9758282 3471502593 4284567070
393.855059 225647211 9758527 3470737906 4284566991
393.861822 225653702 9758776 3469962585 4284566689
393.868589 225660197 9759033 3469185915 4284566240
393.875364 225666703 9759253 3468404138 4284565769
393.882443 225673499 9759384 3467603390 4284565510
393.889293 225680074 9759443 3466824448 4284565389
393.896080 225686590 9759511 3466036133 4284565029
393.903954 225694149 9759583 3465121256 4284564625
393.910896 225700813 9759628 3464313787 4284564303
393.921201 225710706 9759646 3463165825 4284564217
393.928024 225717264 9759684 3462383915 4284563896
393.934808 225723769 9759703 3461604536 4284563593
393.941580 225730270 9759710 3460828754 4284563286
393.948697 225737102 9759715 3460034667 4284563106
393.956083 225744193 9759715 3459205664 4284563030
393.962882 225750721 9759731 3458428637 4284562706
393.969663 225757231 9759756 3457646958 4284562383
393.976825 225764106 9759789 3456822713 4284562020
393.983634 225770643 9759832 3456058973 4284561873
393.990407 225777145 9759910 3455285556 4284561778
393.997175 225783641 9760060 3454505392 4284561425
394.004099 225790290 9760302 3453701607 4284561064
394.010883 225796801 9760661 3452922689 4284560803
394.019065 225804658 9761393 3452010104 4284560754
394.025894 225811213 9761982 3451222704 4284560354
394.032694 225817741 9762659 3450440756 4284559959
394.039505 225824278 9763913 3449652376 4284559584
394.046286 225830789 9764787 3448871679 4284559187
394.054108 225838300 9765874 3448012505 4284559082
394.060882 225844799 9766567 3447257354 4284558829
394.067663 225851312 9767104 3446495522 4284558401
394.074444 225857819 9767621 3445729586 4284557941
394.081218 225864323 9767983 3444981428 4284557698
394.088690 225871498 9768247 3444149859 4284557545
394.095558 225878089 9768558 3443374128 4284557094
394.102329 225884590 9768815 3442606069 4284556639
394.109099 225891089 9769033 3441838951 4284556180
394.115875 225897594 9769128 3441098639 4284555970
394.122660 225904109 9769193 3440351930 4284555796
394.129438 225910614 9769260 3439584474 4284555412
394.136206 225917111 9769298 3438816261 4284555027
394.142979 225923613 9769325 3438051418 4284554685
394.149761 225930124 9769359 3437297375 4284554485
394.156537 225936629 9769379 3436546497 4284554398
394.163304 225943124 9769413 3435786933 4284554079
394.170082 225949658 9769420 3435019428 4284553769
394.176916 225956192 9769430 3434251812 4284553438
394.183889 225962888 9769446 3433485612 4284553263
394.190696 225969422 9769454 3432727344 4284553173
394.199095 225977487 9769480 3431778945 4284552733
394.205877 225983997 9769514 3431014836 4284552396
394.212646 225990495 9769576 3430250671 4284552008
394.219420 225996997 9769625 3429505965 4284551915
394.226190 226003495 9769723 3428744655 4284551759
394.233066 226010097 9769918 3427964393 4284551363
394.239849 226016610 9770147 3427188210 4284550957
394.246623 226023111 9770630 3426431444 4284550774
394.253392 226029610 9771387 3425680095 4284550707
394.260195 226036140 9771947 3424900036 4284550328
394.266973 226042648 9772798 3424122228 4284549924
394.273744 226049148 9773911 3423350697 4284549504
394.280515 226055648 9774868 3422599066 4284549248
394.287322 226062182 9775687 3421852910 4284549185
394.294108 226068697 9776226 3421076070 4284548821
394.300894 226075211 9776765 3420305873 4284548390
394.307679 226081726 9777233 3419528908 4284547975
394.314455 226088230 9777639 3418775895 4284547670
394.321273 226094775 9777903 3418034599 4284547574
394.329556 226102727 9778226 3417109420 4284546887
394.336332 226109234 9778492 3416350759 4284546338
394.343112 226115743 9778708 3415592600 4284545771
394.349894 226122252 9778828 3414846669 4284545450
394.357100 226129170 9778888 3414039609 4284545293
394.366885 226138565 9778962 3412937219 4284544694
394.374065 226145456 9779003 3412124242 4284544277
394.380947 226152062 9779043 3411357960 4284543963
394.387714 226158560 9779047 3410618374 4284543914
394.395149 226165696 9779075 3409777884 4284543644
394.401945 226172221 9779093 3409011863 4284543313
394.408714 226178719 9779101 3408250094 4284542989
394.415683 226185409 9779111 3407478955 4284542701
394.422455 226191910 9779123 3406732439 4284542622
394.429236 226198422 9779151 3405967780 4284542343
394.436219 226205123 9779180 3405174091 4284541982
394.443066 226211699 9779229 3404388197 4284541634
394.450116 226218465 9779281 3403601736 4284541523
394.456907 226224985 9779401 3402829735 4284541314
394.463914 226231710 9779599 3402016967 4284540917
394.471459 226238955 9779933 3401143118 4284540507
394.478231 226245456 9780274 3400350263 4284540143
394.485032 226251985 9781113 3399600221 4284540082
394.492454 226259109 9781845 3398742876 4284539857
394.500880 226267199 9783012 3397753949 4284539398
394.507656 226273704 9784005 3396964048 4284539039
394.514525 226280298 9784934 3396173339 4284538769
394.521298 226286802 9785732 3395415084 4284538717
394.528057 226293288 9786245 3394638161 4284538392
394.535866 226300785 9786799 3393738425 4284537940
394.542629 226307276 9787224 3392961405 4284537530
394.549443 226313822 9787565 3392196039 4284537255
394.556347 226320447 9787740 3391423535 4284537159
394.563108 226326938 9787982 3390643471 4284536664
394.570109 226333658 9788205 3389836710 4284536099
394.576895 226340172 9788402 3389062194 4284535614
394.583648 226346654 9788509 3388316458 4284535325
394.590401 226353137 9788533 3387571472 4284535260
394.597151 226359617 9788578 3386791808 4284534915
394.603900 226366096 9788629 3386011920 4284534572
394.610649 226372575 9788678 3385232936 4284534248
394.617397 226379053 9788686 3384476078 4284534183
394.624458 226385831 9788700 3383660700 4284533986
394.631206 226392310 9788717 3382880037 4284533647
394.637955 226398789 9788733 3382096653 4284533323
394.644704 226405267 9788735 3381315606 4284533006
394.651557 226411847 9788743 3380557275 4284532934
394.658595 226418603 9788756 3379755096 4284532722
394.665343 226425081 9788794 3378982163 4284532361
394.672091 226431559 9788825 3378209118 4284532021
394.678839 226438037 9788896 3377433165 4284531620
394.685587 226444515 9788995 3376686384 4284531535
394.692707 226451351 9789127 3375859537 4284531279
394.699457 226457830 9789380 3375056178 4284530906
394.706205 226464308 9789665 3374255843 4284530517
394.712953 226470786 9790086 3373454750 4284530161
394.719701 226477265 9791048 3372682915 4284530096
394.726840 226484118 9791891 3371838697 4284529859
394.733589 226490597 9793086 3371032582 4284529513
394.740337 226497075 9793983 3370228236 4284529180
394.747085 226503553 9794800 3369431905 4284528855
394.753832 226510031 9795589 3368680224 4284528801
394.760969 226516882 9796185 3367844393 4284528565
394.767718 226523361 9796748 3367041150 4284528163
394.774466 226529840 9797195 3366240346 4284527746
394.781214 226536317 9797499 3365449679 4284527460
394.788033 226542864 9797712 3364671450 4284527331
394.795133 226549680 9797996 3363892786 4284526820
394.801888 226556165 9798269 3363166928 4284526244
394.808637 226562644 9798535 3362442515 4284525660
394.815385 226569121 9798640 3361737273 4284525372
394.822135 226575601 9798671 3360951883 4284525277
394.829255 226582437 9798738 3360106184 4284524920
394.836027 226588937 9798800 3359305770 4284524543
394.842775 226595415 9798852 3358504309 4284524220
394.849523 226601893 9798870 3357731621 4284524056
394.856272 226608373 9798877 3356965558 4284523965
394.863378 226615196 9798895 3356138302 4284523610
394.870131 226621678 9798909 3355351509 4284523252
394.876880 226628157 9798917 3354563954 4284522922
394.883628 226634635 9798920 3353798084 4284522784
394.890377 226641114 9798930 3353049593 4284522696
394.897510 226647962 9798959 3352305209 4284522309
394.904264 226654445 9799016 3351600300 4284521931
394.911024 226660935 9799092 3350878565 4284521572
394.917771 226667413 9799194 3350109675 4284521400
394.924592 226673961 9799339 3349325073 4284521295
394.931644 226680731 9799621 3348497040 4284520911
394.938398 226687214 9799930 3347699388 4284520561
394.945145 226693691 9800366 3346897287 4284520185
394.951894 226700170 9801244 3346136430 4284520000
394.958643 226706650 9802197 3345378112 4284519910
394.965768 226713489 9803425 3344528588 4284519551
394.972517 226719968 9804250 3343728145 4284519191
394.979264 226726446 9805065 3342942972 4284518912
394.986022 226732933 9805780 3342183343 4284518876
394.992771 226739412 9806337 3341407210 4284518583
394.999906 226746262 9806902 3340577650 4284518198
395.006655 226752741 9807339 3339790316 4284517792
395.013404 226759220 9807611 3339016401 4284517465
395.020152 226765698 9807794 3338257576 4284517369
395.026901 226772177 9808008 3337480870 4284517000
395.034056 226779046 9808217 3336662910 4284516549
395.040805 226785524 9808361 3335890517 4284516146
395.047553 226792003 9808459 3335123309 4284515807
395.054301 226798481 9808497 3334372381 4284515727
395.061125 226805032 9808523 3333587363 4284515440
395.068196 226811820 9808573 3332768348 4284515092
395.074945 226818299 9808620 3331991840 4284514778
395.081695 226824780 9808659 3331226186 4284514522
395.088443 226831258 9808665 3330479776 4284514478
395.095192 226837736 9808682 3329717260 4284514223
395.102324 226844584 9808685 3328897624 4284513900
395.109033 226851023 9808699 3328127039 4284513566
395.115781 226857502 9808704 3327362651 4284513319
395.122529 226863980 9808708 3326609949 4284513282
395.129278 226870459 9808737 3325840110 4284513012
395.136449 226877343 9808785 3325027348 4284512651
395.143198 226883822 9808849 3324254034 4284512310
395.149947 226890301 9808945 3323502072 4284512218
395.156695 226896779 9809103 3322735543 4284512038
395.163442 226903256 9809296 3321954358 4284511661
395.170588 226910117 9809661 3321126679 4284511268
395.177337 226916595 9810064 3320349004 4284510908
395.184085 226923073 9810995 3319598922 4284510850
395.190833 226929552 9811915 3318835248 4284510686
395.197655 226936101 9813148 3318040268 4284510335
395.204701 226942865 9814059 3317212139 4284510002
395.211449 226949343 9814932 3316419622 4284509652
395.218198 226955823 9815691 3315658714 4284509591
395.224948 226962302 9816273 3314886517 4284509445
395.231697 226968782 9816789 3314106201 4284509056
395.238835 226975634 9817227 3313289404 4284508624
395.245584 226982112 9817535 3312513942 4284508179
395.252332 226988591 9817675 3311766406 4284508066
395.259081 226995070 9817821 3311009328 4284507865
395.265830 227001549 9818050 3310244069 4284507359
395.272968 227008401 9818268 3309438471 4284506830
395.279716 227014879 9818391 3308684740 4284506427
395.286464 227021358 9818427 3307945845 4284506316
395.293213 227027837 9818449 3307193007 4284506144
395.299962 227034316 9818485 3306427890 4284505754
395.307120 227041187 9818542 3305614267 4284505385
395.313868 227047666 9818583 3304858251 4284505125
395.320618 227054145 9818592 3304102577 4284505072
395.327367 227060626 9818601 3303331046 4284504832
395.334181 227067166 9818609 3302545420 4284504494
395.341254 227073956 9818619 3301728701 4284504117
395.348020 227080451 9818623 3300960197 4284503959
395.354775 227086936 9818639 3300215803 4284503873
395.361533 227093424 9818670 3299428510 4284503531
395.368281 227099902 9818716 3298638982 4284503196
395.375378 227106716 9818793 3297809959 4284502815
395.382126 227113193 9818924 3297043718 4284502606
395.388883 227119680 9819087 3296275065 4284502538
395.395638 227126164 9819321 3295491324 4284502171
395.402386 227132643 9819667 3294710734 4284501811
395.409514 227139486 9820138 3293881125 4284501409
395.416263 227145964 9820981 3293114952 4284501216
395.423027 227152459 9822032 3292349751 4284501172
395.429776 227158938 9823272 3291559544 4284500809
395.436524 227165415 9824061 3290768236 4284500458
395.443641 227172248 9824861 3289945649 4284500085
395.450390 227178727 9825638 3289194220 4284499887
395.457147 227185213 9826172 3288451223 4284499816
395.463904 227191700 9826601 3287684199 4284499424
395.470726 227198249 9826998 3286911261 4284498999
395.477769 227205010 9827308 3286110684 4284498555
395.484517 227211489 9827522 3285364672 4284498321
395.491279 227217980 9827626 3284609194 4284498232
395.498033 227224464 9827836 3283848404 4284497781
395.504781 227230943 9827986 3283093465 4284497345
395.511901 227237777 9828091 3282304351 4284496992
395.518649 227244255 9828122 3281566692 4284496911
395.525399 227250735 9828149 3280810512 4284496644
395.532147 227257213 9828188 3280056453 4284496292
395.538895 227263692 9828237 3279302588 4284495945
395.546053 227270563 9828283 3278515897 4284495659
395.552802 227277042 9828288 3277781669 4284495617
395.559551 227283521 9828293 3277008380 4284495391
395.566298 227289999 9828300 3276233012 4284495049
395.573030 227296461 9828306 3275458321 4284494736
395.579783 227302944 9828311 3274687089 4284494447
395.586532 227309424 9828316 3273935247 4284494394
395.593282 227315904 9828345 3273153744 4284494159
395.600041 227322392 9828388 3272368359 4284493835
395.606867 227328945 9828460 3271576539 4284493472
395.613617 227335425 9828564 3270798260 4284493147
395.620369 227341907 9828739 3270043244 4284493095
395.627135 227348402 9828976 3269255538 4284492870
395.633888 227354885 9829310 3268466701 4284492498
395.640639 227361366 9829738 3267674764 4284492147
395.647388 227367845 9830284 3266887145 4284491787
395.654138 227374325 9831490 3266146760 4284491741
395.661263 227381165 9832710 3265331969 4284491520
395.668021 227387653 9833582 3264545111 4284491158
395.674975 227394330 9834334 3263736506 4284490789
395.681761 227400846 9835103 3262967102 4284490651
395.690154 227408902 9835755 3262004692 4284490472
395.696959 227415437 9836239 3261211226 4284490107
395.703978 227422173 9836615 3260396481 4284489689
395.710786 227428711 9836958 3259606196 4284489261
395.717558 227435209 9837138 3258852259 4284489161
395.724339 227441721 9837283 3258084343 4284488941
395.731361 227448461 9837512 3257279310 4284488461
395.739062 227455855 9837705 3256399753 4284487931
395.745931 227462448 9837795 3255618737 4284487524
395.752703 227468950 9837814 3254879109 4284487460
395.759470 227475445 9837831 3254106014 4284487231
395.766232 227481937 9837877 3253330096 4284486866
395.773748 227489154 9837928 3252470778 4284486511
395.780517 227495651 9837948 3251721018 4284486396
395.787335 227502197 9837953 3250945968 4284486292
395.794100 227508690 9837954 3250168563 4284485986
395.800876 227515195 9837957 3249386400 4284485659
395.807650 227521698 9837967 3248608543 4284485285
395.814412 227528191 9837981 3247833834 4284485011
395.821210 227534716 9837992 3247076204 4284484962
395.827989 227541224 9838014 3246295573 4284484750
395.834816 227547779 9838065 3245508179 4284484399
395.841588 227554280 9838168 3244723797 4284484035
395.848404 227560823 9838309 3243964509 4284483890
395.855193 227567341 9838521 3243197153 4284483762
395.861971 227573848 9838851 3242403255 4284483406
395.868770 227580374 9839238 3241610574 4284483051
395.875540 227586873 9839776 3240818439 4284482690
395.882407 227593466 9840802 3240039554 4284482553
395.889169 227599957 9842029 3239276218 4284482451
395.896089 227606600 9842955 3238485669 4284482060
395.902878 227613118 9843715 3237708444 4284481687
395.909651 227619621 9844389 3236931487 4284481334
395.917114 227626784 9845128 3236108443 4284481168
395.923897 227633296 9845548 3235338622 4284481026
395.930671 227639799 9845960 3234564233 4284480641
395.937447 227646303 9846266 3233786549 4284480252
395.944213 227652799 9846528 3233013116 4284479854
395.952059 227660332 9846697 3232145565 4284479684
395.958854 227666855 9846830 3231379035 4284479460
395.965625 227673356 9846986 3230598609 4284479049
395.972395 227679854 9847122 3229818703 4284478609
395.979178 227686367 9847197 3229037042 4284478221
395.986635 227693525 9847228 3228202702 4284478096
395.993438 227700056 9847254 3227429212 4284477916
396.000204 227706550 9847298 3226653173 4284477582
396.007140 227713209 9847343 3225851848 4284477242
396.013913 227719711 9847382 3225070290 4284476923
396.020827 227726349 9847401 3224300765 4284476845
396.027729 227732974 9847403 3223506173 4284476679
396.034536 227739510 9847406 3222721899 4284476372
396.041843 227746523 9847427 3221879418 4284475996
396.048614 227753025 9847442 3221130307 4284475832
396.055433 227759572 9847458 3220361136 4284475718
396.062208 227766074 9847513 3219562676 4284475362
396.068979 227772574 9847594 3218761156 4284475030
396.075744 227779068 9847702 3217963197 4284474682
396.082516 227785569 9847866 3217187129 4284474500
396.089281 227792064 9848140 3216412951 4284474417
396.096581 227799072 9848520 3215560074 4284474017
396.103345 227805565 9848983 3214764448 4284473659
396.110329 227812270 9849545 3213939424 4284473270
396.117983 227819619 9850771 3213072038 4284473118
396.124766 227826130 9851981 3212288795 4284472987
396.131544 227832639 9852844 3211488102 4284472648
396.138317 227839139 9853638 3210690360 4284472299
396.145058 227845610 9854357 3209920874 4284472063
396.151956 227852232 9854853 3209151641 4284472031
396.158877 227858877 9855225 3208332230 4284471677
396.165652 227865381 9855558 3207531311 4284471288
396.173069 227872502 9855866 3206657302 4284470858
396.179834 227878996 9856098 3205871863 4284470532
396.186605 227885495 9856207 3205097322 4284470449
396.193375 227891995 9856352 3204299018 4284470149
396.200137 227898488 9856485 3203504145 4284469747
396.206923 227905003 9856578 3202710036 4284469370
396.213698 227911505 9856624 3201940629 4284469153
396.220466 227918001 9856645 3201172249 4284469086
396.227231 227924496 9856684 3200373604 4284468784
396.234048 227931042 9856731 3199576811 4284468458
396.240826 227937548 9856764 3198784570 4284468139
396.247596 227944048 9856782 3198016547 4284467936
396.254371 227950551 9856787 3197249243 4284467892
396.261134 227957044 9856794 3196531615 4284467584
396.267909 227963548 9856816 3195819143 4284467185
396.274685 227970053 9856839 3195112323 4284466792
396.281457 227976556 9856854 3194337559 4284466574
396.288273 227983097 9856876 3193563198 4284466495
396.295133 227989683 9856923 3192756134 4284466201
396.301956 227996232 9856997 3191954109 4284465874
396.308732 228002737 9857119 3191154062 4284465480
396.315513 228009248 9857332 3190376642 4284465249
396.324133 228017523 9857712 3189432252 4284465083
396.330903 228024022 9858136 3188714573 4284464655
396.337670 228030519 9858629 3187996888 4284464271
396.344437 228037014 9859288 3187280247 4284463849
396.351207 228043514 9860393 3186541467 4284463670
396.357982 228050018 9861642 3185767003 4284463608
396.364756 228056520 9862427 3184961987 4284463254
396.371542 228063037 9863206 3184156207 4284462879
396.378311 228069533 9863878 3183366911 4284462598
396.385070 228076022 9864372 3182600349 4284462551
396.391844 228082526 9864767 3181810928 4284462279
396.398654 228089063 9865097 3181011801 4284461916
396.405428 228095565 9865421 3180215397 4284461526
396.412200 228102067 9865648 3179413394 4284461191
396.418973 228108568 9865738 3178659878 4284461092
396.425754 228115079 9865800 3177887521 4284460996
396.432660 228121708 9865907 3177117306 4284460619
396.439483 228128261 9866009 3176391804 4284460155
396.446472 228134968 9866060 3175645569 4284459847
396.453236 228141462 9866077 3174873377 4284459764
396.460082 228148034 9866103 3174084005 4284459524
396.467816 228155459 9866165 3173199834 4284459131
396.474593 228161964 9866197 3172418712 4284458801
396.481365 228168465 9866222 3171649095 4284458526
396.489055 228175847 9866226 3170787927 4284458478
396.495830 228182353 9866231 3170001886 4284458179
396.502604 228188855 9866238 3169215201 4284457879
396.509368 228195348 9866256 3168426296 4284457541
396.516139 228201850 9866261 3167676377 4284457482
396.523089 228208520 9866286 3166890294 4284457278
396.529862 228215022 9866353 3166109244 4284456928
396.536630 228221519 9866453 3165324760 4284456576
396.543397 228228016 9866605 3164536997 4284456223
396.550172 228234521 9866858 3163766225 4284456058
396.557600 228241652 9867264 3162915333 4284455892
396.565940 228249658 9867796 3161947095 4284455434
396.572857 228256297 9868373 3161138096 4284455088
396.579635 228262805 9869292 3160358975 4284454795
396.586405 228269305 9870756 3159605763 4284454754
396.593172 228275800 9871610 3158817695 4284454461
396.600133 228282482 9872399 3158006325 4284454104
396.606939 228289016 9873055 3157212216 4284453744
396.613720 228295527 9873645 3156430875 4284453461
396.621095 228302608 9874125 3155616293 4284453400
396.627865 228309106 9874469 3154826521 4284453010
396.634638 228315607 9874813 3154037467 4284452584
396.641415 228322115 9875081 3153250676 4284452143
396.648184 228328612 9875268 3152476222 4284451833
396.655560 228335693 9875372 3151640219 4284451758
396.662347 228342209 9875545 3150854099 4284451334
396.669111 228348701 9875684 3150074097 4284450873
396.676084 228355397 9875755 3149273545 4284450430
396.682851 228361891 9875792 3148514278 4284450204
396.689623 228368394 9875802 3147761488 4284450156
396.696399 228374900 9875856 3146986779 4284449811
396.703178 228381407 9875906 3146220551 4284449489
396.710069 228388022 9875947 3145442466 4284449152
396.716842 228394523 9875956 3144704813 4284449022
396.723801 228401204 9875958 3143935805 4284448888
396.730572 228407704 9875964 3143188213 4284448525
396.737679 228414528 9875974 3142404630 4284448144
396.744448 228421026 9875996 3141661239 4284447805
396.751215 228427522 9876015 3140928280 4284447749
396.758059 228434092 9876063 3140154743 4284447517
396.764846 228440607 9876158 3139391025 4284447116
396.771620 228447110 9876304 3138625286 4284446740
396.779053 228454248 9876524 3137794745 4284446384
396.785834 228460756 9876840 3137055531 4284446334
396.792620 228467271 9877213 3136286788 4284446065
396.799395 228473775 9877686 3135517358 4284445665
396.806173 228480283 9878294 3134747195 4284445279
396.813039 228486872 9879202 3133970557 4284444936
396.821097 228494609 9880935 3133080078 4284444870
396.827871 228501112 9881743 3132305822 4284444536
396.834651 228507619 9882506 3131539062 4284444117
396.843046 228515679 9883327 3130592654 4284443605
396.849960 228522319 9883862 3129832254 4284443379
396.856748 228528834 9884228 3129089631 4284443262
396.863531 228535348 9884598 3128336875 4284442796
396.870389 228541929 9884924 3127570498 4284442322
396.877165 228548435 9885195 3126815586 4284441818
396.883938 228554936 9885334 3126078620 4284441555
396.890709 228561436 9885397 3125332824 4284441454
396.897493 228567949 9885507 3124533169 4284441003
396.904265 228574449 9885595 3123720832 4284440589
396.911057 228580971 9885662 3122911822 4284440262
396.917842 228587484 9885675 3122130423 4284440199
396.924622 228593992 9885707 3121326436 4284439977
396.931392 228600492 9885750 3120522891 4284439654
396.938160 228606988 9885768 3119716466 4284439374
396.944922 228613481 9885783 3118918773 4284439098
396.951702 228619991 9885792 3118165958 4284439044
396.960060 228628013 9885801 3117252358 4284438724
396.966875 228634555 9885819 3116530671 4284438382
396.973665 228641074 9885841 3115814844 4284438000
396.980435 228647572 9885861 3115109212 4284437743
396.987291 228654155 9885882 3114403061 4284437682
396.994102 228660693 9885952 3113678936 4284437360
397.000909 228667228 9886048 3112965896 4284436986
397.008049 228674083 9886191 3112211297 4284436590
397.014867 228680629 9886485 3111492929 4284436278
397.021632 228687122 9886913 3110735296 4284436219
397.029091 228694283 9887368 3109858638 4284435872
397.035865 228700787 9887938 3109064059 4284435464
397.043835 228708440 9888954 3108140910 4284435118
397.050634 228714964 9890337 3107374365 4284435079
397.057438 228721497 9891135 3106583004 4284434824
397.064206 228727994 9891895 3105793938 4284434476
397.070977 228734493 9892610 3105005132 4284434130
397.077755 228741001 9893170 3104220015 4284433839
397.084530 228747504 9893586 3103458284 4284433779
397.091310 228754014 9893903 3102671190 4284433500
397.098068 228760501 9894223 3101885699 4284433065
397.104850 228767012 9894474 3101101576 4284432609
397.111952 228773829 9894707 3100293698 4284432188
397.118673 228780283 9894790 3099543419 4284432105
397.125533 228786866 9894924 3098747121 4284431761
397.132306 228793370 9895043 3097960472 4284431312
397.139067 228799860 9895112 3097176544 4284430927
397.146044 228806557 9895151 3096376792 4284430599
397.152812 228813055 9895163 3095617951 4284430548
397.159614 228819586 9895209 3094828704 4284430318
397.166385 228826086 9895260 3094042002 4284429971
397.173257 228832683 9895291 3093247543 4284429654
397.181060 228840173 9895301 3092351459 4284429392
397.190052 228848805 9895307 3091335213 4284429313
397.196815 228855298 9895314 3090546463 4284428993
397.203622 228861833 9895325 3089753073 4284428695
397.210392 228868332 9895340 3088970033 4284428359
397.217156 228874825 9895358 3088202325 4284428192
397.223941 228881340 9895397 3087444554 4284428098
397.230712 228887839 9895501 3086678731 4284427690
397.237779 228894623 9895658 3085876892 4284427307
397.244557 228901131 9895903 3085121205 4284427024
397.254190 228910378 9896430 3084045529 4284426860
397.260991 228916908 9896848 3083270791 4284426429
397.267936 228923573 9897416 3082483036 4284426002
397.274717 228930083 9898095 3081706784 4284425614
397.281513 228936607 9899547 3080957636 4284425456
397.288322 228943145 9900557 3080207726 4284425376
397.295109 228949660 9901313 3079430526 4284424967
397.301868 228956149 9901975 3078661855 4284424563
397.308647 228962656 9902587 3077897147 4284424139
397.315447 228969185 9903067 3077146088 4284423927
397.322209 228975675 9903383 3076401557 4284423791
397.329143 228982333 9903784 3075566384 4284423175
397.335918 228988838 9904100 3074748536 4284422655
397.342685 228995332 9904378 3073932464 4284422171
397.350090 229002443 9904567 3073066604 4284421815
397.356863 229008946 9904649 3072270260 4284421654
397.363639 229015450 9904758 3071462204 4284421209
397.370408 229021946 9904819 3070659986 4284420832
397.377181 229028451 9904878 3069856902 4284420524
397.384128 229035119 9904911 3069073492 4284420362
397.390903 229041623 9904938 3068308950 4284420254
397.398672 229049081 9904981 3067409717 4284419905
397.407059 229057134 9905007 3066438481 4284419531
397.413838 229063639 9905020 3065652055 4284419199
397.421075 229070587 9905023 3064844340 4284419160
397.427841 229077082 9905027 3064072378 4284418971
397.434607 229083578 9905034 3063300660 4284418646
397.441540 229090234 9905047 3062508939 4284418328
397.448443 229096861 9905093 3061736771 4284418047
397.455199 229103346 9905122 3060988166 4284417999
397.461961 229109837 9905205 3060207948 4284417663
397.468716 229116321 9905333 3059433833 4284417296
397.475464 229122800 9905531 3058651286 4284416946
397.482212 229129278 9905888 3057895516 4284416777
397.488964 229135759 9906345 3057149941 4284416660
397.495903 229142421 9906819 3056367241 4284416219
397.502657 229148905 9907472 3055602188 4284415812
397.509405 229155382 9908296 3054836146 4284415394
397.516152 229161860 9909651 3054093618 4284415208
397.522901 229168339 9910599 3053339883 4284415106
397.530043 229175196 9911352 3052532743 4284414673
397.536796 229181678 9911967 3051771117 4284414290
397.543635 229188244 9912501 3050995719 4284413883
397.550383 229194722 9912944 3050256954 4284413683
397.557133 229201216 9913250 3049518814 4284413548
397.564171 229207959 9913586 3048731713 4284413064
397.570924 229214441 9913887 3047976817 4284412552
397.577673 229220920 9914119 3047220877 4284412067
397.584421 229227398 9914227 3046480619 4284411819
397.591169 229233876 9914300 3045741474 4284411683
397.598319 229240740 9914441 3044956245 4284411105
397.605032 229247185 9914542 3044216994 4284410643
397.611781 229253664 9914590 3043469946 4284410227
397.618528 229260141 9914605 3042734701 4284410062
397.625277 229266620 9914621 3041986043 4284409976
397.632446 229273502 9914673 3041185108 4284409611
397.639195 229279981 9914709 3040434975 4284409300
397.645943 229286459 9914721 3039689820 4284409044
397.652691 229292937 9914726 3038957891 4284408995
397.659439 229299416 9914732 3038208219 4284408727
397.666584 229306275 9914746 3037409911 4284408355
397.673333 229312753 9914784 3036654192 4284407968
397.680155 229319303 9914817 3035900191 4284407684
397.686903 229325781 9914852 3035160056 4284407623
397.693652 229332261 9914938 3034401085 4284407304
397.700750 229339075 9915072 3033609904 4284406900
397.707505 229345559 9915283 3032851799 4284406473
397.714253 229352037 9915647 3032098868 4284406149
397.721020 229358533 9916149 3031360277 4284406079
397.727769 229365013 9916623 3030590602 4284405769
397.734839 229371799 9917284 3029774860 4284405410
397.741588 229378278 9918129 3028996243 4284405041
397.748335 229384756 9919424 3028225422 4284404767
397.755083 229391234 9920455 3027468640 4284404734
397.761833 229397713 9921219 3026675603 4284404464
397.768971 229404566 9921910 3025828937 4284404091
397.775718 229411044 9922411 3025027545 4284403707
397.782467 229417522 9922868 3024239364 4284403393
397.789215 229424000 9923173 3023471482 4284403311
397.795963 229430479 9923473 3022673273 4284402999
397.803117 229437347 9923766 3021828191 4284402539
397.809866 229443826 9923985 3021034847 4284402089
397.816684 229450371 9924053 3020265588 4284402000
397.823434 229456851 9924125 3019498543 4284401799
397.830183 229463330 9924226 3018710157 4284401463
397.836935 229469812 9924276 3017940653 4284401114
397.843685 229476292 9924305 3017166780 4284400748
397.850434 229482771 9924312 3016417882 4284400665
397.857183 229489249 9924342 3015649952 4284400482
397.863932 229495729 9924396 3014877281 4284400144
397.870680 229502207 9924430 3014108563 4284399800
397.877426 229508683 9924443 3013340828 4284399456
397.884180 229515167 9924452 3012595607 4284399349
397.890934 229521651 9924458 3011835176 4284399223
397.897682 229528129 9924475 3011063570 4284398884
397.904431 229534608 9924502 3010291887 4284398543
397.911179 229541086 9924529 3009520784 4284398196
397.918192 229547819 9924577 3008752319 4284398068
397.924947 229554303 9924644 3008000057 4284397885
397.931702 229560788 9924790 3007241693 4284397501
397.938449 229567265 9924994 3006483375 4284397109
397.945196 229573742 9925264 3005727845 4284396721
397.952440 229580697 9925862 3004935364 4284396537
397.959197 229587184 9926438 3004173405 4284396390
397.965950 229593666 9926980 3003398162 4284395987
397.972699 229600146 9927690 3002618144 4284395586
397.979449 229606625 9928890 3001842552 4284395232
397.986591 229613482 9930094 3001068880 4284395195
397.993343 229619964 9930783 3000303175 4284394925
398.000093 229626443 9931428 2999532218 4284394542
398.006842 229632923 9931984 2998767530 4284394136
398.013591 229639402 9932432 2998017367 4284393830
398.020709 229646235 9932776 2997229771 4284393748
398.027461 229652717 9933043 2996458947 4284393329
398.034210 229659197 9933352 2995694467 4284392882
398.040962 229665678 9933599 2994934534 4284392416
398.047712 229672158 9933777 2994193542 4284392061
398.054845 229679006 9933847 2993412221 4284391973
398.061597 229685488 9933974 2992647675 4284391549
398.068347 229691967 9934037 2991892949 4284391172
398.075096 229698447 9934096 2991136352 4284390803
398.081846 229704927 9934126 2990398525 4284390560
398.088990 229711786 9934137 2989631321 4284390494
398.095746 229718271 9934181 2988871092 4284390198
398.102497 229724752 9934223 2988112622 4284389867
398.109247 229731231 9934247 2987359476 4284389529
398.115996 229737710 9934259 2986614970 4284389300
398.123123 229744553 9934270 2985824569 4284389218
398.129876 229751035 9934280 2985056380 4284388898
398.136627 229757517 9934298 2984290883 4284388545
398.143377 229763996 9934329 2983523296 4284388165
398.150126 229770476 9934371 2982775387 4284387917
398.157261 229777326 9934446 2981994903 4284387820
398.164020 229783814 9934566 2981226615 4284387467
398.170772 229790296 9934745 2980464299 4284387070
398.177521 229796775 9935011 2979701810 4284386662
398.184272 229803256 9935561 2978964110 4284386600
398.191388 229810087 9936123 2978159192 4284386353
398.198139 229816568 9936796 2977379722 4284385985
398.204891 229823050 9937590 2976597538 4284385618
398.211641 229829530 9938823 2975817712 4284385256
398.218391 229836010 9939953 2975073803 4284385207
398.225526 229842860 9940730 2974253205 4284384982
398.232279 229849343 9941376 2973471780 4284384611
398.239040 229855833 9941907 2972683682 4284384242
398.245789 229862312 9942360 2971901518 4284383867
398.252540 229868793 9942659 2971159920 4284383771
398.259658 229875627 9942915 2970347271 4284383512
398.266410 229882108 9943206 2969568130 4284383014
398.273161 229888589 9943433 2968789583 4284382588
398.279912 229895070 9943626 2968011202 4284382155
398.286661 229901549 9943679 2967257559 4284382081
398.293775 229908379 9943738 2966444502 4284381834
398.300526 229914859 9943830 2965665260 4284381419
398.307275 229921339 9943899 2964884952 4284381015
398.314031 229927825 9943968 2964105247 4284380645
398.320781 229934305 9943976 2963351281 4284380578
398.327910 229941148 9944001 2962525992 4284380371
398.334662 229947630 9944014 2961740644 4284380078
398.341412 229954110 9944024 2960955640 4284379764
398.348161 229960589 9944030 2960186841 4284379611
398.354913 229967072 9944030 2959434537 4284379553
398.362059 229973932 9944051 2958610575 4284379197
398.368811 229980413 9944070 2957830653 4284378865
398.375562 229986894 9944099 2957050546 4284378518
398.382311 229993374 9944149 2956289556 4284378362
398.389031 229999825 9944208 2955525965 4284378275
398.396189 230006696 9944344 2954706742 4284377899
398.402940 230013177 9944524 2953935586 4284377525
398.409692 230019659 9944799 2953157702 4284377147
398.416440 230026138 9945345 2952405094 4284376982
398.423190 230032617 9945968 2951658180 4284376893
398.430319 230039461 9946632 2950834249 4284376462
398.437033 230045906 9947466 2950059038 4284376106
398.443785 230052388 9948556 2949276978 4284375749
398.450533 230058867 9949508 2948517207 4284375557
398.457286 230065351 9950361 2947763223 4284375482
398.464411 230072189 9951050 2946946600 4284375092
398.471164 230078672 9951582 2946170804 4284374670
398.477913 230085151 9952027 2945390988 4284374251
398.484660 230091628 9952377 2944632894 4284374049
398.491409 230098108 9952586 2943868302 4284373921
398.498593 230105004 9952872 2943039193 4284373391
398.505347 230111487 9953107 2942267329 4284372890
398.512095 230117966 9953324 2941493828 4284372365
398.518837 230124438 9953382 2940752131 4284372275
398.525585 230130917 9953447 2939983031 4284372062
398.532876 230137916 9953502 2939128373 4284371650
398.539633 230144403 9953550 2938340666 4284371291
398.546385 230150885 9953585 2937563114 4284371041
398.554062 230158257 9953594 2936691102 4284370994
398.560840 230164763 9953638 2935904399 4284370701
398.569048 230172645 9953665 2934962850 4284370312
398.575847 230179171 9953676 2934179542 4284369991
398.582626 230185678 9953684 2933414285 4284369841
398.589428 230192208 9953686 2932654228 4284369775
398.596202 230198712 9953693 2931877530 4284369440
398.602966 230205204 9953722 2931102772 4284369088
398.611473 230213371 9953751 2930126868 4284368670
398.618241 230219868 9953818 2929380178 4284368541
398.625095 230226449 9953902 2928619811 4284368380
398.631874 230232956 9954068 2927833984 4284368009
398.638752 230239559 9954342 2927039009 4284367645
398.645526 230246062 9954679 2926252885 4284367261
398.652307 230252571 9955333 2925500326 4284367171
398.659063 230259057 9956036 2924725891 4284367044
398.665837 230265560 9956761 2923935499 4284366702
398.672611 230272064 9957894 2923142736 4284366352
398.679389 230278570 9958820 2922359692 4284366018
398.687059 230285934 9959838 2921505637 4284365982
398.693843 230292446 9960524 2920725360 4284365733
398.700646 230298977 9961084 2919931398 4284365364
398.707413 230305475 9961514 2919139635 4284364989
398.716049 230313764 9961990 2918164783 4284364744
398.722830 230320274 9962219 2917389426 4284364574
398.729901 230327062 9962485 2916567672 4284364125
398.736683 230333573 9962683 2915786988 4284363688
398.743449 230340068 9962872 2915012905 4284363227
398.750783 230347110 9962954 2914195077 4284363068
398.757570 230353624 9962997 2913423944 4284362888
398.764344 230360129 9963066 2912649085 4284362495
398.772201 230367669 9963097 2911754005 4284362084
398.779069 230374263 9963145 2910962250 4284361746
398.785837 230380761 9963156 2910220232 4284361709
398.792599 230387251 9963184 2909467939 4284361514
398.799363 230393746 9963214 2908707302 4284361193
398.806187 230400296 9963239 2907936294 4284360824
398.812960 230406798 9963243 2907186050 4284360669
398.819726 230413293 9963249 2906432259 4284360603
398.826628 230419920 9963263 2905651411 4284360254
398.833411 230426432 9963289 2904890433 4284359895
398.840745 230433472 9963340 2904065862 4284359502
398.849221 230441610 9963415 2903119429 4284359137
398.856031 230448147 9963484 2902376801 4284359069
398.862802 230454647 9963618 2901599697 4284358798
398.869572 230461147 9963822 2900817095 4284358419
398.876358 230467661 9964138 2900032639 4284358041
398.883167 230474197 9964726 2899267694 4284357965
398.891053 230481769 9965474 2898355434 4284357748
398.897841 230488284 9966106 2897559478 4284357387
398.904622 230494795 9967282 2896760926 4284357048
398.912754 230502603 9968465 2895816241 4284356699
398.919642 230509214 9969333 2895037740 4284356653
398.926414 230515716 9970004 2894243273 4284356382
398.933927 230522927 9970637 2893345245 4284356008
398.940699 230529428 9971055 2892543874 4284355630
398.947480 230535939 9971414 2891756237 4284355340
398.954281 230542467 9971642 2890994005 4284355255
398.961074 230548988 9971862 2890217457 4284354919
398.967843 230555486 9972091 2889439660 4284354477
398.974617 230561989 9972300 2888661633 4284354012
398.981393 230568496 9972444 2887895727 4284353645
398.988165 230574996 9972492 2887142773 4284353560
398.994954 230581513 9972559 2886364066 4284353248
399.002467 230588724 9972600 2885509369 4284352816
399.009247 230595234 9972654 2884736069 4284352437
399.016054 230601769 9972689 2883969116 4284352205
399.022856 230608299 9972700 2883216049 4284352164
399.029635 230614807 9972715 2882438872 4284351926
399.036960 230621838 9972730 2881588812 4284351585
399.045052 230629608 9972743 2880662543 4284351262
399.051832 230636116 9972749 2879894179 4284351215
399.058848 230642851 9972753 2879086552 4284350972
399.065614 230649348 9972770 2878315081 4284350623
399.072388 230655849 9972800 2877541551 4284350284
399.079935 230663094 9972860 2876686983 4284349982
399.087048 230669924 9972929 2875899041 4284349922
399.093826 230676431 9973037 2875111135 4284349602
399.100925 230683245 9973235 2874287431 4284349225
399.108879 230690882 9973588 2873359054 4284348780
399.115693 230697422 9974164 2872589380 4284348609
399.122483 230703940 9974953 2871824078 4284348547
399.129243 230710430 9975593 2871037110 4284348171
399.136086 230717000 9976785 2870238654 4284347806
399.142859 230723502 9977655 2869441293 4284347439
399.151061 230731375 9978722 2868507419 4284347258
399.157835 230737882 9979408 2867728136 4284347143
399.164608 230744382 9979981 2866944238 4284346783
399.171595 230751088 9980459 2866133180 4284346414
399.178369 230757591 9980824 2865352533 4284346022
399.185791 230764716 9981113 2864534839 4284345860
399.192566 230771222 9981323 2863773338 4284345651
399.199428 230777810 9981594 2863000705 4284345146
399.206210 230784320 9981803 2862233679 4284344681
399.212994 230790858 9981990 2861463255 4284344132
399.219932 230797491 9982067 2860711863 4284343970
399.226708 230803998 9982122 2859953978 4284343773
399.233479 230810497 9982181 2859197028 4284343383
399.241061 230817777 9982225 2858352458 4284342961
399.247851 230824294 9982258 2857608181 4284342765
399.254618 230830790 9982269 2856859148 4284342694
399.261379 230837282 9982304 2856101120 4284342355
399.268144 230843777 9982321 2855336236 4284342023
399.275312 230850659 9982326 2854531596 4284341701
399.282062 230857137 9982337 2853790379 4284341525
399.288836 230863640 9982342 2853046040 4284341442
399.295613 230870147 9982355 2852283340 4284341086
399.302386 230876648 9982379 2851519368 4284340728
399.309792 230883758 9982433 2850678599 4284340314
399.316588 230890282 9982502 2849923356 4284340135
399.323341 230896766 9982598 2849163985 4284340056
399.330727 230903855 9982807 2848316194 4284339620
399.337607 230910461 9983034 2847524210 4284339235
399.344659 230917231 9983474 2846729952 4284338937
399.352057 230924334 9984319 2845919456 4284338873
399.358830 230930834 9984933 2845129119 4284338520
399.365615 230937349 9985734 2844338959 4284338132
399.372386 230943849 9986899 2843552480 4284337767
399.379154 230950345 9987844 2842784357 4284337541
399.385936 230956859 9988739 2842029017 4284337500
399.392715 230963365 9989345 2841246702 4284337139
399.399485 230969862 9989855 2840468091 4284336758
399.407447 230977506 9990399 2839557075 4284336313
399.416280 230985986 9990795 2838573676 4284336093
399.423067 230992502 9990985 2837806429 4284335915
399.429838 230999002 9991205 2837034245 4284335477
399.436646 231005537 9991384 2836255933 4284335017
399.443417 231012038 9991551 2835487763 4284334582
399.450203 231018554 9991610 2834750236 4284334447
399.458738 231026747 9991757 2833793207 4284334101
399.465517 231033253 9991830 2833020866 4284333728
399.472296 231039762 9991863 2832251472 4284333342
399.480048 231047205 9991911 2831379000 4284333002
399.486829 231053714 9991929 2830623928 4284332931
399.493602 231060215 9991962 2829851718 4284332694
399.500363 231066707 9991968 2829079951 4284332385
399.507133 231073206 9991974 2828314085 4284332037
399.513912 231079713 9991980 2827556293 4284331744
399.520735 231086263 9991986 2826805428 4284331707
399.527551 231092807 9991998 2826028316 4284331453
399.534320 231099304 9992023 2825254857 4284331083
399.541071 231105787 9992080 2824480289 4284330754
399.547841 231112286 9992179 2823710411 4284330445
399.554605 231118778 9992286 2822965390 4284330369
399.561415 231125315 9992446 2822182039 4284330113
399.568183 231131813 9992696 2821396028 4284329687
399.574958 231138320 9993027 2820610130 4284329298
399.582044 231145120 9993715 2819819852 4284329153
399.588812 231151617 9994463 2819050496 4284329021
399.595579 231158113 9995180 2818262362 4284328662
399.603818 231166024 9996527 2817304377 4284328232
399.610598 231172532 9997312 2816518875 4284327869
399.617493 231179152 9998231 2815759201 4284327801
399.624522 231185897 9998929 2814976407 4284327573
399.631284 231192389 9999432 2814212803 4284327152
399.638178 231199007 9999920 2813436343 4284326723
399.644951 231205510 10000302 2812669834 4284326288
399.652131 231212405 10000537 2811883097 4284326191
399.659520 231219497 10000744 2811047130 4284325915
399.666299 231226006 10000954 2810276596 4284325466
399.673083 231232518 10001176 2809509959 4284324996
399.680576 231239711 10001351 2808677278 4284324552
399.687350 231246215 10001388 2807934567 4284324460
399.694128 231252722 10001478 2807176518 4284324152
399.700901 231259223 10001522 2806419670 4284323793
399.707690 231265740 10001571 2805659892 4284323428
399.715060 231272819 10001625 2804849129 4284323090
399.723085 231280520 10001642 2803974714 4284323017
399.729856 231287019 10001663 2803215521 4284322687
399.736635 231293529 10001677 2802459880 4284322336
399.743409 231300033 10001695 2801710191 4284321996
399.750180 231306531 10001703 2800976805 4284321861
399.757454 231313512 10001711 2800166525 4284321728
399.764232 231320021 10001745 2799408935 4284321349
399.771061 231326577 10001793 2798639422 4284320961
399.778739 231333947 10001866 2797791780 4284320602
399.785506 231340442 10001948 2797052435 4284320544
399.792272 231346938 10002102 2796289293 4284320261
399.799050 231353445 10002342 2795515145 4284319879
399.805850 231359976 10002656 2794727764 4284319511
399.813988 231367786 10003336 2793797078 4284319155
399.821088 231374603 10004335 2793001584 4284319108
399.827861 231381106 10004990 2792201287 4284318803
399.834923 231387886 10006242 2791367998 4284318454
399.842742 231395390 10007197 2790457090 4284318050
399.849515 231401893 10008032 2789690015 4284317869
399.856283 231408389 10008714 2788929332 4284317806
399.863050 231414885 10009257 2788142453 4284317428
399.870066 231421622 10009791 2787327362 4284317016
399.876867 231428150 10010166 2786542199 4284316630
399.883637 231434649 10010432 2785781015 4284316396
399.890411 231441152 10010579 2785021039 4284316312
399.898212 231448643 10010855 2784121510 4284315790
399.904986 231455144 10011025 2783328127 4284315275
399.911769 231461658 10011192 2782537524 4284314765
399.918550 231468167 10011250 2781765499 4284314590
399.925312 231474656 10011271 2780984740 4284314492
399.932110 231481183 10011331 2780184989 4284314181
399.938883 231487686 10011388 2779386842 4284313850
399.945659 231494190 10011422 2778597226 4284313587
399.955108 231503262 10011439 2777522178 4284313447
399.962133 231510004 10011451 2776694144 4284313148
399.968930 231516531 10011462 2775896258 4284312833
399.975707 231523037 10011470 2775104197 4284312518
399.983146 231530177 10011475 2774265775 4284312354
399.990128 231536881 10011479 2773471106 4284312241
399.996926 231543407 10011508 2772682323 4284311889
400.003699 231549909 10011540 2771901333 4284311553
400.010505 231556443 10011606 2771115370 4284311185
400.017388 231563050 10011713 2770342613 4284311063
400.024228 231569617 10011815 2769555026 4284310923
400.030997 231576141 10012019 2768771328 4284310515
400.039033 231583830 10012276 2767835126 4284310147
400.045806 231590331 10012903 2767073778 4284309998
400.052798 231597044 10013821 2766303055 4284309915
400.059575 231603551 10014570 2765526404 4284309547
400.066354 231610059 10015736 2764744472 4284309191
400.073201 231616630 10016555 2763954852 4284308818
400.080066 231623221 10017335 2763164495 4284308444
400.088089 231630925 10018263 2762283103 4284308364
400.094871 231637435 10018761 2761505521 4284308144
400.101642 231643934 10019204 2760724472 4284307760
400.108411 231650431 10019541 2759945383 4284307380
400.115234 231656982 10019842 2759185779 4284307198
400.122042 231663518 10020027 2758414177 4284307016
400.128813 231670018 10020253 2757633935 4284306550
400.135585 231676520 10020448 2756852510 4284306083
400.142363 231683028 10020588 2756068292 4284305594
400.149173 231689565 10020647 2755305502 4284305400
400.155942 231696062 10020695 2754541369 4284305255
400.162748 231702598 10020722 2753756583 4284304911
400.171068 231710584 10020774 2752801081 4284304490
400.177934 231717173 10020841 2752010728 4284304137
400.184766 231723732 10020854 2751246382 4284304061
400.191528 231730225 10020862 2750470484 4284303901
400.198294 231736721 10020876 2749688426 4284303562
400.205073 231743229 10020880 2748906663 4284303245
400.211967 231749847 10020891 2748105743 4284302919
400.218719 231756329 10020894 2747347001 4284302859
400.225490 231762828 10020905 2746571932 4284302702
400.232254 231769323 10020943 2745777222 4284302344
400.239665 231776435 10020996 2744904493 4284301979
400.246432 231782933 10021073 2744129748 4284301801
400.253229 231789457 10021202 2743351964 4284301732
400.259999 231795986 10021412 2742553306 4284301352
400.266814 231802500 10021655 2741760489 4284300998
400.273749 231809164 10022005 2740942671 4284300611
400.282589 231817643 10022794 2739917862 4284300240
400.290240 231824988 10024038 2739059625 4284300181
400.297087 231831562 10025118 2738251236 4284299869
400.306178 231840288 10026162 2737183541 4284299385
400.312965 231846806 10027015 2736403791 4284299115
400.319874 231853438 10027798 2735640004 4284299053
400.326684 231859975 10028323 2734905916 4284298683
400.334064 231867060 10028795 2734118388 4284298160
400.340832 231873558 10029154 2733408651 4284297726
400.347595 231880050 10029438 2732705781 4284297434
400.354361 231886545 10029575 2731934196 4284297360
400.361115 231893027 10029753 2731135138 4284296956
400.367867 231899509 10029921 2730343972 4284296483
400.374620 231905992 10030043 2729551775 4284296061
400.381367 231912469 10030129 2728777657 4284295783
400.388174 231919003 10030154 2728032538 4284295721
400.394922 231925481 10030186 2727284970 4284295410
400.401679 231931968 10030229 2726498280 4284295083
400.408431 231938450 10030275 2725717987 4284294753
400.415178 231944927 10030314 2724950416 4284294495
400.421926 231951405 10030321 2724194015 4284294451
400.428682 231957891 10030325 2723407677 4284294224
400.435433 231964372 10030327 2722623210 4284293919
400.442182 231970851 10030331 2721835655 4284293641
400.448931 231977330 10030339 2721055994 4284293396
400.455803 231983927 10030348 2720279445 4284293345
400.462553 231990407 10030359 2719493340 4284293109
400.469768 231997333 10030395 2718648044 4284292767
400.476517 232003812 10030488 2717862466 4284292441
400.483265 232010290 10030587 2717112736 4284292355
400.490024 232016779 10030764 2716334466 4284292166
400.496773 232023258 10030998 2715538195 4284291815
400.503898 232030098 10031327 2714691233 4284291439
400.510647 232036577 10031740 2713886533 4284291088
400.517395 232043055 10032682 2713111344 4284291005
400.524144 232049534 10033608 2712324937 4284290840
400.530893 232056013 10034847 2711522059 4284290494
400.538052 232062886 10035729 2710678112 4284290130
400.544800 232069364 10036512 2709881345 4284289785
400.551548 232075843 10037223 2709117883 4284289715
400.558297 232082321 10037752 2708341811 4284289553
400.565031 232088786 10038218 2707544201 4284289155
400.572184 232095652 10038647 2706695707 4284288703
400.578933 232102131 10038991 2705901200 4284288245
400.585682 232108611 10039180 2705137384 4284288141
400.592503 232115159 10039313 2704364203 4284287925
400.599255 232121641 10039493 2703576159 4284287429
400.606315 232128419 10039660 2702752225 4284286885
400.613033 232134867 10039805 2701963162 4284286447
400.619781 232141346 10039833 2701197558 4284286353
400.626530 232147825 10039865 2700419079 4284286213
400.633278 232154303 10039923 2699629287 4284285896
400.640441 232161180 10039975 2698798646 4284285550
400.647189 232167657 10040006 2698026638 4284285312
400.653936 232174135 10040016 2697276965 4284285257
400.660685 232180613 10040034 2696512464 4284285008
400.667433 232187092 10040035 2695728838 4284284699
400.674585 232193958 10040044 2694893665 4284284375
400.681333 232200436 10040049 2694128078 4284284228
400.688085 232206918 10040057 2693356986 4284284176
400.694833 232213396 10040080 2692576243 4284283873
400.701582 232219875 10040126 2691795462 4284283527
400.708695 232226703 10040213 2690977291 4284283128
400.715442 232233181 10040317 2690217908 4284282927
400.722201 232239670 10040480 2689460737 4284282875
400.729035 232246230 10040740 2688671948 4284282503
400.735785 232252710 10041065 2687887349 4284282155
400.742835 232259478 10041538 2687066626 4284281770
400.749583 232265956 10042447 2686305435 4284281586
400.756344 232272447 10043407 2685541079 4284281541
400.763100 232278932 10044600 2684752571 4284281188
400.769849 232285411 10045411 2683970896 4284280827
400.776963 232292241 10046239 2683141336 4284280443
400.783711 232298719 10047006 2682375683 4284280254
400.790473 232305210 10047523 2681607730 4284280198
400.797222 232311689 10047991 2680821421 4284279840
400.803971 232318169 10048391 2680034311 4284279458
400.811114 232325026 10048722 2679204952 4284279025
400.817863 232331504 10048961 2678441923 4284278768
400.824620 232337992 10049092 2677685206 4284278678
400.831369 232344470 10049330 2676912306 4284278178
400.838117 232350949 10049516 2676141879 4284277679
400.845252 232357798 10049610 2675329980 4284277300
400.852019 232364295 10049642 2674571299 4284277228
400.858768 232370774 10049678 2673787874 4284276976
400.865583 232377316 10049722 2673002107 4284276631
400.872331 232383809 10049774 2672227684 4284276293
400.879380 232390562 10049813 2671424018 4284276008
400.886129 232397040 10049820 2670666851 4284275967
400.892879 232403520 10049829 2669888886 4284275736
400.899626 232409998 10049843 2669106517 4284275388
400.906374 232416476 10049848 2668321440 4284275082
400.913513 232423329 10049856 2667506529 4284274783
400.920262 232429808 10049863 2666752001 4284274732
400.927027 232436302 10049878 2665973783 4284274515
400.933775 232442781 10049926 2665194331 4284274175
400.940523 232449259 10049996 2664414133 4284273822
400.947635 232456086 10050127 2663597408 4284273502
400.954385 232462566 10050322 2662839926 4284273426
400.961133 232469044 10050593 2662056304 4284273158
400.967881 232475522 10050890 2661265992 4284272817
400.974629 232482001 10051296 2660474024 4284272440
400.981766 232488852 10052021 2659644273 4284272136
400.988514 232495330 10053183 2658888754 4284272096
400.995264 232501810 10054363 2658104014 4284271861
401.002079 232508353 10055180 2657300080 4284271490
401.008828 232514832 10055912 2656503248 4284271115
401.015790 232521515 10056766 2655719171 4284270999
401.022546 232528007 10057266 2654943752 4284270867
401.029301 232534486 10057750 2654153059 4284270507
401.036032 232540947 10058205 2653366400 4284270127
401.042780 232547425 10058536 2652582421 4284269744
401.049912 232554272 10058765 2651783664 4284269556
401.057072 232561146 10058863 2650962718 4284269376
401.063823 232567627 10059096 2650183141 4284268872
401.070579 232574112 10059279 2649404068 4284268386
401.077325 232580589 10059412 2648628920 4284267956
401.084064 232587058 10059447 2647881045 4284267845
401.090824 232593548 10059464 2647112792 4284267707
401.097572 232600026 10059516 2646326268 4284267357
401.104320 232606504 10059581 2645544117 4284266982
401.111030 232612946 10059628 2644769519 4284266654
401.118191 232619820 10059647 2643963851 4284266508
401.124945 232626304 10059654 2643185222 4284266394
401.131701 232632790 10059669 2642405450 4284266077
401.138517 232639333 10059681 2641613595 4284265749
401.145265 232645811 10059692 2640830722 4284265412
401.152328 232652592 10059703 2640044810 4284265278
401.159094 232659086 10059723 2639279270 4284265146
401.165842 232665565 10059778 2638499742 4284264761
401.172591 232672044 10059867 2637717989 4284264385
401.179338 232678522 10060002 2636936730 4284264042
401.186585 232685478 10060227 2636130208 4284263976
401.193334 232691957 10060469 2635347059 4284263749
401.200083 232698436 10060808 2634551646 4284263411
401.206830 232704914 10061232 2633756799 4284263019
401.213580 232711394 10062013 2632984131 4284262798
401.220739 232718266 10063186 2632182695 4284262763
401.227488 232724745 10064417 2631388880 4284262406
401.234235 232731223 10065222 2630598802 4284262055
401.240984 232737701 10065997 2629809671 4284261685
401.247731 232744178 10066732 2629038472 4284261451
401.254869 232751032 10067398 2628251861 4284261387
401.261619 232757511 10067865 2627483858 4284260973
401.268366 232763989 10068274 2626717330 4284260512
401.275184 232770534 10068625 2625951643 4284260059
401.281948 232777027 10068907 2625202635 4284259711
401.289028 232783824 10069027 2624417677 4284259617
401.295778 232790303 10069229 2623648152 4284259142
401.302526 232796782 10069445 2622880322 4284258625
401.309274 232803259 10069561 2622112730 4284258201
401.316029 232809744 10069611 2621363886 4284257958
401.323151 232816582 10069640 2620586414 4284257876
401.329901 232823062 10069662 2619828656 4284257589
401.336650 232829540 10069712 2619077237 4284257228
401.343398 232836019 10069767 2618330341 4284256860
401.350156 232842507 10069795 2617590126 4284256622
401.356912 232848993 10069797 2616851733 4284256580
401.363665 232855475 10069803 2616096178 4284256278
401.370414 232861955 10069815 2615346423 4284255921
401.377162 232868432 10069832 2614591878 4284255577
401.383912 232874912 10069846 2613864565 4284255490
401.390661 232881391 10069863 2613120663 4284255274
401.397410 232887870 10069918 2612365111 4284254878
401.404184 232894374 10070001 2611608040 4284254492
401.411023 232900939 10070126 2610842598 4284254013
401.417772 232907418 10070301 2610106590 4284253906
401.424521 232913897 10070580 2609364519 4284253693
401.431283 232920388 10070902 2608613000 4284253220
401.438308 232927133 10071368 2607821698 4284252776
401.445032 232933588 10071867 2607061918 4284252314
401.451781 232940066 10072959 2606323836 4284252215
401.458529 232946544 10074183 2605565044 4284252034
401.465277 232953023 10074987 2604792474 4284251647
401.472444 232959903 10075806 2603974094 4284251260
401.479192 232966381 10076453 2603201223 4284250892
401.485942 232972861 10077028 2602458507 4284250813
401.492690 232979339 10077441 2601696777 4284250636
401.499438 232985818 10077851 2600919786 4284250215
401.507000 232993134 10078204 2600039291 4284249716
401.513835 232999640 10078404 2599273188 4284249479
401.522072 233007550 10078593 2598341084 4284249260
401.528841 233014046 10078811 2597566221 4284248689
401.535611 233020545 10078992 2596793705 4284248118
401.542374 233027038 10079100 2596022543 4284247648
401.550072 233034453 10079144 2595161616 4284247492
401.556869 233040954 10079170 2594394945 4284247312
401.563707 233047517 10079209 2593603484 4284246972
401.570471 233054011 10079257 2592821893 4284246644
401.577255 233060523 10079308 2592042569 4284246313
401.584115 233067110 10079314 2591274882 4284246253
401.590887 233073611 10079317 2590500902 4284246105
401.597665 233080254 10079330 2589702704 4284245747
401.605313 233087460 10079335 2588825647 4284245435
401.612061 233093937 10079346 2588042134 4284245110
401.618843 233100448 10079358 2587281263 4284245050
401.626304 233107612 10079384 2586421081 4284244848
401.633075 233114111 10079440 2585641113 4284244497
401.639855 233120620 10079536 2584858894 4284244155
401.648036 233128474 10079690 2583925829 4284243821
401.654822 233134988 10079927 2583176033 4284243760
401.661628 233141522 10080221 2582389968 4284243484
401.669331 233148918 10080674 2581488947 4284243044
401.676094 233155408 10081219 2580696182 4284242701
401.682863 233161908 10082352 2579937064 4284242658
401.690306 233169053 10083650 2579080244 4284242446
401.698744 233177154 10084658 2578099410 4284242013
401.705525 233183663 10085469 2577310830 4284241664
401.712303 233190171 10086241 2576536669 4284241414
401.719063 233196660 10086796 2575784972 4284241368
401.725924 233203246 10087232 2574990100 4284241039
401.732775 233209825 10087571 2574205041 4284240604
401.739544 233216320 10087864 2573434070 4284240088
401.746318 233222825 10088107 2572673903 4284239656
401.754047 233230245 10088207 2571835729 4284239570
401.760820 233236746 10088387 2571061255 4284238895
401.767602 233243259 10088560 2570283862 4284238244
401.774373 233249759 10088692 2569505405 4284237717
401.781152 233256266 10088756 2568734529 4284237394
401.788389 233263212 10088767 2567922055 4284237343
401.796869 233271355 10088814 2566954286 4284236880
401.803644 233277857 10088866 2566181119 4284236520
401.810558 233284496 10088911 2565391551 4284236160
401.817338 233291004 10088923 2564640300 4284236031
401.824119 233297515 10088928 2563880983 4284235941
401.831036 233304155 10088933 2563096600 4284235613
401.837813 233310660 10088941 2562331646 4284235302
401.844611 233317186 10088956 2561560247 4284234941
401.851380 233323683 10088969 2560819864 4284234801
401.858149 233330181 10088993 2560075741 4284234688
401.864928 233336691 10089054 2559317086 4284234324
401.871693 233343184 10089147 2558556835 4284233933
401.878464 233349684 10089282 2557807733 4284233628
401.886053 233356972 10089583 2556980907 4284233531
401.894090 233364685 10089937 2556063826 4284233102
401.900854 233371178 10090306 2555298217 4284232709
401.907633 233377687 10090867 2554533536 4284232315
401.914414 233384196 10091838 2553785810 4284232097
401.921220 233390731 10093093 2553036550 4284232032
401.927996 233397272 10093947 2552269519 4284231572
401.934876 233403839 10094730 2551496260 4284231118
401.941646 233410340 10095416 2550733494 4284230664
401.948415 233416845 10096047 2549992384 4284230404
401.956115 233424229 10096547 2549136758 4284230252
401.962880 233430724 10096960 2548372220 4284229737
401.969738 233437308 10097265 2547598897 4284229201
401.976514 233443812 10097519 2546830644 4284228668
401.983316 233450342 10097692 2546080723 4284228394
401.990132 233456886 10097784 2545328223 4284228243
401.996897 233463379 10097964 2544560713 4284227687
402.003677 233469889 10098111 2543793765 4284227163
402.011254 233477163 10098190 2542951160 4284226795
402.019193 233484787 10098217 2542073916 4284226726
402.026032 233491350 10098241 2541304922 4284226317
402.032814 233497860 10098285 2540545689 4284225914
402.040179 233504932 10098342 2539719951 4284225524
402.048602 233513018 10098367 2538800152 4284225343
402.055431 233519574 10098374 2538032795 4284225205
402.062209 233526080 10098383 2537273006 4284224854
402.068988 233532587 10098395 2536514564 4284224489
402.075759 233539089 10098413 2535761881 4284224141
402.082737 233545786 10098429 2535013681 4284224013
402.089537 233552316 10098461 2534265083 4284223818
402.096326 233558834 10098517 2533512742 4284223414
402.104141 233566334 10098630 2532644680 4284222946
402.111021 233572940 10098803 2531877612 4284222525
402.117805 233579453 10099029 2531143442 4284222433
402.124577 233585954 10099362 2530384305 4284222229
402.131346 233592452 10099777 2529627820 4284221807
402.138108 233598943 10100249 2528873644 4284221348
402.144927 233605488 10100977 2528107259 4284220925
402.151708 233611999 10102186 2527371235 4284220845
402.158820 233618826 10103485 2526578493 4284220636
402.165595 233625330 10104260 2525810213 4284220212
402.172380 233631844 10104978 2525045343 4284219765
402.180622 233639756 10105697 2524138901 4284219392
402.187390 233646254 10106174 2523398025 4284219322
402.194163 233652755 10106558 2522628397 4284218870
402.200936 233659258 10106862 2521866239 4284218376
402.207730 233665780 10107129 2521108070 4284217830
402.215140 233672893 10107296 2520297339 4284217621
402.223246 233680676 10107434 2519384814 4284217262
402.230061 233687220 10107551 2518617977 4284216763
402.236845 233693731 10107664 2517854903 4284216271
402.243621 233700236 10107749 2517093743 4284215862
402.250489 233706830 10107786 2516348689 4284215678
402.257261 233713330 10107808 2515601570 4284215557
402.264100 233719897 10107854 2514825432 4284215198
402.271460 233726961 10107904 2513991690 4284214837
402.278229 233733461 10107943 2513225559 4284214508
402.285000 233739980 10107955 2512473436 4284214456
402.291796 233746486 10107957 2511700911 4284214259
402.298566 233752982 10107961 2510925502 4284213943
402.305336 233759482 10107967 2510149600 4284213639
402.313074 233766913 10107985 2509276710 4284213299
402.319852 233773417 10108014 2508521811 4284213230
402.326619 233779914 10108060 2507741515 4284212958
402.334079 233787077 10108152 2506871494 4284212574
402.343028 233795667 10108328 2505822837 4284212073
402.349802 233802170 10108533 2505049803 4284211897
402.356582 233808677 10108884 2504287184 4284211817
402.363368 233815195 10109264 2503485436 4284211476
402.370148 233821702 10109726 2502689456 4284211127
402.376962 233828244 10110574 2501898149 4284210805
402.383755 233834767 10111693 2501132350 4284210756
402.390645 233841378 10112896 2500324550 4284210503
402.398073 233848511 10113891 2499445015 4284210119
402.406096 233856213 10114776 2498502442 4284209696
402.412869 233862714 10115443 2497730421 4284209457
402.420330 233869877 10115891 2496898072 4284209386
402.427094 233876370 10116340 2496179323 4284208889
402.433863 233882868 10116697 2495464644 4284208400
402.441048 233889766 10117024 2494702894 4284207870
402.447819 233896266 10117228 2494005096 4284207549
402.455137 233903291 10117335 2493247563 4284207377
402.461906 233909790 10117550 2492546739 4284206809
402.468683 233916295 10117745 2491852567 4284206252
402.475470 233922811 10117810 2491081907 4284205829
402.482238 233929308 10117843 2490323792 4284205627
402.489055 233935853 10117864 2489575520 4284205535
402.495865 233942391 10117907 2488817172 4284205156
402.502649 233948904 10117959 2488055895 4284204805
402.509636 233955610 10118003 2487274251 4284204473
402.516412 233962115 10118020 2486525326 4284204304
402.523177 233968610 10118026 2485770760 4284204223
402.530736 233975868 10118031 2484918676 4284203860
402.537513 233982373 10118048 2484152697 4284203513
402.544288 233988878 10118065 2483402748 4284203243
402.551062 233995379 10118081 2482668131 4284203190
402.557834 234001881 10118129 2481904219 4284202877
402.564649 234008425 10118187 2481132012 4284202526
402.571425 234014929 10118299 2480367644 4284202144
402.578193 234021425 10118472 2479614105 4284201860
402.584968 234027930 10118726 2478867989 4284201772
402.591743 234034434 10119053 2478092739 4284201488
402.598522 234040941 10119455 2477313812 4284201122
402.605288 234047436 10120015 2476532938 4284200761
402.612063 234053941 10120895 2475761754 4284200477
402.618831 234060437 10122242 2475008174 4284200404
402.625602 234066939 10123184 2474227823 4284200144
402.633048 234074087 10124152 2473359662 4284199719
402.639819 234080586 10124824 2472579002 4284199286
402.646872 234087357 10125420 2471777062 4284198984
402.653648 234093864 10125891 2471030781 4284198929
402.660422 234100366 10126255 2470256247 4284198566
402.667964 234107606 10126596 2469378594 4284198074
402.677225 234116496 10126966 2468310723 4284197413
402.683995 234123040 10127090 2467549176 4284197253
402.690842 234129568 10127169 2466770346 4284197056
402.697611 234136066 10127299 2465986199 4284196574
402.704380 234142565 10127395 2465204059 4284196138
402.711149 234149063 10127443 2464426479 4284195729
402.718150 234155783 10127471 2463649939 4284195581
402.725032 234162391 10127499 2462871378 4284195422
402.731796 234168883 10127546 2462097112 4284195071
402.738567 234175386 10127591 2461316985 4284194716
402.745514 234182053 10127622 2460513202 4284194360
402.752281 234188548 10127626 2459753861 4284194263
402.759131 234195125 10127633 2458961889 4284194142
402.765900 234201624 10127640 2458163916 4284193830
402.772677 234208129 10127658 2457368456 4284193487
402.779457 234214640 10127676 2456593695 4284193242
402.787276 234222144 10127696 2455710961 4284193158
402.794116 234228711 10127770 2454912044 4284192779
402.800909 234235232 10127844 2454113798 4284192434
402.807822 234241869 10127997 2453298881 4284192053
402.814593 234248369 10128250 2452523577 4284191846
402.821368 234254873 10128587 2451749990 4284191781
402.828808 234262015 10129021 2450863436 4284191355
402.835572 234268509 10129557 2450060473 4284190999
402.842532 234275192 10130267 2449232914 4284190580
402.849303 234281692 10131334 2448455868 4284190400
402.856184 234288297 10132642 2447669385 4284190319
402.864062 234295859 10133513 2446737766 4284189877
402.870833 234302359 10134218 2445938900 4284189483
402.877604 234308859 10134811 2445140761 4284189099
402.884369 234315353 10135354 2444380428 4284188939
402.891127 234321842 10135670 2443609253 4284188784
402.899139 234329534 10136036 2442668953 4284188275
402.905900 234336025 10136286 2441877731 4284187838
402.912674 234342528 10136432 2441105821 4284187580
402.919455 234349037 10136502 2440331308 4284187514
402.926222 234355534 10136704 2439541370 4284187039
402.933041 234362081 10136898 2438740367 4284186592
402.939819 234368588 10136975 2437945297 4284186224
402.948547 234376966 10137020 2436941450 4284185923
402.955396 234383539 10137031 2436161121 4284185875
402.962178 234390052 10137078 2435364180 4284185551
402.970046 234397604 10137110 2434440313 4284185201
402.976820 234404108 10137138 2433652896 4284184898
402.984097 234411094 10137144 2432829391 4284184816
402.990880 234417608 10137147 2432049193 4284184667
402.997658 234424112 10137152 2431266006 4284184336
403.005822 234431950 10137168 2430323810 4284183924
403.012589 234438444 10137184 2429548210 4284183625
403.019363 234444948 10137196 2428788270 4284183582
403.027185 234452457 10137247 2427882925 4284183310
403.033951 234458952 10137337 2427092118 4284182955
403.040735 234465466 10137492 2426302169 4284182599
403.047518 234471977 10137728 2425521656 4284182306
403.054291 234478479 10138071 2424761102 4284182234
403.061084 234485002 10138454 2423970416 4284181948
403.067849 234491494 10138952 2423177208 4284181572
403.074630 234498006 10139560 2422379663 4284181202
403.081903 234504987 10140636 2421537962 4284180898
403.089666 234512441 10142170 2420660514 4284180855
403.096459 234518960 10142936 2419858639 4284180528
403.103515 234525735 10143639 2419024024 4284180151
403.110306 234532254 10144230 2418229985 4284179794
403.117104 234538780 10144741 2417492415 4284179729
403.124088 234545484 10145153 2416678677 4284179426
403.131821 234552907 10145571 2415770314 4284178956
403.138593 234559409 10145866 2414971181 4284178540
403.146183 234566695 10146128 2414093709 4284178159
403.153082 234573318 10146214 2413310567 4284178081
403.159849 234579815 10146366 2412514735 4284177708
403.166613 234586310 10146521 2411725556 4284177273
403.174135 234593530 10146604 2410847363 4284176866
403.180902 234600025 10146632 2410080869 4284176646
403.187669 234606523 10146651 2409329818 4284176601
403.194438 234613020 10146703 2408540102 4284176285
403.201218 234619531 10146736 2407752380 4284175975
403.207992 234626034 10146763 2406966599 4284175660
403.214818 234632588 10146769 2406190744 4284175452
403.221590 234639086 10146772 2405432585 4284175412
403.228458 234645681 10146776 2404626766 4284175138
403.235344 234652291 10146789 2403818847 4284174815
403.245185 234661738 10146814 2402669040 4284174346
403.251944 234668225 10146838 2401906543 4284174263
403.258710 234674722 10146881 2401124613 4284174109
403.265468 234681209 10146963 2400327601 4284173773
403.272228 234687698 10147098 2399527008 4284173444
403.278980 234694180 10147304 2398727501 4284173080
403.285739 234700668 10147692 2397965520 4284172953
403.292494 234707152 10148038 2397192553 4284172815
403.299245 234713633 10148513 2396400917 4284172462
403.305997 234720127 10149131 2395605849 4284172123
403.312760 234726608 10149992 2394813425 4284171789
403.319909 234733471 10151694 2394009850 4284171737
403.326661 234739953 10152508 2393217276 4284171516
403.333410 234746432 10153262 2392420299 4284171144
403.340159 234752911 10153954 2391623325 4284170770
403.346909 234759391 10154526 2390847266 4284170533
403.354059 234766255 10154961 2390060647 4284170457
403.360812 234772738 10155320 2389335166 4284170042
403.367657 234779310 10155659 2388612723 4284169540
403.374407 234785789 10155954 2387910213 4284169047
403.381160 234792273 10156132 2387191900 4284168714
403.388194 234799025 10156211 2386392138 4284168624
403.394947 234805508 10156380 2385594868 4284168125
403.401699 234811990 10156496 2384803905 4284167686
403.408449 234818470 10156552 2384018090 4284167294
403.415198 234824949 10156586 2383254076 4284167067
403.422323 234831789 10156600 2382480793 4284167009
403.429032 234838229 10156636 2381730854 4284166704
403.435783 234844710 10156674 2380941769 4284166374
403.442532 234851189 10156697 2380157348 4284166071
403.449281 234857668 10156708 2379386128 4284165875
403.456447 234864548 10156714 2378573353 4284165823
403.463198 234871029 10156727 2377784866 4284165522
403.469950 234877511 10156749 2377000824 4284165161
403.476699 234883989 10156770 2376219863 4284164816
403.483448 234890469 10156806 2375457326 4284164563
403.490583 234897318 10156838 2374658634 4284164490
403.497335 234903800 10156929 2373870724 4284164117
403.504160 234910352 10157052 2373068819 4284163781
403.510910 234916832 10157226 2372274835 4284163423
403.517661 234923314 10157596 2371513520 4284163362
403.524415 234929797 10157949 2370727868 4284163158
403.531165 234936277 10158367 2369935818 4284162809
403.537915 234942757 10158968 2369139292 4284162461
403.544669 234949240 10159734 2368342994 4284162105
403.551416 234955718 10161183 2367588271 4284162037
403.558165 234962197 10162086 2366807320 4284161859
403.564914 234968676 10162860 2366013730 4284161471
403.571665 234975157 10163535 2365223894 4284161100
403.578698 234981910 10164129 2364403547 4284160718
403.585451 234988393 10164630 2363649852 4284160636
403.592203 234994874 10164969 2362881629 4284160407
403.598952 235001353 10165303 2362095058 4284159984
403.605761 235007889 10165574 2361294683 4284159550
403.612509 235014367 10165799 2360503381 4284159084
403.619257 235020845 10165901 2359739021 4284158933
403.626022 235027340 10165988 2358957531 4284158732
403.632771 235033819 10166087 2358169421 4284158333
403.639899 235040662 10166151 2357346792 4284157938
403.646647 235047140 10166197 2356567341 4284157572
403.653396 235053619 10166206 2355813451 4284157479
403.660145 235060098 10166239 2355059171 4284157294
403.666894 235066576 10166303 2354295494 4284156902
403.674052 235073448 10166347 2353485537 4284156507
403.680799 235079926 10166353 2352738194 4284156348
403.687552 235086409 10166358 2351978998 4284156290
403.694301 235092887 10166365 2351204942 4284155969
403.701030 235099347 10166386 2350428363 4284155639
403.708183 235106214 10166404 2349595337 4284155307
403.714931 235112692 10166423 2348826041 4284155110
403.721685 235119176 10166450 2348056095 4284155062
403.728432 235125654 10166511 2347265881 4284154709
403.735181 235132132 10166625 2346473690 4284154340
403.742312 235138978 10166823 2345636962 4284153969
403.749032 235145429 10167118 2344868917 4284153774
403.755791 235151919 10167572 2344116546 4284153695
403.762602 235158457 10168045 2343396723 4284153306
403.769351 235164936 10168639 2342681050 4284152903
403.776450 235171751 10169423 2341867512 4284152538
403.783199 235178229 10170843 2341091140 4284152360
403.789953 235184714 10171772 2340313333 4284152316
403.796702 235191192 10172602 2339514996 4284151951
403.803451 235197671 10173274 2338717164 4284151592
403.810578 235204514 10173850 2337877499 4284151228
403.817326 235210992 10174304 2337102324 4284151033
403.824059 235217455 10174600 2336345310 4284150941
403.830808 235223934 10174938 2335549336 4284150509
403.837556 235230412 10175215 2334751647 4284150064
403.844696 235237267 10175450 2333908012 4284149567
403.851444 235243745 10175538 2333144738 4284149434
403.858193 235250224 10175640 2332370311 4284149224
403.864941 235256703 10175746 2331583708 4284148776
403.871690 235263181 10175815 2330799896 4284148406
403.878830 235270036 10175858 2329982005 4284148082
403.885579 235276515 10175867 2329225365 4284148047
403.892327 235282993 10175898 2328442616 4284147837
403.899033 235289430 10175956 2327667879 4284147478
403.905780 235295908 10175986 2326889913 4284147160
403.912963 235302803 10175999 2326076341 4284146893
403.919713 235309283 10176002 2325326919 4284146839
403.926461 235315762 10176005 2324549017 4284146614
403.933208 235322239 10176017 2323770220 4284146269
403.939957 235328717 10176035 2322990200 4284145940
403.947113 235335587 10176058 2322167179 4284145637
403.953862 235342066 10176087 2321406426 4284145586
403.960611 235348545 10176157 2320616686 4284145348
403.967359 235355023 10176257 2319829123 4284145009
403.974106 235361501 10176412 2319047955 4284144663
403.981247 235368356 10176724 2318229625 4284144323
403.987995 235374834 10177215 2317475722 4284144258
403.994762 235381330 10177674 2316689762 4284143990
404.001510 235387808 10178275 2315903407 4284143630
404.008258 235394286 10179088 2315115254 4284143285
404.015385 235401129 10180419 2314300250 4284142957
404.022135 235407608 10181497 2313556251 4284142894
404.028884 235414087 10182247 2312777413 4284142669
404.035632 235420566 10182930 2311992507 4284142322
404.042380 235427044 10183554 2311204151 4284141990
404.049393 235433776 10184049 2310412186 4284141843
404.056154 235440267 10184361 2309633770 4284141690
404.062902 235446745 10184696 2308847585 4284141263
404.069651 235453224 10184964 2308061042 4284140855
404.076398 235459701 10185177 2307276605 4284140465
404.083525 235466543 10185301 2306478758 4284140283
404.090279 235473033 10185398 2305703613 4284140108
404.097041 235479518 10185538 2304918967 4284139688
404.103789 235485996 10185610 2304138827 4284139331
404.110537 235492474 10185644 2303361567 4284138984
404.117652 235499305 10185663 2302572786 4284138847
404.124407 235505789 10185684 2301815946 4284138734
404.131161 235512274 10185745 2301052672 4284138402
404.137910 235518752 10185783 2300293473 4284138079
404.144658 235525230 10185809 2299539149 4284137745
404.151786 235532074 10185820 2298758175 4284137593
404.158541 235538558 10185834 2297999124 4284137442
404.165295 235545043 10185846 2297228702 4284137090
404.172036 235551513 10185868 2296453090 4284136750
404.178783 235557991 10185889 2295684440 4284136413
404.185913 235564836 10185919 2294906650 4284136270
404.192669 235571322 10185993 2294151676 4284136085
404.199418 235577800 10186113 2293389436 4284135666
404.206166 235584279 10186312 2292625343 4284135271
404.212914 235590757 10186643 2291872070 4284134997
404.220223 235597773 10187247 2291074728 4284134930
404.226972 235604252 10187662 2290307581 4284134524
404.233723 235610733 10188251 2289541343 4284134074
404.240476 235617216 10189016 2288774986 4284133633
404.247225 235623695 10190400 2288027781 4284133337
404.254328 235630514 10191455 2287247617 4284133276
404.261032 235636950 10192150 2286479751 4284132886
404.267785 235643433 10192764 2285715516 4284132465
404.274536 235649914 10193295 2284953989 4284132072
404.281285 235656393 10193691 2284206329 4284131770
404.288446 235663268 10193991 2283425587 4284131696
404.295198 235669749 10194231 2282652685 4284131323
404.301950 235676231 10194496 2281886732 4284130914
404.308700 235682711 10194756 2281124313 4284130442
404.315450 235689191 10194907 2280373968 4284130117
404.322600 235696055 10194960 2279593664 4284130037
404.329352 235702537 10195083 2278833273 4284129617
404.336101 235709017 10195167 2278078687 4284129231
404.342851 235715496 10195209 2277328145 4284128844
404.349601 235721976 10195234 2276590877 4284128595
404.356704 235728795 10195248 2275810929 4284128519
404.363456 235735277 10195289 2275046505 4284128200
404.370206 235741757 10195334 2274292934 4284127840
404.376958 235748239 10195355 2273535359 4284127488
404.383708 235754719 10195361 2272802048 4284127344
404.390838 235761564 10195368 2272021168 4284127207
404.397596 235768053 10195382 2271263189 4284126835
404.404382 235774567 10195398 2270502019 4284126497
404.412054 235781936 10195446 2269647342 4284126109
404.418961 235788563 10195478 2268887002 4284126032
404.425727 235795059 10195554 2268118149 4284125734
404.432501 235801563 10195690 2267348770 4284125346
404.440057 235808816 10195921 2266492048 4284124849
404.446827 235815316 10196254 2265731024 4284124529
404.453606 235821823 10196758 2264985182 4284124447
404.460470 235828414 10197285 2264200942 4284124154
404.467239 235834909 10197921 2263419967 4284123784
404.474038 235841441 10198842 2262639510 4284123399
404.480812 235847941 10200080 2261878857 4284123103
404.487586 235854443 10201033 2261128273 4284123047
404.494364 235860953 10201724 2260339035 4284122786
404.501159 235867475 10202354 2259541268 4284122433
404.507928 235873972 10202865 2258745586 4284122066
404.514729 235880503 10203340 2257955874 4284121759
404.521505 235887006 10203609 2257187064 4284121685
404.528280 235893512 10203873 2256395546 4284121388
404.535062 235900021 10204169 2255602184 4284120915
404.541848 235906535 10204402 2254813635 4284120433
404.548751 235913163 10204510 2254057510 4284120225
404.555527 235919666 10204579 2253283147 4284120021
404.562285 235926154 10204695 2252490662 4284119582
404.570053 235933613 10204753 2251585934 4284119192
404.576824 235940112 10204792 2250795526 4284118900
404.583598 235946615 10204817 2250026697 4284118799
404.590374 235953122 10204829 2249245460 4284118641
404.597252 235959722 10204853 2248442444 4284118336
404.604049 235966248 10204868 2247648943 4284118053
404.610812 235972750 10204875 2246852794 4284117753
404.617628 235979284 10204880 2246078952 4284117667
404.624398 235985783 10204889 2245301772 4284117509
404.631169 235992284 10204908 2244505094 4284117186
404.638057 235998898 10204927 2243696066 4284116846
404.644828 236005398 10204967 2242904661 4284116522
404.651604 236011900 10204998 2242137501 4284116428
404.659087 236019087 10205088 2241276836 4284116224
404.665866 236025594 10205230 2240477050 4284115879
404.672831 236032279 10205459 2239650251 4284115536
404.681068 236040189 10205902 2238682131 4284115160
404.687869 236046715 10206489 2237906065 4284115083
404.694651 236053229 10207043 2237108762 4284114836
404.701417 236059721 10207733 2236308498 4284114463
404.708181 236066216 10208906 2235511866 4284114076
404.714959 236072723 10210073 2234752699 4284113970
404.721733 236079226 10210919 2233979377 4284113839
404.729066 236086265 10211705 2233125840 4284113464
404.735918 236092843 10212360 2232326152 4284113060
404.742696 236099350 10212834 2231535813 4284112691
404.749831 236106201 10213227 2230734776 4284112560
404.756619 236112716 10213534 2229964669 4284112331
404.763411 236119237 10213816 2229192433 4284111846
404.770870 236126396 10214096 2228344716 4284111385
404.777650 236132907 10214323 2227574155 4284110881
404.784418 236139404 10214416 2226829780 4284110761
404.791178 236145892 10214501 2226067114 4284110525
404.797948 236152391 10214572 2225297417 4284110151
404.804814 236158983 10214613 2224519843 4284109784
404.813182 236167017 10214648 2223577667 4284109400
404.819953 236173516 10214658 2222831620 4284109351
404.826721 236180013 10214686 2222063386 4284109138
404.833494 236186516 10214714 2221297320 4284108830
404.840281 236193032 10214727 2220523485 4284108515
404.847089 236199569 10214735 2219751308 4284108237
404.853909 236206116 10214735 2218990886 4284108184
404.860685 236212619 10214739 2218200008 4284107978
404.867463 236219128 10214758 2217399424 4284107656
404.874359 236225747 10214788 2216586755 4284107282
404.881833 236232921 10214834 2215736114 4284107146
404.888609 236239426 10214892 2214954764 4284106974
404.895373 236245919 10215020 2214157120 4284106625
404.902992 236253235 10215243 2213260505 4284106209
404.909793 236259763 10215532 2212459453 4284105855
404.916579 236266278 10216035 2211685702 4284105682
404.924049 236273451 10216740 2210838841 4284105562
404.930833 236279964 10217361 2210036063 4284105210
404.937834 236286681 10218380 2209210329 4284104850
404.945673 236294208 10219737 2208298772 4284104496
404.952448 236300712 10220671 2207531417 4284104455
404.959211 236307204 10221407 2206739847 4284104217
404.965988 236313711 10222011 2205941225 4284103856
404.972764 236320214 10222548 2205146712 4284103470
404.979528 236326707 10223011 2204359376 4284103131
404.986302 236333211 10223280 2203596885 4284103055
404.993130 236339768 10223552 2202797777 4284102749
404.999904 236346269 10223828 2202003107 4284102287
405.006707 236352800 10224053 2201202572 4284101833
405.013599 236359418 10224232 2200402753 4284101372
405.020370 236365919 10224277 2199641699 4284101293
405.027151 236372427 10224358 2198901092 4284100983
405.033923 236378928 10224426 2198192289 4284100592
405.040702 236385437 10224475 2197483630 4284100202
405.048232 236392665 10224510 2196706012 4284099865
405.055061 236399220 10224520 2195926147 4284099795
405.061836 236405724 10224543 2195140179 4284099551
405.069059 236412660 10224567 2194302305 4284099215
405.075837 236419166 10224577 2193522297 4284098894
405.082614 236425670 10224585 2192765562 4284098813
405.089385 236432173 10224596 2191994322 4284098640
405.096162 236438678 10224609 2191212865 4284098303
405.104644 236446821 10224657 2190230415 4284097845
405.112148 236454024 10224702 2189380462 4284097540
405.118917 236460522 10224742 2188623678 4284097500
405.125693 236467027 10224861 2187851873 4284097233
405.133073 236474113 10225054 2187011110 4284096817
405.139878 236480646 10225327 2186225458 4284096431
405.146652 236487147 10225770 2185453424 4284096135
405.153519 236493741 10226501 2184688577 4284096054
405.160293 236500243 10227162 2183909092 4284095752
405.167084 236506803 10227968 2183125751 4284095375
405.173904 236513311 10229281 2182346596 4284094976
405.180671 236519805 10230205 2181578305 4284094713
405.188860 236527667 10231238 2180680805 4284094638
405.195636 236534173 10231870 2179902637 4284094258
405.202413 236540678 10232376 2179125207 4284093866
405.209194 236547188 10232798 2178350674 4284093437
405.215970 236553693 10233095 2177610534 4284093359
405.223463 236560887 10233342 2176768646 4284093037
405.230234 236567386 10233628 2176007514 4284092537
405.237041 236573922 10233867 2175245231 4284091972
405.243807 236580416 10234071 2174494314 4284091427
405.250603 236586943 10234127 2173753394 4284091321
405.257976 236594020 10234220 2172920280 4284090951
405.264754 236600528 10234280 2172159172 4284090541
405.271522 236607023 10234316 2171401913 4284090154
405.278291 236613521 10234358 2170650681 4284089811
405.285071 236620031 10234369 2169909577 4284089763
405.291945 236626629 10234408 2169143869 4284089485
405.298716 236633129 10234437 2168388685 4284089126
405.305534 236639674 10234453 2167622656 4284088773
405.312299 236646168 10234472 2166872630 4284088428
405.319065 236652668 10234478 2166139064 4284088365
405.325856 236659185 10234488 2165380601 4284088110
405.332628 236665684 10234510 2164626120 4284087713
405.339400 236672185 10234560 2163872244 4284087304
405.346727 236679220 10234618 2163063991 4284086929
405.353500 236685721 10234691 2162321984 4284086846
405.360276 236692228 10234833 2161558621 4284086544
405.367062 236698742 10235046 2160790103 4284086137
405.373838 236705248 10235345 2160022554 4284085699
405.380764 236711896 10235841 2159249033 4284085330
405.387538 236718398 10236603 2158511888 4284085249
405.394332 236724920 10237317 2157753866 4284084897
405.401094 236731412 10238342 2156991723 4284084452
405.407867 236737915 10239344 2156220813 4284084035
405.414647 236744424 10240216 2155466964 4284083657
405.421425 236750930 10241044 2154733541 4284083591
405.428309 236757538 10241622 2153954062 4284083314
405.435069 236764028 10242150 2153191758 4284082881
405.441846 236770534 10242635 2152431453 4284082379
405.448618 236777036 10242967 2151691248 4284082181
405.455421 236783566 10243165 2150927245 4284082000
405.462227 236790099 10243424 2150161569 4284081501
405.471159 236798675 10243681 2149153163 4284080849
405.477970 236805214 10243834 2148394495 4284080357
405.484744 236811716 10243876 2147667970 4284080248
405.491513 236818214 10243926 2146872652 4284080047
405.498289 236824722 10243980 2146058197 4284079750
405.505060 236831219 10244032 2145249245 4284079428
405.511864 236837752 10244064 2144431935 4284079156
405.518660 236844276 10244070 2143680947 4284079112
405.525428 236850773 10244104 2142939330 4284078880
405.532196 236857270 10244134 2142197243 4284078522
405.538972 236863774 10244148 2141449278 4284078160
405.545753 236870285 10244167 2140698440 4284077787
405.552526 236876787 10244174 2139965200 4284077712
405.559295 236883286 10244186 2139210004 4284077507
405.566169 236889885 10244213 2138444068 4284077128
405.572946 236896391 10244266 2137690623 4284076702
405.579718 236902891 10244355 2136936938 4284076289
405.586484 236909386 10244453 2136208164 4284076172
405.593259 236915890 10244611 2135463935 4284075966
405.600089 236922447 10244872 2134698192 4284075555
405.606898 236928983 10245261 2133934213 4284075151
405.615040 236936800 10245995 2133039415 4284074780
405.621817 236943307 10246937 2132305575 4284074704
405.628796 236950006 10247655 2131461495 4284074416
405.635560 236956499 10248969 2130640119 4284074108
405.642341 236963011 10249788 2129815630 4284073803
405.650030 236970391 10250820 2128902752 4284073700
405.657485 236977548 10251549 2128006159 4284073551
405.664256 236984047 10252024 2127180817 4284073259
405.671039 236990560 10252478 2126362615 4284072940
405.678909 236998114 10252835 2125456107 4284072540
405.685704 237004639 10253040 2124707528 4284072480
405.693199 237011832 10253292 2123857920 4284072115
405.699975 237018338 10253561 2123090099 4284071636
405.706946 237025030 10253773 2122299571 4284071120
405.713739 237031550 10253923 2121547405 4284070726
405.720510 237038052 10253952 2120801449 4284070661
405.727312 237044584 10253997 2120036690 4284070387
405.734073 237051073 10254052 2119279857 4284070018
405.740836 237057564 10254103 2118528603 4284069647
405.749359 237065747 10254153 2117594515 4284069286
405.756136 237072253 10254157 2116852800 4284069237
405.762910 237078755 10254183 2116088035 4284068911
405.770369 237085918 10254203 2115226837 4284068617
405.777145 237092422 10254211 2114465762 4284068292
405.783929 237098936 10254220 2113722411 4284068081
405.791518 237106219 10254227 2112874618 4284067985
405.798372 237112798 10254254 2112096895 4284067612
405.805143 237119301 10254297 2111320954 4284067258
405.812590 237126448 10254368 2110481631 4284066967
405.819355 237132943 10254446 2109725651 4284066900
405.826117 237139435 10254600 2108945586 4284066612
405.833194 237146228 10254886 2108135737 4284066226
405.839967 237152730 10255255 2107356255 4284065863
405.846914 237159401 10255838 2106572490 4284065580
405.853707 237165923 10256820 2105825715 4284065539
405.860511 237172453 10257597 2105037510 4284065234
405.867937 237179582 10258891 2104175386 4284064825
405.875801 237187134 10259821 2103263231 4284064379
405.882584 237193644 10260711 2102503505 4284064209
405.889357 237200146 10261363 2101748923 4284064144
405.896134 237206652 10261906 2100982830 4284063681
405.902937 237213183 10262365 2100212380 4284063239
405.910064 237220023 10262715 2099419541 4284062847
405.916829 237226517 10262883 2098671829 4284062753
405.923613 237233031 10263111 2097910390 4284062424
405.930378 237239524 10263350 2097147551 4284061905
405.937142 237246019 10263488 2096389476 4284061427
405.943920 237252526 10263625 2095632670 4284060944
405.950698 237259032 10263710 2094891027 4284060692
405.957477 237265541 10263739 2094143466 4284060600
405.964255 237272047 10263775 2093389817 4284060203
405.971152 237278669 10263797 2092617421 4284059839
405.978288 237285519 10263850 2091832186 4284059521
405.986140 237293056 10263857 2090967481 4284059479
405.992911 237299557 10263878 2090183023 4284059214
405.999868 237306235 10263884 2089373710 4284058890
406.006637 237312733 10263899 2088585216 4284058551
406.013401 237319227 10263902 2087810319 4284058323
406.020772 237326305 10263908 2086973645 4284058260
406.027539 237332799 10263939 2086174923 4284057943
406.034309 237339300 10263983 2085380254 4284057642
406.041072 237345792 10264051 2084588853 4284057298
406.047990 237352432 10264166 2083798589 4284057053
406.054880 237359047 10264288 2083023360 4284056973
406.062053 237365934 10264511 2082175672 4284056633
406.069032 237372633 10264869 2081355750 4284056248
406.076055 237379376 10265264 2080527173 4284055850
406.082829 237385878 10266034 2079755064 4284055646
406.089596 237392374 10266924 2078978637 4284055587
406.096364 237398871 10267963 2078247097 4284055123
406.103136 237405373 10268823 2077520144 4284054681
406.109909 237411876 10269684 2076731031 4284054372
406.116685 237418381 10270577 2075968522 4284054300
406.125067 237426431 10271292 2074978327 4284053966
406.131845 237432935 10271767 2074177244 4284053522
406.138659 237439475 10272139 2073376103 4284053108
406.145551 237446092 10272417 2072563588 4284052715
406.153198 237453436 10272659 2071704674 4284052536
406.159975 237459937 10272767 2070926783 4284052358
406.166819 237466510 10272928 2070132838 4284051926
406.173581 237472999 10273085 2069351228 4284051483
406.180332 237479480 10273189 2068585565 4284051196
406.187166 237486041 10273216 2067815652 4284051135
406.193917 237492521 10273264 2067035029 4284050768
406.200667 237499001 10273300 2066261144 4284050431
406.207415 237505479 10273348 2065486276 4284050078
406.214162 237511956 10273383 2064726006 4284049864
406.221289 237518798 10273393 2063928471 4284049813
406.228034 237525273 10273409 2063144073 4284049511
406.234783 237531752 10273417 2062361855 4284049186
406.241530 237538230 10273427 2061578688 4284048852
406.248278 237544708 10273446 2060815168 4284048610
406.255407 237551551 10273453 2060032324 4284048561
406.262268 237558138 10273471 2059257034 4284048238
406.269030 237564630 10273514 2058498022 4284047869
406.275778 237571108 10273595 2057744680 4284047451
406.282535 237577595 10273698 2056999421 4284047152
406.289291 237584081 10273865 2056254540 4284047061
406.296049 237590568 10274102 2055481940 4284046673
406.302797 237597046 10274478 2054715378 4284046298
406.309551 237603530 10274907 2053941905 4284045905
406.316300 237610009 10275646 2053186762 4284045639
406.323028 237616468 10276700 2052452044 4284045581
406.329781 237622950 10277776 2051671532 4284045250
406.336533 237629432 10278616 2050892202 4284044865
406.343283 237635913 10279354 2050118938 4284044494
406.350038 237642397 10280080 2049377909 4284044409
406.356789 237648878 10280643 2048626318 4284044205
406.363539 237655359 10281082 2047862631 4284043787
406.370588 237662126 10281457 2047067440 4284043330
406.377340 237668608 10281764 2046308833 4284042889
406.384091 237675088 10281974 2045570956 4284042760
406.390842 237681569 10282123 2044820106 4284042549
406.397677 237688131 10282306 2044056459 4284042042
406.404699 237694872 10282471 2043275248 4284041543
406.411451 237701354 10282616 2042522376 4284041083
406.418202 237707835 10282653 2041760481 4284040980
406.424955 237714318 10282683 2041023157 4284040905
406.431707 237720800 10282706 2040251283 4284040708
406.438835 237727642 10282770 2039460089 4284040308
406.445587 237734124 10282830 2038712264 4284039941
406.452337 237740604 10282837 2037977540 4284039862
406.459088 237747085 10282858 2037236483 4284039686
406.465837 237753565 10282877 2036494935 4284039323
406.472968 237760411 10282894 2035704140 4284038950
406.479720 237766892 10282912 2034955870 4284038599
406.486470 237773372 10282924 2034218185 4284038491
406.493220 237779852 10282950 2033468529 4284038278
406.499971 237786333 10283004 2032719290 4284037860
406.507115 237793192 10283082 2031925701 4284037436
406.513868 237799674 10283225 2031181494 4284037120
406.520621 237806157 10283394 2030438020 4284037045
406.527371 237812637 10283645 2029680091 4284036722
406.534197 237819190 10283985 2028901799 4284036307
406.541253 237825964 10284491 2028101721 4284035902
406.548020 237832460 10285410 2027355891 4284035701
406.554777 237838947 10286476 2026612821 4284035644
406.561528 237845427 10287756 2025850425 4284035225
406.568277 237851907 10288559 2025085380 4284034825
406.575375 237858721 10289352 2024278603 4284034376
406.582124 237865200 10290114 2023535823 4284034168
406.588880 237871686 10290672 2022783814 4284034109
406.595631 237878166 10291172 2022019674 4284033695
406.602380 237884646 10291534 2021261545 4284033218
406.609513 237891494 10291832 2020467004 4284032702
406.616265 237897975 10292035 2019728794 4284032433
406.623032 237904471 10292152 2018980416 4284032347
406.629782 237910952 10292311 2018221705 4284031877
406.636532 237917432 10292479 2017467229 4284031375
406.643646 237924261 10292653 2016676999 4284030888
406.650397 237930743 10292710 2015940479 4284030677
406.657148 237937223 10292734 2015201230 4284030571
406.663901 237943706 10292771 2014453827 4284030173
406.670722 237950254 10292812 2013699307 4284029795
406.677768 237957018 10292859 2012920999 4284029427
406.684520 237963500 10292879 2012192239 4284029245
406.691271 237969982 10292886 2011447470 4284029189
406.698031 237976471 10292889 2010685169 4284028886
406.704782 237982952 10292896 2009929541 4284028566
406.711900 237989785 10292906 2009134424 4284028295
406.718650 237996265 10292920 2008391756 4284028220
406.725400 238002745 10292950 2007629288 4284027957
406.732150 238009225 10293004 2006869603 4284027579
406.738900 238015705 10293105 2006113762 4284027150
406.746055 238022574 10293242 2005322568 4284026782
406.752807 238029056 10293439 2004586085 4284026688
406.759559 238035537 10293664 2003823253 4284026367
406.766308 238042017 10294042 2003056510 4284025946
406.773029 238048469 10294505 2002291541 4284025528
406.780186 238055339 10295267 2001490281 4284025155
406.786936 238061820 10296367 2000755488 4284025098
406.793688 238068301 10297433 1999991218 4284024807
406.800437 238074781 10298173 1999223697 4284024345
406.807257 238081328 10298856 1998449211 4284023922
406.814314 238088102 10299521 1997658372 4284023547
406.821032 238094552 10300048 1996923589 4284023491
406.827785 238101035 10300449 1996155753 4284023219
406.834536 238107516 10300772 1995390559 4284022783
406.841285 238113995 10301051 1994627949 4284022343
406.848442 238120865 10301320 1993826139 4284021914
406.855193 238127346 10301423 1993080542 4284021815
406.861945 238133829 10301564 1992317501 4284021475
406.868696 238140309 10301749 1991552814 4284020968
406.875445 238146789 10301875 1990786817 4284020544
406.882499 238153560 10301920 1990013352 4284020383
406.889255 238160046 10301943 1989251916 4284020236
406.896024 238166544 10301991 1988481248 4284019858
406.902773 238173023 10302039 1987708105 4284019510
406.909522 238179502 10302089 1986931766 4284019183
406.916632 238186328 10302108 1986146333 4284019048
406.923387 238192813 10302114 1985383837 4284018909
406.930140 238199296 10302127 1984614275 4284018573
406.936893 238205779 10302145 1983843738 4284018221
406.943715 238212328 10302159 1983058749 4284017858
406.950766 238219096 10302168 1982279963 4284017757
406.957521 238225581 10302192 1981510275 4284017625
406.964271 238232062 10302257 1980721294 4284017257
406.971030 238238550 10302347 1979930431 4284016918
406.977780 238245030 10302497 1979140766 4284016562
406.984916 238251880 10302747 1978330703 4284016414
406.991670 238258365 10303044 1977554955 4284016264
406.998421 238264846 10303417 1976766698 4284015884
407.005171 238271325 10303911 1975971943 4284015527
407.011922 238277806 10304552 1975179891 4284015173
407.019035 238284635 10305805 1974377728 4284015058
407.025791 238291121 10306958 1973598110 4284014931
407.032542 238297602 10307781 1972804924 4284014584
407.039293 238304082 10308547 1972012104 4284014246
407.046030 238310550 10309162 1971227107 4284013904
407.053254 238317485 10309726 1970429875 4284013848
407.060018 238323978 10310071 1969650080 4284013609
407.066769 238330460 10310383 1968871208 4284013198
407.073518 238336939 10310674 1968095389 4284012762
407.080342 238343490 10310903 1967327848 4284012474
407.087384 238350250 10311004 1966552152 4284012411
407.094133 238356730 10311203 1965774151 4284012002
407.100884 238363211 10311415 1964996981 4284011491
407.107634 238369690 10311510 1964221900 4284011087
407.114384 238376170 10311555 1963458983 4284010820
407.121519 238383020 10311572 1962659556 4284010760
407.128270 238389501 10311606 1961889668 4284010464
407.135032 238395992 10311663 1961119646 4284010141
407.141782 238402472 10311703 1960350658 4284009803
407.148532 238408952 10311724 1959598424 4284009588
407.155651 238415787 10311731 1958807367 4284009540
407.162403 238422269 10311741 1958031685 4284009219
407.169158 238428754 10311758 1957256235 4284008882
407.175912 238435237 10311777 1956485503 4284008531
407.182662 238441717 10311794 1955735359 4284008304
407.189775 238448546 10311817 1954960967 4284008233
407.196528 238455028 10311875 1954196281 4284007884
407.203278 238461508 10311972 1953433628 4284007505
407.210032 238467992 10312129 1952667792 4284007141
407.216860 238474548 10312449 1951909369 4284006857
407.223909 238481314 10312904 1951147779 4284006771
407.230660 238487795 10313319 1950328224 4284006428
407.237411 238494276 10313884 1949510576 4284006045
407.244161 238500756 10314547 1948698117 4284005689
407.250910 238507235 10316042 1947918084 4284005637
407.258051 238514090 10317067 1947069753 4284005425
407.264803 238520573 10317840 1946256683 4284005091
407.271760 238527252 10318547 1945421327 4284004719
407.278566 238533787 10319191 1944610425 4284004375
407.285335 238540285 10319698 1943843391 4284004309
407.292095 238546774 10320051 1943049316 4284004072
407.298870 238553278 10320373 1942247802 4284003675
407.305644 238559781 10320706 1941446954 4284003248
407.312404 238566270 10320865 1940675122 4284003025
407.319567 238573148 10320990 1939866198 4284002854
407.326570 238579870 10321155 1939037209 4284002444
407.333332 238586361 10321283 1938236876 4284002070
407.340093 238592855 10321369 1937441831 4284001677
407.347794 238600246 10321400 1936561215 4284001543
407.354695 238606870 10321432 1935759071 4284001397
407.361456 238613361 10321472 1934966011 4284001087
407.369201 238620795 10321507 1934064346 4284000720
407.375986 238627310 10321527 1933272895 4284000420
407.382766 238633820 10321539 1932498200 4284000184
407.389549 238640331 10321549 1931733561 4284000123
407.396323 238646834 10321561 1930944533 4283999857
407.403059 238653301 10321570 1930162601 4283999520
407.409833 238659804 10321587 1929369637 4283999194
407.416611 238666310 10321605 1928606320 4283999124
407.423383 238672812 10321649 1927833314 4283998964
407.430151 238679309 10321741 1927042770 4283998636
407.438613 238687432 10321906 1926048423 4283998177
407.445929 238694456 10322161 1925205052 4283997859
407.452708 238700964 10322598 1924444317 4283997803
407.459480 238707464 10323014 1923669155 4283997508
407.467046 238714727 10323617 1922801092 4283997074
407.473818 238721229 10324333 1922013263 4283996698
407.480592 238727732 10325555 1921233314 4283996416
407.487364 238734233 10326688 1920469364 4283996368
407.494215 238740810 10327478 1919672724 4283996078
407.500990 238747314 10328138 1918887976 4283995694
407.507806 238753859 10328769 1918097013 4283995295
407.514580 238760360 10329278 1917319768 4283994975
407.521342 238766852 10329648 1916563370 4283994903
407.528113 238773353 10329940 1915783740 4283994555
407.534879 238779847 10330206 1914997405 4283994099
407.541656 238786356 10330472 1914211101 4283993658
407.548866 238793276 10330589 1913413289 4283993486
407.555635 238799773 10330708 1912651817 4283993217
407.562425 238806293 10330860 1911855454 4283992744
407.569338 238812927 10330942 1911042053 4283992348
407.576115 238819435 10330994 1910249953 4283991951
407.583387 238826416 10331017 1909426046 4283991845
407.590171 238832927 10331046 1908637894 4283991650
407.596940 238839426 10331082 1907847352 4283991321
407.603711 238845926 10331106 1907059104 4283990998
407.610494 238852437 10331129 1906270402 4283990691
407.617264 238858938 10331139 1905512392 4283990631
407.624089 238865489 10331146 1904735447 4283990475
407.630931 238872058 10331153 1903936528 4283990159
407.637697 238878554 10331167 1903147543 4283989818
407.644469 238885054 10331190 1902364617 4283989502
407.651232 238891546 10331211 1901608334 4283989404
407.658045 238898087 10331262 1900830421 4283989222
407.664816 238904587 10331374 1900029679 4283988883
407.671593 238911095 10331547 1899227527 4283988492
407.678381 238917610 10331784 1898426658 4283988126
407.685182 238924137 10332251 1897657941 4283988017
407.692759 238931412 10332789 1896773204 4283987768
407.699528 238937910 10333338 1895973636 4283987408
407.706295 238944407 10334066 1895170944 4283987044
407.713072 238950913 10335420 1894391282 4283986868
407.719894 238957463 10336442 1893612784 4283986778
407.726664 238963961 10337231 1892810459 4283986432
407.733439 238970465 10337866 1892007465 4283986031
407.740205 238976961 10338491 1891208641 4283985640
407.748912 238985322 10339076 1890221830 4283985424
407.755689 238991826 10339383 1889446044 4283985266
407.762459 238998326 10339660 1888654748 4283984886
407.769357 239004947 10339881 1887841817 4283984488
407.776120 239011439 10340068 1887044051 4283984057
407.783518 239018541 10340159 1886211987 4283983904
407.790293 239025045 10340245 1885479689 4283983666
407.797067 239031550 10340353 1884774959 4283983242
407.804403 239038590 10340459 1884012184 4283982787
407.811168 239045086 10340507 1883266432 4283982439
407.817989 239051633 10340529 1882497046 4283982348
407.825672 239059010 10340563 1881613111 4283982146
407.832455 239065522 10340604 1880831538 4283981813
407.839225 239072020 10340630 1880050600 4283981498
407.846033 239078557 10340640 1879273322 4283981184
407.852815 239085067 10340645 1878523659 4283981140
407.859793 239091765 10340650 1877724385 4283980922
407.866571 239098273 10340661 1876949726 4283980604
407.873339 239104769 10340686 1876173902 4283980269
407.880122 239111282 10340719 1875395357 4283979968
407.886899 239117787 10340754 1874648062 4283979918
407.895057 239125620 10340844 1873710918 4283979656
407.902063 239132345 10341017 1872898179 4283979319
407.909029 239139032 10341252 1872082712 4283978952
407.915813 239145543 10341577 1871298882 4283978655
407.922576 239152037 10342197 1870532503 4283978594
407.929562 239158744 10342776 1869712692 4283978300
407.936337 239165247 10343499 1868919105 4283977952
407.943111 239171751 10344721 1868118239 4283977596
407.949890 239178259 10345868 1867365548 4283977519
407.956659 239184757 10346640 1866587853 4283977362
407.963444 239191271 10347335 1865784080 4283976989
407.970721 239198255 10348007 1864922678 4283976570
407.977487 239204751 10348511 1864125321 4283976195
407.984264 239211258 10348877 1863364107 4283976103
407.991083 239217805 10349153 1862585676 4283975803
407.997862 239224311 10349420 1861793678 4283975393
408.004630 239230809 10349645 1860999959 4283974965
408.012111 239237991 10349896 1860124630 4283974430
408.018880 239244490 10349970 1859356768 4283974330
408.026054 239251377 10350088 1858564159 4283973996
408.032823 239257873 10350169 1857778921 4283973639
408.039592 239264372 10350241 1856984427 4283973284
408.047051 239271532 10350273 1856145572 4283973113
408.053826 239278038 10350293 1855365973 4283972993
408.060601 239284542 10350332 1854581257 4283972656
408.068866 239292478 10350356 1853622602 4283972304
408.075650 239298988 10350371 1852841260 4283971991
408.082418 239305485 10350373 1852067248 4283971774
408.089201 239311998 10350376 1851312919 4283971714
408.095975 239318501 10350379 1850539379 4283971431
408.102766 239325021 10350398 1849756420 4283971094
408.109537 239331519 10350426 1848977556 4283970722
408.116305 239338016 10350458 1848221809 4283970629
408.123090 239344531 10350526 1847448077 4283970456
408.129876 239351048 10350672 1846663298 4283970070
408.137038 239357920 10350877 1845839941 4283969664
408.143820 239364431 10351155 1845054969 4283969315
408.150605 239370947 10351710 1844303814 4283969228
408.158128 239378169 10352322 1843451633 4283969002
408.164904 239384674 10352948 1842666393 4283968630
408.171690 239391187 10353861 1841882103 4283968260
408.178461 239397687 10354927 1841096158 4283967906
408.185318 239404269 10355986 1840340482 4283967866
408.192098 239410777 10356520 1839568576 4283967756
408.198876 239417287 10357131 1838851779 4283967383
408.205680 239423816 10357645 1838054707 4283966993
408.213923 239431730 10358177 1837097666 4283966619
408.220713 239438248 10358438 1836326811 4283966544
408.227484 239444749 10358714 1835535103 4283966255
408.234255 239451249 10358939 1834739243 4283965861
408.241199 239457917 10359146 1833925606 4283965399
408.247981 239464426 10359310 1833136987 4283965034
408.254751 239470925 10359361 1832373425 4283964959
408.261523 239477427 10359432 1831591182 4283964688
408.268285 239483918 10359489 1830805684 4283964330
408.275156 239490514 10359534 1830007947 4283963998
408.282097 239497177 10359566 1829231709 4283963788
408.288869 239503679 10359571 1828467699 4283963752
408.295645 239510183 10359597 1827673299 4283963448
408.302425 239516693 10359620 1826885773 4283963139
408.309193 239523190 10359634 1826100080 4283962823
408.315985 239529712 10359638 1825335387 4283962721
408.322895 239536344 10359643 1824544063 4283962601
408.329678 239542854 10359654 1823760048 4283962276
408.336450 239549356 10359682 1822973258 4283961946
408.343220 239555858 10359706 1822185290 4283961627
408.350060 239562426 10359746 1821416399 4283961510
408.356843 239568933 10359805 1820637722 4283961382
408.363694 239575510 10359954 1819845522 4283961025
408.370468 239582013 10360187 1819057368 4283960660
408.377258 239588534 10360549 1818273316 4283960271
408.384729 239595703 10361248 1817446009 4283960222
408.391501 239602205 10361792 1816664705 4283959948
408.398271 239608704 10362560 1815880372 4283959572
408.405065 239615227 10363848 1815088011 4283959206
408.411876 239621767 10364946 1814310996 4283958996
408.419268 239628863 10365883 1813471324 4283958944
408.426064 239635386 10366589 1812684916 4283958566
408.432850 239641902 10367224 1811908973 4283958187
408.440297 239649051 10367758 1811056446 4283957796
408.447086 239655566 10368121 1810277479 4283957417
408.453863 239662073 10368421 1809528741 4283957332
408.460723 239668660 10368606 1808744380 4283957104
408.467520 239675185 10368797 1807961712 4283956676
408.474290 239681683 10368965 1807187636 4283956252
408.481088 239688208 10369063 1806426056 4283956030
408.487867 239694718 10369117 1805668328 4283955935
408.494646 239701225 10369190 1804891987 4283955548
408.501415 239707722 10369244 1804110100 4283955160
408.508315 239714345 10369291 1803310688 4283954787
408.515121 239720882 10369321 1802540159 4283954612
408.521899 239727388 10369334 1801776081 4283954558
408.528674 239733893 10369378 1801004567 4283954206
408.535446 239740392 10369393 1800233257 4283953867
408.542707 239747362 10369393 1799402690 4283953550
408.549623 239754002 10369403 1798627687 4283953383
408.556395 239760506 10369405 1797868758 4283953319
408.563971 239767777 10369422 1797000837 4283952934
408.570745 239774279 10369448 1796223800 4283952592
408.577518 239780783 10369499 1795446144 4283952233
408.586073 239788995 10369581 1794495298 4283952060
408.592850 239795502 10369655 1793719279 4283951959
408.600172 239802530 10369886 1792939136 4283951486
408.607115 239809196 10370181 1792198422 4283950899
408.613885 239815694 10370604 1791476867 4283950483
408.620652 239822192 10371361 1790720290 4283950432
408.628154 239829392 10372157 1789838221 4283950170
408.634927 239835895 10373114 1789028053 4283949821
408.644066 239844668 10374410 1787946366 4283949355
408.650843 239851173 10375408 1787186012 4283949301
408.657630 239857690 10376003 1786390844 4283949093
408.664403 239864191 10376553 1785593179 4283948709
408.671167 239870685 10377004 1784796690 4283948339
408.677946 239877193 10377410 1784001688 4283947969
408.684720 239883696 10377726 1783244902 4283947891
408.691487 239890191 10377959 1782466665 4283947643
408.698278 239896711 10378184 1781670119 4283947245
408.705055 239903218 10378385 1780874234 4283946824
408.711841 239909732 10378574 1780083367 4283946413
408.718618 239916240 10378622 1779321208 4283946331
408.726590 239923891 10378688 1778409000 4283946037
408.733365 239930395 10378726 1777629405 4283945676
408.740216 239936971 10378762 1776842204 4283945349
408.747888 239944338 10378811 1775964093 4283945040
408.754688 239950866 10378823 1775204188 4283944990
408.761459 239957366 10378850 1774421308 4283944740
408.768223 239963858 10378858 1773641990 4283944420
408.774998 239970410 10378862 1772858508 4283944104
408.781862 239976953 10378870 1772082983 4283943855
408.790064 239984826 10378874 1771179731 4283943790
408.796896 239991385 10378898 1770385341 4283943441
408.803668 239997885 10378924 1769603834 4283943119
408.810476 240004422 10378985 1768818468 4283942792
408.817264 240010937 10379051 1768060280 4283942734
408.825459 240018807 10379192 1767107726 4283942451
408.832232 240025308 10379423 1766321538 4283942080
408.839171 240031968 10379712 1765516813 4283941710
408.845943 240038470 10380179 1764741787 4283941428
408.853083 240045324 10381111 1763953637 4283941363
408.860059 240052021 10381791 1763142817 4283941040
408.866868 240058558 10382874 1762352614 4283940656
408.873638 240065057 10383799 1761568915 4283940281
408.880511 240071656 10384679 1760790946 4283940023
408.887299 240078172 10385501 1760052866 4283939967
408.894109 240084710 10386039 1759290932 4283939567
408.901124 240091443 10386568 1758505794 4283939092
408.907906 240097955 10387009 1757751662 4283938551
408.914678 240104456 10387302 1757012545 4283938211
408.922772 240112226 10387526 1756119181 4283938087
408.929550 240118735 10387716 1755355886 4283937638
408.936383 240125292 10387954 1754595652 4283937120
408.943141 240131779 10388153 1753846433 4283936594
408.949931 240138298 10388278 1753107485 4283936264
408.957132 240145211 10388334 1752314246 4283936139
408.964866 240152636 10388391 1751456695 4283935708
408.971633 240159132 10388428 1750705861 4283935321
408.978426 240165654 10388478 1749947129 4283934959
408.985195 240172151 10388503 1749211802 4283934807
408.991961 240178647 10388513 1748470169 4283934697
408.998996 240185430 10388537 1747680181 4283934346
409.005801 240191933 10388548 1746922430 4283934024
409.013260 240199102 10388577 1746097515 4283933724
409.020122 240205681 10388582 1745336452 4283933680
409.026923 240212210 10388611 1744560508 4283933358
409.033709 240218726 10388643 1743792504 4283932967
409.040475 240225221 10388709 1743031387 4283932565
409.047255 240231730 10388796 1742287808 4283932270
409.054048 240238250 10388907 1741550092 4283932150
409.060819 240244752 10389111 1740782708 4283931762
409.067576 240251237 10389385 1740028288 4283931334
409.074331 240257720 10389756 1739267551 4283930932
409.081079 240264198 10390376 1738520181 4283930656
409.087905 240270751 10391408 1737777960 4283930580
409.094655 240277232 10392140 1737011543 4283930223
409.101411 240283717 10393315 1736243584 4283929820
409.108163 240290200 10394150 1735479289 4283929418
409.114912 240296678 10394969 1734727341 4283929098
409.121659 240303156 10395724 1733986348 4283929034
409.128416 240309642 10396218 1733221890 4283928702
409.135394 240316341 10396716 1732434380 4283928255
409.142141 240322818 10397044 1731670158 4283927841
409.148889 240329296 10397348 1730918777 4283927509
409.155726 240335860 10397536 1730175770 4283927386
409.162489 240342352 10397734 1729418369 4283926984
409.169511 240349093 10397935 1728630612 4283926473
409.176261 240355573 10398091 1727878346 4283925975
409.183027 240362069 10398173 1727136430 4283925695
409.189775 240368547 10398206 1726401268 4283925619
409.196525 240375027 10398253 1725653360 4283925271
409.203637 240381855 10398301 1724859670 4283924872
409.210385 240388332 10398352 1724108853 4283924507
409.217133 240394811 10398366 1723373411 4283924412
409.223883 240401291 10398388 1722621171 4283924249
409.230631 240407769 10398409 1721864200 4283923919
409.237757 240414610 10398413 1721068372 4283923580
409.244506 240421088 10398422 1720312529 4283923240
409.251253 240427566 10398433 1719577448 4283923150
409.258017 240434059 10398452 1718833420 4283922959
409.264766 240440538 10398482 1718082318 4283922590
409.271893 240447381 10398548 1717286350 4283922141
409.278642 240453860 10398645 1716537170 4283921741
409.285391 240460338 10398751 1715804206 4283921643
409.292212 240466886 10398921 1715030109 4283921431
409.298962 240473367 10399188 1714212266 4283921044
409.306044 240480165 10399576 1713353444 4283920607
409.312793 240486645 10400103 1712541092 4283920239
409.319543 240493124 10401029 1711759846 4283920134
409.326291 240499603 10402008 1710988249 4283919919
409.333031 240506073 10403213 1710253380 4283919454
409.340179 240512935 10404048 1709483754 4283919010
409.346928 240519414 10404751 1708760787 4283918582
409.353677 240525893 10405459 1708004261 4283918480
409.360426 240532371 10405969 1707223134 4283918292
409.367174 240538850 10406416 1706420775 4283917922
409.374309 240545700 10406796 1705582695 4283917492
409.381032 240552154 10407050 1704817410 4283917261
409.387792 240558644 10407197 1704056476 4283917175
409.394549 240565130 10407381 1703280824 4283916742
409.401297 240571608 10407523 1702508850 4283916289
409.408442 240578467 10407669 1701694113 4283915805
409.415190 240584945 10407745 1700941062 4283915580
409.421944 240591430 10407764 1700173664 4283915513
409.428791 240598002 10407830 1699376015 4283915131
409.435553 240604494 10407883 1698590364 4283914755
409.442580 240611239 10407932 1697777855 4283914415
409.449328 240617718 10407955 1697012438 4283914255
409.456088 240624208 10407964 1696247302 4283914183
409.462847 240630696 10407981 1695468883 4283913853
409.469595 240637174 10407992 1694688101 4283913489
409.476691 240643986 10408004 1693866686 4283913119
409.483440 240650465 10408008 1693110738 4283912953
409.490200 240656955 10408025 1692377734 4283912854
409.496956 240663441 10408058 1691589658 4283912516
409.503705 240669920 10408117 1690800813 4283912166
409.510827 240676757 10408212 1689963630 4283911759
409.517575 240683235 10408337 1689191046 4283911537
409.524337 240689726 10408536 1688412361 4283911436
409.531093 240696212 10408817 1687609532 4283911065
409.537841 240702691 10409181 1686809782 4283910685
409.544959 240709523 10409821 1685981245 4283910342
409.551707 240716002 10410765 1685246317 4283910259
409.558456 240722481 10411603 1684514604 4283909966
409.565279 240729031 10412755 1683794269 4283909541
409.572030 240735512 10413539 1683081123 4283909124
409.579115 240742314 10414335 1682341187 4283908744
409.585865 240748794 10414995 1681576789 4283908683
409.592616 240755274 10415547 1680787597 4283908410
409.599364 240761752 10416014 1679995328 4283908026
409.606112 240768230 10416406 1679212725 4283907626
409.613243 240775077 10416735 1678391148 4283907263
409.619992 240781555 10416884 1677632861 4283907170
409.626743 240788037 10417011 1676847739 4283906854
409.633491 240794515 10417187 1676060422 4283906384
409.640238 240800992 10417361 1675274522 4283905919
409.647376 240807844 10417460 1674454061 4283905537
409.654124 240814322 10417484 1673702731 4283905472
409.660873 240820802 10417532 1672920692 4283905217
409.667622 240827280 10417589 1672131861 4283904855
409.674369 240833758 10417621 1671344796 4283904566
409.681506 240840609 10417653 1670521039 4283904285
409.688255 240847088 10417656 1669756784 4283904235
409.695020 240853583 10417664 1668971811 4283904017
409.701838 240860128 10417672 1668170720 4283903730
409.708586 240866606 10417678 1667378137 4283903427
409.715637 240873375 10417694 1666571963 4283903240
409.722387 240879854 10417699 1665800288 4283903190
409.729135 240886333 10417720 1665005368 4283902873
409.735884 240892812 10417779 1664209273 4283902520
409.742632 240899290 10417864 1663411688 4283902189
409.749648 240906026 10418012 1662609929 4283902043
409.756403 240912510 10418201 1661852343 4283901878
409.763158 240918995 10418475 1661124198 4283901434
409.769907 240925474 10418848 1660400314 4283900975
409.776654 240931951 10419370 1659680427 4283900570
409.783783 240938795 10420460 1658889921 4283900408
409.790537 240945279 10421415 1658103424 4283900273
409.797292 240951764 10422526 1657299423 4283899933
409.804032 240958233 10423341 1656497688 4283899568
409.810780 240964712 10424116 1655698833 4283899221
409.817915 240971562 10424913 1654899821 4283899084
409.824671 240978047 10425387 1654130889 4283898922
409.831427 240984533 10425816 1653351941 4283898508
409.838243 240991077 10426153 1652567519 4283898124
409.844992 240997556 10426464 1651789529 4283897705
409.852056 241004338 10426631 1650999728 4283897548
409.858819 241010829 10426792 1650227583 4283897361
409.865567 241017308 10426990 1649457297 4283896893
409.872314 241023784 10427190 1648686618 4283896403
409.879030 241030232 10427300 1647926048 4283896015
409.886315 241037226 10427326 1647126539 4283895950
409.893033 241043675 10427358 1646354928 4283895727
409.899783 241050155 10427408 1645579638 4283895373
409.906531 241056633 10427459 1644805130 4283895054
409.913279 241063111 10427492 1644045381 4283894818
409.920490 241070034 10427499 1643244963 4283894758
409.927240 241076514 10427511 1642466023 4283894462
409.933988 241082992 10427513 1641689828 4283894165
409.940736 241089470 10427517 1640916050 4283893846
409.947483 241095948 10427527 1640154417 4283893628
409.954614 241102793 10427533 1639351541 4283893576
409.961363 241109272 10427559 1638567839 4283893269
409.968111 241115749 10427616 1637783724 4283892901
409.974926 241122293 10427706 1636992705 4283892512
409.981688 241128784 10427870 1636225943 4283892252
409.988731 241135546 10428072 1635435456 4283892186
409.995481 241142025 10428330 1634641503 4283891817
410.002229 241148504 10428710 1633849837 4283891465
410.008978 241154982 10429236 1633054475 4283891096
410.015725 241161460 10430052 1632277288 4283890849
410.022872 241168321 10431270 1631478783 4283890816
410.029621 241174800 10432274 1630693619 4283890477
410.036370 241181279 10433036 1629912347 4283890126
410.043119 241187757 10433755 1629137151 4283889737
410.049867 241194235 10434490 1628382661 4283889475
410.056998 241201103 10435049 1627589711 4283889421
410.063773 241207586 10435449 1626813308 4283889033
410.070523 241214065 10435796 1626043585 4283888609
410.077271 241220544 10436076 1625273861 4283888172
410.084028 241227031 10436249 1624544415 4283888078
410.091118 241233837 10436408 1623751651 4283887787
410.097867 241240316 10436555 1622983981 4283887338
410.104616 241246795 10436702 1622216714 4283886843
410.111435 241253341 10436836 1621439382 4283886386
410.118183 241259820 10436863 1620687818 4283886308
410.125254 241266607 10436896 1619882578 4283886056
410.132019 241273101 10436932 1619111475 4283885706
410.138767 241279580 10436977 1618341901 4283885377
410.145515 241286057 10437020 1617573251 4283885069
410.152263 241292536 10437027 1616831647 4283885019
410.159379 241299367 10437034 1616020526 4283884819
410.166128 241305846 10437048 1615249513 4283884491
410.172876 241312324 10437057 1614476830 4283884131
410.179623 241318801 10437071 1613703482 4283883785
410.186371 241325280 10437078 1612962681 4283883706
410.193514 241332137 10437102 1612154325 4283883510
410.200262 241338615 10437166 1611375087 4283883169
410.207026 241345108 10437258 1610593774 4283882808
410.213774 241351587 10437391 1609817334 4283882460
410.220539 241358082 10437615 1609063483 4283882403
410.227957 241365204 10437932 1608214180 4283882123
410.234748 241371723 10438351 1607428640 4283881745
410.241534 241378240 10438805 1606640978 4283881370
410.248407 241384837 10439814 1605879089 4283881189
410.257063 241393149 10441266 1604894308 4283880986
410.263841 241399652 10442162 1604097387 4283880626
410.270603 241406145 10443018 1603304625 4283880247
410.277388 241412657 10443738 1602507696 4283879893
410.284148 241419147 10444417 1601749030 4283879839
410.290913 241425641 10444883 1600973258 4283879643
410.297689 241432150 10445273 1600180596 4283879264
410.304611 241438793 10445593 1599369173 4283878832
410.311381 241445292 10445913 1598575474 4283878362
410.318148 241451788 10446075 1597810449 4283878227
410.325855 241459186 10446253 1596917353 4283877910
410.332627 241465688 10446430 1596127377 4283877436
410.339408 241472197 10446596 1595337945 4283876934
410.346174 241478694 10446684 1594554527 4283876520
410.352958 241485206 10446701 1593800397 4283876472
410.360374 241492324 10446737 1592948010 4283876258
410.367141 241498820 10446793 1592158223 4283875922
410.374430 241505817 10446832 1591304735 4283875589
410.381192 241512310 10446852 1590536057 4283875471
410.388074 241518917 10446856 1589736804 4283875348
410.395114 241525678 10446858 1588910972 4283875064
410.402728 241532985 10446869 1588030624 4283874713
410.409499 241539485 10446879 1587241914 4283874384
410.416268 241545983 10446899 1586467079 4283874104
410.423088 241552532 10446908 1585703310 4283874067
410.429865 241559037 10446953 1584908512 4283873764
410.436762 241565656 10447031 1584100425 4283873418
410.445152 241573711 10447187 1583125678 4283873031
410.451921 241580210 10447407 1582361907 4283872968
410.458699 241586718 10447628 1581577560 4283872707
410.465474 241593223 10447965 1580786986 4283872323
410.472246 241599722 10448446 1579996429 4283871977
410.479162 241606362 10449186 1579188934 4283871647
410.485959 241612887 10450339 1578423429 4283871606
410.492772 241619427 10451446 1577623762 4283871379
410.499553 241625938 10452281 1576826843 4283871026
410.506325 241632438 10453034 1576034349 4283870668
410.513673 241639493 10453795 1575188716 4283870362
410.520451 241645998 10454321 1574434326 4283870319
410.527355 241652627 10454733 1573645056 4283870033
410.535059 241660024 10455099 1572757058 4283869599
410.541831 241666523 10455353 1571975845 4283869189
410.548609 241673031 10455495 1571218653 4283869077
410.555421 241679573 10455652 1570442533 4283868860
410.562186 241686064 10455840 1569668944 4283868392
410.569164 241692763 10456016 1568876274 4283867866
410.575940 241699270 10456195 1568102036 4283867355
410.582717 241705774 10456298 1567337934 4283866987
410.590058 241712823 10456316 1566529507 4283866919
410.596867 241719360 10456354 1565751948 4283866558
410.604044 241726249 10456406 1564939244 4283866199
410.611828 241733723 10456443 1564072925 4283865899
410.618600 241740221 10456448 1563330023 4283865860
410.625382 241746735 10456457 1562556553 4283865633
410.632144 241753224 10456463 1561786143 4283865310
410.638918 241759727 10456478 1561014206 4283864960
410.645923 241766452 10456488 1560222511 4283864650
410.652720 241772976 10456501 1559464779 4283864602
410.659493 241779480 10456534 1558683780 4283864349
410.666381 241786092 10456606 1557889354 4283864002
410.673142 241792582 10456712 1557109269 4283863608
410.679968 241799134 10456878 1556328034 4283863313
410.686745 241805640 10457111 1555568949 4283863238
410.693570 241812193 10457395 1554778893 4283862975
410.701068 241819393 10457846 1553895973 4283862555
410.707838 241825894 10458378 1553098854 4283862179
410.714622 241832402 10459288 1552321197 4283862021
410.721395 241838907 10460594 1551547944 4283861957
410.728182 241845421 10461463 1550744415 4283861620
410.734950 241851919 10462227 1549951159 4283861268
410.741724 241858422 10462957 1549155601 4283860911
410.749557 241865941 10463698 1548275605 4283860810
410.757098 241873180 10464188 1547406720 4283860552
410.763873 241879684 10464579 1546614865 4283860173
410.770650 241886191 10464881 1545822607 4283859774
410.777439 241892706 10465202 1545039395 4283859346
410.784205 241899203 10465307 1544290100 4283859267
410.792205 241906883 10465495 1543370357 4283858888
410.799048 241913453 10465668 1542578349 4283858282
410.807456 241921524 10465896 1541608981 4283857604
410.814221 241928020 10465983 1540851405 4283857309
410.821882 241935373 10466003 1539983312 4283857226
410.828655 241941875 10466044 1539214090 4283856856
410.835424 241948373 10466110 1538447483 4283856505
410.842894 241955544 10466165 1537596850 4283856146
410.850726 241963064 10466180 1536733444 4283856019
410.857493 241969559 10466188 1535969231 4283855876
410.864266 241976063 10466194 1535202324 4283855549
410.871069 241982593 10466206 1534433241 4283855206
410.877852 241989104 10466222 1533674888 4283854867
410.884634 241995616 10466232 1532941679 4283854748
410.893050 242003658 10466288 1532533422 4283853847
410.899836 242006723 10466288 1532222717 4283850255
410.906617 242009724 10466288 1531873869 4283847139
410.913390 242012690 10466288 1531499673 4283844218
410.920156 242015652 10466288 1531125682 4283841282
410.927995 242019109 10466288 1530692241 4283837804
410.934811 242022091 10466288 1530317845 4283834772
410.941603 242025073 10466288 1529944254 4283831694
410.948804 242028236 10466288 1529554910 4283828119
410.956149 242031457 10466288 1529168067 4283824453
410.962929 242034463 10466288 1528791901 4283821652
410.970099 242037618 10466288 1528398891 4283818472
410.976880 242040612 10466288 1528029693 4283815486
410.984712 242044050 10466288 1527617887 4283811571
410.991481 242047035 10466288 1527263868 4283808372
410.998264 242050025 10466288 1526897641 4283805336
411.005066 242053024 10466288 1526530838 4283802280
411.011933 242056033 10466288 1526170150 4283798996
411.018713 242059018 10466288 1525815926 4283795699
411.025628 242062070 10466288 1525449004 4283792660
411.032396 242065044 10466288 1525091879 4283789622
411.039167 242068018 10466288 1524734228 4283786498
411.045946 242070992 10466288 1524381633 4283783234
411.052783 242074002 10466288 1524028234 4283779928
411.059553 242076988 10466288 1523670527 4283777041
411.067595 242080527 10466288 1523243925 4283773620
411.074360 242083491 10466288 1522885850 4283770549
411.081158 242086457 10466288 1522536463 4283767139
411.088055 242089491 10466288 1522187987 4283763589
411.095917 242092966 10466288 1521775776 4283760261
411.102686 242095933 10466288 1521425755 4283757212
411.109462 242098917 10466288 1521072216 4283754189
411.116249 242101884 10466288 1520730399 4283750734
411.123037 242104891 10466288 1520379246 4283747622
411.129802 242107870 10466288 1520027781 4283744534
411.136730 242110914 10466288 1519670177 4283741377
411.143511 242113893 10466288 1519322710 4283738364
411.150280 242116842 10466288 1518986614 4283734908
411.157050 242119841 10466288 1518640595 4283732014
411.163824 242122838 10466288 1518285411 4283729038
411.170600 242125823 10466288 1517930844 4283725831
411.177386 242128813 10466288 1517571859 4283722702
411.184152 242131780 10466288 1517231719 4283718946
411.190937 242134810 10466288 1516874719 4283716021
411.197713 242137804 10466288 1516517799 4283713028
411.204830 242140952 10466288 1516144577 4283709777
411.211596 242143918 10466288 1515796896 4283706504
411.218373 242146883 10466288 1515460344 4283702919
411.225807 242150169 10466288 1515070659 4283699888
411.232589 242153166 10466288 1514714197 4283696842
411.239376 242156150 10466288 1514359291 4283693819
411.246157 242159118 10466288 1514012677 4283690516
411.253479 242162341 10466288 1513641611 4283686998
411.260510 242165449 10466288 1513278153 4283684007
411.267279 242168429 10466288 1512928305 4283680918
411.274069 242171408 10466288 1512577906 4283677883
411.280843 242174372 10466288 1512233915 4283674649
411.287614 242177357 10466288 1511888974 4283671240
411.294740 242180500 10466288 1511516665 4283668216
411.301527 242183473 10466288 1511165697 4283665236
411.309636 242187043 10466288 1510742382 4283661634
411.316419 242190005 10466288 1510398575 4283658124
411.323187 242192993 10466288 1510051546 4283654961
411.330092 242196042 10466288 1509687872 4283651997
411.337725 242199392 10466288 1509287802 4283648535
411.344499 242202367 10466288 1508933315 4283645468
411.351280 242205320 10466288 1508587698 4283642153
411.358502 242208511 10466288 1508212938 4283638861
411.365654 242211665 10466288 1507839502 4283635623
411.372428 242214641 10466288 1507484855 4283632593
411.379952 242217944 10466288 1507101012 4283628765
411.386733 242220933 10466288 1506755794 4283625524
411.393504 242223945 10466288 1506392200 4283622874
411.400383 242226974 10466288 1506030697 4283619898
411.407146 242229953 10466288 1505673277 4283616826
411.413969 242232939 10466288 1505321754 4283613318
411.421345 242236202 10466288 1504945549 4283609779
411.428121 242239221 10466288 1504581656 4283606876
411.434889 242242187 10466288 1504226039 4283603714
411.441695 242245186 10466288 1503868160 4283600578
411.448474 242248146 10466288 1503522352 4283597029
411.455249 242251139 10466288 1503173539 4283593898
411.462039 242254153 10466288 1502812191 4283591046
411.469375 242257364 10466288 1502430131 4283587707
411.476151 242260333 10466288 1502079816 4283584675
411.483049 242263339 10466288 1501736923 4283581133
411.489819 242266336 10466288 1501393780 4283578012
411.496886 242269438 10466288 1501030687 4283574856
411.505221 242273091 10466288 1500604077 4283571120
411.513057 242276531 10466288 1500207004 4283567302
411.519834 242279513 10466288 1499862721 4283564075
411.526618 242282505 10466288 1499513767 4283560972
411.533389 242285475 10466288 1499169144 4283557962
411.540166 242288460 10466288 1498823327 4283554980
411.546959 242291418 10466288 1498488857 4283551336
411.553724 242294402 10466288 1498147644 4283548173
411.562247 242298159 10466288 1497711759 4283544409
411.569084 242301167 10466288 1497362176 4283541417
411.577117 242304684 10466288 1496952062 4283537775
411.583900 242307653 10466288 1496612475 4283534349
411.590696 242310643 10466288 1496268584 4283531044
411.597464 242313616 10466288 1495924937 4283527995
411.604247 242316594 10466288 1495579324 4283524964
411.611044 242319592 10466288 1495229521 4283521886
411.617831 242322558 10466288 1494893275 4283518406
411.624717 242325611 10466288 1494538283 4283515303
411.631513 242328608 10466288 1494184583 4283512122
411.638296 242331601 10466288 1493830918 4283509061
411.646099 242335036 10466288 1493424480 4283505358
411.652888 242338005 10466288 1493091302 4283501823
411.659661 242341010 10466288 1492737860 4283498693
411.668277 242344814 10466288 1492292257 4283494844
411.675075 242347815 10466288 1491938414 4283491708
411.681861 242350792 10466288 1491598859 4283488296
411.688664 242353815 10466288 1491245510 4283485176
411.695439 242356801 10466288 1490896038 4283482032
411.702628 242359975 10466288 1490528793 4283478676
411.709395 242362947 10466288 1490183176 4283475650
411.716242 242365955 10466288 1489839280 4283472319
411.723053 242368963 10466288 1489499381 4283469052
411.729828 242371948 10466288 1489157006 4283465917
411.737844 242375478 10466288 1488752123 4283462387
411.744626 242378457 10466288 1488411018 4283459144
411.751391 242381408 10466288 1488072184 4283455483
411.758173 242384392 10466288 1487703188 4283452663
411.765503 242387607 10466288 1487304250 4283449421
411.772323 242390611 10466288 1486930581 4283446322
411.779055 242393628 10466288 1486567014 4283443676
411.788038 242397602 10466288 1486102019 4283439599
411.794811 242400584 10466288 1485749866 4283436560
411.801576 242403549 10466288 1485397026 4283433604
411.808352 242406532 10466288 1485042975 4283430545
411.815241 242409543 10466288 1484692915 4283427087
411.822275 242412631 10466288 1484335780 4283423609
411.829384 242415782 10466288 1483961119 4283420559
411.836435 242418881 10466288 1483595065 4283417458
411.843239 242421870 10466288 1483236964 4283414391
411.850822 242425189 10466288 1482847253 4283410479
411.857907 242428325 10466288 1482475897 4283407168
411.864685 242431305 10466288 1482116230 4283404045
411.872142 242434572 10466288 1481719710 4283400717
411.878916 242437538 10466288 1481366995 4283397218
411.885700 242440515 10466288 1481022931 4283393773
411.892476 242443512 10466288 1480653425 4283390985
411.899237 242446495 10466288 1480285273 4283387991
411.905994 242449453 10466288 1479922361 4283384960
411.912775 242452428 10466288 1479564881 4283381600
411.919524 242455396 10466288 1479216233 4283378195
411.926358 242458422 10466288 1478850252 4283375305
411.933106 242461396 10466288 1478489882 4283372335
411.939853 242464367 10466288 1478127987 4283369295
411.946608 242467324 10466288 1477772940 4283366091
411.953355 242470292 10466288 1477425833 4283362785
411.960107 242473267 10466288 1477067081 4283359835
411.966855 242476233 10466288 1476707687 4283356791
411.973603 242479206 10466288 1476349986 4283353817
411.980352 242482152 10466288 1476000450 4283350467
411.987100 242485125 10466288 1475657557 4283347191
411.993853 242488114 10466288 1475296318 4283344126
412.000600 242491073 10466288 1474936336 4283341119
412.007353 242494032 10466288 1474575450 4283338022
412.014102 242496967 10466288 1474228443 4283334329
412.020852 242499964 10466288 1473867320 4283331355
412.027630 242502944 10466288 1473503564 4283328296
412.034382 242505907 10466288 1473145422 4283325273
412.041129 242508865 10466288 1472788553 4283322217
412.047877 242511821 10466288 1472441175 4283318827
412.054624 242514786 10466288 1472095557 4283315544
412.061437 242517805 10466288 1471725935 4283312710
412.068186 242520772 10466288 1471364052 4283309776
412.074940 242523745 10466288 1471000243 4283306776
412.081686 242526691 10466288 1470647661 4283303291
412.088434 242529668 10466288 1470290928 4283300209
412.095180 242532629 10466288 1469927026 4283297123
412.101927 242535591 10466288 1469561400 4283294064
412.108718 242538584 10466288 1469189684 4283290984
412.115466 242541535 10466288 1468836252 4283287636
412.122212 242544521 10466288 1468478132 4283284486
412.128960 242547491 10466288 1468109104 4283281509
412.135707 242550473 10466288 1467740734 4283278454
412.142453 242553441 10466288 1467377249 4283275376
412.149209 242556403 10466288 1467025458 4283272161
412.156182 242559482 10466288 1466662309 4283268788
412.162929 242562452 10466288 1466306333 4283265738
412.169677 242565417 10466288 1465950097 4283262648
412.176424 242568382 10466288 1465593210 4283259671
412.183173 242571340 10466288 1465245126 4283256394
412.189920 242574329 10466288 1464891606 4283253120
412.196726 242577329 10466288 1464529813 4283250133
412.203476 242580300 10466288 1464171979 4283247052
412.210222 242583245 10466288 1463822585 4283243923
412.216970 242586198 10466288 1463480582 4283240490
412.223717 242589193 10466288 1463125139 4283237704
412.230464 242592158 10466288 1462766634 4283234810
412.237210 242595113 10466288 1462409539 4283231920
412.243958 242598070 10466288 1462052308 4283228668
412.250706 242601021 10466288 1461702861 4283224995
412.257452 242603992 10466288 1461339423 4283222090
412.264199 242606955 10466288 1460974180 4283219054
412.270953 242609916 10466288 1460607524 4283216122
412.277706 242612871 10466288 1460245402 4283213205
412.284453 242615825 10466288 1459897601 4283209534
412.291200 242618810 10466288 1459553012 4283206730
412.297947 242621765 10466288 1459197594 4283203648
412.304694 242624728 10466288 1458833167 4283200659
412.311441 242627686 10466288 1458468761 4283197665
412.318187 242630644 10466288 1458121700 4283194067
412.324934 242633618 10466288 1457767218 4283191050
412.331760 242636614 10466288 1457403603 4283188061
412.338506 242639584 10466288 1457039866 4283185118
412.345253 242642535 10466288 1456678538 4283182063
412.352430 242645683 10466288 1456309695 4283178325
412.359177 242648669 10466288 1455948126 4283175466
412.365925 242651641 10466288 1455585734 4283172513
412.372674 242654605 10466288 1455227322 4283169428
412.379426 242657571 10466288 1454867455 4283166317
412.386172 242660527 10466288 1454522669 4283162775
412.392918 242663509 10466288 1454169646 4283159657
412.399665 242666475 10466288 1453809939 4283156520
412.406412 242669435 10466288 1453449694 4283153559
412.413159 242672396 10466288 1453091273 4283150547
412.419905 242675348 10466288 1452744576 4283147063
412.426658 242678336 10466288 1452386794 4283144005
412.433406 242681310 10466288 1452025415 4283141008
412.440155 242684281 10466288 1451665983 4283137975
412.446905 242687226 10466288 1451321112 4283134583
412.453657 242690193 10466288 1450972555 4283131349
412.460404 242693177 10466288 1450609658 4283128482
412.467215 242696168 10466288 1450247864 4283125567
412.473963 242699125 10466288 1449888248 4283122504
412.480709 242702069 10466288 1449536983 4283119088
412.487456 242705036 10466288 1449188326 4283115707
412.494202 242708021 10466288 1448825967 4283113093
412.500950 242710972 10466288 1448467418 4283110192
412.507696 242713940 10466288 1448106328 4283107130
412.514451 242716882 10466288 1447753606 4283103879
412.521198 242719845 10466288 1447404975 4283100416
412.527948 242722823 10466288 1447039896 4283097583
412.534697 242725784 10466288 1446676689 4283094617
412.541445 242728755 10466288 1446312275 4283091540
412.548204 242731714 10466288 1445952808 4283088342
412.554950 242734689 10466288 1445605272 4283084759
412.561697 242737663 10466288 1445248997 4283081840
412.568444 242740630 10466288 1444888550 4283078778
412.575191 242743594 10466288 1444527886 4283075672
412.581937 242746552 10466288 1444176060 4283072411
412.588686 242749538 10466288 1443826494 4283069188
412.595434 242752520 10466288 1443470943 4283066137
412.602240 242755515 10466288 1443112348 4283063077
412.608988 242758485 10466288 1442759440 4283060034
412.615734 242761435 10466288 1442425284 4283056393
412.622487 242764419 10466288 1442077610 4283053462
412.629239 242767385 10466288 1441728263 4283050478
412.635985 242770358 10466288 1441379174 4283047454
412.642732 242773328 10466288 1441029907 4283044403
412.649480 242776284 10466288 1440692566 4283040710
412.656227 242779269 10466288 1440345715 4283037671
412.662981 242782239 10466288 1439997376 4283034670
412.669731 242785210 10466288 1439649989 4283031662
412.676484 242788169 10466288 1439306589 4283028636
412.683231 242791118 10466288 1438973223 4283025135
412.689978 242794099 10466288 1438628114 4283022125
412.696725 242797061 10466288 1438281912 4283019253
412.703471 242800023 10466288 1437938164 4283016365
412.710228 242802994 10466288 1437591460 4283013515
412.716976 242805950 10466288 1437253586 4283010070
412.723724 242808932 10466288 1436912235 4283006788
412.730471 242811896 10466288 1436571234 4283003776
412.737277 242814869 10466288 1436225445 4283000732
412.744029 242817840 10466288 1435880539 4282997757
412.750776 242820795 10466288 1435541779 4282994445
412.757525 242823786 10466288 1435194119 4282991220
412.764272 242826758 10466288 1434842609 4282988150
412.771031 242829724 10466288 1434491547 4282985112
412.777779 242832678 10466288 1434141135 4282981978
412.784527 242835616 10466288 1433803589 4282978495
412.791275 242838620 10466288 1433449361 4282975728
412.798030 242841591 10466288 1433094875 4282972753
412.804779 242844555 10466288 1432740004 4282969690
412.811527 242847523 10466288 1432386722 4282966441
412.818276 242850488 10466288 1432046981 4282962871
412.825027 242853487 10466288 1431688705 4282959997
412.831775 242856468 10466288 1431328376 4282956939
412.838529 242859445 10466288 1430968968 4282953952
412.845276 242862409 10466288 1430611187 4282950862
412.852039 242865369 10466288 1430267028 4282947351
412.858787 242868350 10466288 1429908784 4282944349
412.865536 242871316 10466288 1429549735 4282941323
412.872352 242874322 10466288 1429186198 4282938220
412.879099 242877290 10466288 1428828356 4282935240
412.885847 242880239 10466288 1428490046 4282931688
412.892600 242883216 10466288 1428144654 4282928810
412.899355 242886182 10466288 1427784979 4282925885
412.906106 242889150 10466288 1427424824 4282922952
412.912856 242892122 10466288 1427064248 4282920001
412.919905 242895212 10466288 1426699358 4282916365
412.926653 242898199 10466288 1426338921 4282913596
412.933403 242901152 10466288 1425981271 4282910573
412.940152 242904107 10466288 1425622788 4282907571
412.946899 242907071 10466288 1425263285 4282904582
412.953648 242910023 10466288 1424917381 4282901133
412.960396 242913006 10466288 1424561257 4282898106
412.967148 242915974 10466288 1424196161 4282895206
412.973894 242918951 10466288 1423831022 4282892169
412.980642 242921881 10466288 1423482471 4282888651
412.987389 242924878 10466288 1423123039 4282885730
412.994136 242927845 10466288 1422761165 4282882805
413.000884 242930809 10466288 1422400777 4282879804
413.007701 242933802 10466288 1422036676 4282876719
413.014450 242936752 10466288 1421684766 4282873160
413.021198 242939710 10466288 1421333414 4282869896
413.027946 242942689 10466288 1420966857 4282867088
413.034700 242945659 10466288 1420600231 4282864110
413.041447 242948620 10466288 1420234328 4282861091
413.048193 242951572 10466288 1419879735 4282857795
413.054941 242954537 10466288 1419532574 4282854444
413.061689 242957530 10466288 1419159689 4282851661
413.068438 242960494 10466288 1418790547 4282848620
413.075185 242963463 10466288 1418420951 4282845642
413.081939 242966418 10466288 1418059024 4282842283
413.088689 242969389 10466288 1417702267 4282838925
413.095437 242972372 10466288 1417336176 4282836160
413.102186 242975333 10466288 1416975340 4282833172
413.108935 242978295 10466288 1416613914 4282830184
413.116180 242981469 10466288 1416234906 4282826642
413.122928 242984437 10466288 1415886878 4282823243
413.129677 242987423 10466288 1415524686 4282820420
413.136425 242990393 10466288 1415167523 4282817424
413.143239 242993390 10466288 1414806318 4282814397
413.149991 242996340 10466288 1414461705 4282810942
413.156747 242999324 10466288 1414110409 4282807866
413.163495 243002299 10466288 1413755437 4282804881
413.170242 243005256 10466288 1413397509 4282801757
413.176989 243008228 10466288 1413037741 4282798864
413.183736 243011177 10466288 1412690594 4282795458
413.190488 243014161 10466288 1412332239 4282792326
413.197235 243017136 10466288 1411970390 4282789325
413.203985 243020107 10466288 1411610441 4282786293
413.210734 243023076 10466288 1411249520 4282783231
413.217484 243026025 10466288 1410903871 4282779457
413.224232 243029012 10466288 1410546555 4282776490
413.230981 243031984 10466288 1410184336 4282773513
413.237732 243034965 10466288 1409820760 4282770528
413.244479 243037919 10466288 1409461060 4282767492
413.251227 243040859 10466288 1409116583 4282763882
413.257976 243043847 10466288 1408760413 4282760992
413.264724 243046805 10466288 1408397337 4282757987
413.271473 243049774 10466288 1408032291 4282754898
413.278283 243052770 10466288 1407664453 4282751835
413.285038 243055723 10466288 1407315689 4282748186
413.291791 243058717 10466288 1406956211 4282745077
413.298541 243061687 10466288 1406593510 4282741994
413.305290 243064653 10466288 1406232727 4282738909
413.312032 243067625 10466288 1405872665 4282735840
413.318781 243070575 10466288 1405534533 4282732253
413.325530 243073557 10466288 1405182276 4282729249
413.332279 243076525 10466288 1404823860 4282726223
413.339032 243079489 10466288 1404466952 4282723152
413.345780 243082444 10466288 1404118880 4282719922
413.352529 243085424 10466288 1403770434 4282716698
413.359282 243088397 10466288 1403417813 4282713729
413.366030 243091363 10466288 1403067304 4282710729
413.372778 243094323 10466288 1402715894 4282707710
413.379525 243097271 10466288 1402366399 4282704468
413.386278 243100239 10466288 1402019229 4282701180
413.393030 243103253 10466288 1401657474 4282698402
413.399786 243106227 10466288 1401302460 4282695362
413.406537 243109192 10466288 1400947884 4282692427
413.413348 243112178 10466288 1400594060 4282689229
413.420096 243115127 10466288 1400254747 4282685681
413.426850 243118122 10466288 1399895819 4282682936
413.433597 243121086 10466288 1399537094 4282680002
413.440594 243124160 10466288 1399164916 4282676934
413.447364 243127130 10466288 1398806480 4282673644
413.454135 243130096 10466288 1398461098 4282670113
413.463520 243134251 10466288 1397964217 4282666130
413.470331 243137250 10466288 1397608356 4282663129
413.477097 243140232 10466288 1397253693 4282660152
413.483864 243143188 10466288 1396912784 4282656590
413.490651 243146186 10466288 1396556096 4282653474
413.498056 243149448 10466288 1396161387 4282650118
413.504844 243152456 10466288 1395796866 4282646988
413.511630 243155424 10466288 1395443892 4282643708
413.518401 243158388 10466288 1395103627 4282640295
413.526289 243161883 10466288 1394688925 4282636752
413.533067 243164858 10466288 1394332961 4282633615
413.539860 243167858 10466288 1393976775 4282630530
413.546651 243170834 10466288 1393629698 4282627244
413.553521 243173860 10466288 1393282300 4282623695
413.560296 243176852 10466288 1392931978 4282620708
413.567059 243179825 10466288 1392586508 4282617693
413.573841 243182817 10466288 1392239336 4282614579
413.580923 243185928 10466288 1391882810 4282611247
413.587818 243188967 10466288 1391537839 4282607785
413.594600 243191971 10466288 1391184211 4282604947
413.601363 243194940 10466288 1390838183 4282601858
413.608131 243197917 10466288 1390493103 4282598788
413.615609 243201199 10466288 1390117505 4282595129
413.622383 243204169 10466288 1389784069 4282591660
413.629151 243207165 10466288 1389407273 4282589024
413.635948 243210137 10466288 1389032416 4282585934
413.642720 243213107 10466288 1388659630 4282582965
413.649773 243216196 10466288 1388280155 4282579467
413.656712 243219245 10466288 1387912010 4282575895
413.663480 243222245 10466288 1387538050 4282573165
413.670379 243225263 10466288 1387162977 4282570183
413.677146 243228215 10466288 1386797196 4282567110
413.684920 243231602 10466288 1386406852 4282563012
413.691844 243234677 10466288 1386056147 4282560032
413.698623 243237660 10466288 1385726142 4282556855
413.705403 243240655 10466288 1385395700 4282553739
413.712587 243243797 10466288 1385052365 4282550151
413.719361 243246773 10466288 1384696973 4282546946
413.726133 243249761 10466288 1384329397 4282543806
413.732913 243252739 10466288 1383958670 4282540682
413.741221 243256393 10466288 1383503083 4282536828
413.748031 243259372 10466288 1383142385 4282533322
413.754807 243262345 10466288 1382789110 4282529940
413.761588 243265353 10466288 1382415832 4282527165
413.768428 243268357 10466288 1382044901 4282524108
413.775207 243271337 10466288 1381676889 4282521045
413.782065 243274341 10466288 1381317738 4282517577
413.788850 243277314 10466288 1380967919 4282514176
413.795623 243280300 10466288 1380628196 4282511313
413.802395 243283285 10466288 1380297471 4282508157
413.809175 243286277 10466288 1379968957 4282505106
413.816275 243289379 10466288 1379614783 4282501506
413.823901 243292746 10466288 1379208367 4282498096
413.830788 243295780 10466288 1378837235 4282495076
413.837567 243298758 10466288 1378474258 4282492046
413.844331 243301730 10466288 1378113666 4282488954
413.852304 243305226 10466288 1377701220 4282484908
413.859077 243308214 10466288 1377359397 4282481979
413.865860 243311187 10466288 1377005482 4282478983
413.872644 243314168 10466288 1376639923 4282476038
413.879933 243317353 10466288 1376254166 4282472430
413.886695 243320338 10466288 1375896432 4282468947
413.893464 243323323 10466288 1375528988 4282466233
413.900233 243326295 10466288 1375164355 4282463172
413.907042 243329272 10466288 1374797417 4282460125
413.913843 243332248 10466288 1374438687 4282456765
413.920645 243335237 10466288 1374088818 4282453366
413.927747 243338383 10466288 1373704501 4282450525
413.934572 243341379 10466288 1373340495 4282447394
413.941354 243344355 10466288 1372977691 4282444301
413.948283 243347374 10466288 1372616607 4282440844
413.955082 243350358 10466288 1372274106 4282437338
413.961850 243353359 10466288 1371907540 4282434504
413.968735 243356398 10466288 1371535751 4282431342
413.975512 243359401 10466288 1371169210 4282428361
413.982947 243362654 10466288 1370781589 4282424610
413.989724 243365639 10466288 1370429424 4282421321
413.996491 243368641 10466288 1370063891 4282418535
414.003880 243371893 10466288 1369669197 4282415286
414.010839 243374956 10466288 1369301063 4282412129
414.017633 243377925 10466288 1368953439 4282408649
414.024688 243381049 10466288 1368589013 4282405371
414.031457 243384025 10466288 1368233924 4282402292
414.038503 243387128 10466288 1367862249 4282399136
414.045294 243390100 10466288 1367513547 4282395872
414.052191 243393144 10466288 1367155376 4282392474
414.059537 243396371 10466288 1366766254 4282389170
414.066301 243399342 10466288 1366406926 4282386184
414.073054 243402301 10466288 1366047130 4282383258
414.079846 243405272 10466288 1365688738 4282379992
414.086614 243408242 10466288 1365339654 4282376527
414.093643 243411347 10466288 1364963612 4282373497
414.100417 243414326 10466288 1364601471 4282370568
414.107360 243417376 10466288 1364231954 4282367518
414.114712 243420587 10466288 1363846309 4282363802
414.121492 243423567 10466288 1363497343 4282360301
414.128263 243426571 10466288 1363130108 4282357676
414.135050 243429555 10466288 1362765488 4282354652
414.142029 243432626 10466288 1362390104 4282351607
414.148982 243435655 10466288 1362024391 4282348066
414.155761 243438636 10466288 1361668486 4282344720
414.162557 243441630 10466288 1361297431 4282341931
414.169334 243444597 10466288 1360932453 4282338871
414.176102 243447578 10466288 1360563956 4282335946
414.182984 243450582 10466288 1360200491 4282332461
414.189764 243453553 10466288 1359849007 4282329198
414.197666 243457038 10466288 1359418082 4282326001
414.204438 243460016 10466288 1359048281 4282322869
414.211224 243462987 10466288 1358681994 4282319555
414.218035 243465960 10466288 1358328560 4282316065
414.225073 243469087 10466288 1357970526 4282313031
414.231852 243472075 10466288 1357637864 4282310052
414.238625 243475047 10466288 1357279266 4282307067
414.245501 243478046 10466288 1356914103 4282303849
414.253830 243481696 10466288 1356483427 4282299450
414.260614 243484703 10466288 1356113729 4282296662
414.267400 243487693 10466288 1355749896 4282293745
414.274285 243490714 10466288 1355381175 4282290717
414.281054 243493674 10466288 1355028110 4282287350
414.287843 243496658 10466288 1354685563 4282283932
414.294625 243499652 10466288 1354324303 4282281084
414.301653 243502730 10466288 1353952195 4282278041
414.308473 243505729 10466288 1353589555 4282275010
414.316070 243509035 10466288 1353197625 4282271068
414.322855 243512035 10466288 1352839152 4282268010
414.329631 243515012 10466288 1352474499 4282264999
414.336437 243517991 10466288 1352110922 4282261955
414.343206 243520962 10466288 1351748461 4282259042
414.350058 243523944 10466288 1351392768 4282255412
414.356862 243526938 10466288 1351040790 4282252311
414.363638 243529922 10466288 1350669513 4282249310
414.370410 243532885 10466288 1350302401 4282246259
414.377224 243535878 10466288 1349930182 4282243254
414.384113 243538877 10466288 1349570126 4282239503
414.390917 243541893 10466288 1349202741 4282236655
414.397709 243544877 10466288 1348831738 4282233649
414.404501 243547861 10466288 1348460697 4282230634
414.411270 243550823 10466288 1348094833 4282227467
414.418121 243553835 10466288 1347738429 4282223858
414.424901 243556821 10466288 1347370592 4282220951
414.431681 243559798 10466288 1346998830 4282217968
414.438457 243562775 10466288 1346625514 4282214982
414.445234 243565744 10466288 1346255099 4282211799
414.452050 243568714 10466288 1345903277 4282208087
414.459240 243571875 10466288 1345520418 4282205032
414.466038 243574862 10466288 1345153909 4282201935
414.472816 243577850 10466288 1344789887 4282199012
414.479590 243580823 10466288 1344429936 4282195908
414.487716 243584397 10466288 1344009306 4282191821
414.494485 243587389 10466288 1343645669 4282188918
414.501274 243590377 10466288 1343286197 4282185832
414.508093 243593377 10466288 1342923813 4282182625
414.515103 243596449 10466288 1342554562 4282179270
414.521997 243599474 10466288 1342203451 4282175781
414.528804 243602463 10466288 1341847073 4282172885
414.535586 243605441 10466288 1341491002 4282169832
414.542361 243608412 10466288 1341137075 4282166795
414.549176 243611403 10466288 1340784969 4282163592
414.557164 243614911 10466288 1340375022 4282159476
414.563949 243617904 10466288 1340016252 4282156596
414.570722 243620874 10466288 1339660649 4282153568
414.577527 243623852 10466288 1339305991 4282150361
414.584305 243626824 10466288 1338963444 4282146781
414.591191 243629863 10466288 1338599656 4282143737
414.597978 243632840 10466288 1338245257 4282140679
414.604824 243635845 10466288 1337886364 4282137567
414.611595 243638809 10466288 1337532057 4282134514
414.618376 243641774 10466288 1337191245 4282130978
414.627059 243645617 10466288 1336729761 4282127101
414.633835 243648589 10466288 1336366157 4282124013
414.640621 243651577 10466288 1336002041 4282120973
414.647523 243654591 10466288 1335638742 4282117588
414.654300 243657575 10466288 1335285454 4282114156
414.661171 243660613 10466288 1334909891 4282111282
414.667967 243663598 10466288 1334539360 4282108213
414.675644 243666972 10466288 1334118724 4282104791
414.682428 243669944 10466288 1333759976 4282101356
414.689197 243672923 10466288 1333406270 4282097978
414.695988 243675931 10466288 1333034144 4282095170
414.702955 243679000 10466288 1332658694 4282092144
414.709746 243681991 10466288 1332291183 4282089094
414.716530 243684957 10466288 1331937260 4282085616
414.723310 243687929 10466288 1331593805 4282082200
414.730794 243691230 10466288 1331199775 4282079159
414.737574 243694208 10466288 1330849500 4282076089
414.744345 243697174 10466288 1330501114 4282072877
414.751124 243700147 10466288 1330160213 4282069312
414.757909 243703142 10466288 1329805801 4282066525
414.764768 243706139 10466288 1329450776 4282063494
414.771541 243709100 10466288 1329099624 4282060528
414.778354 243712081 10466288 1328750294 4282057270
414.785127 243715043 10466288 1328413296 4282053746
414.791903 243718043 10466288 1328061341 4282050924
414.798902 243721108 10466288 1327703556 4282047796
414.805672 243724081 10466288 1327356088 4282044734
414.812451 243727051 10466288 1327009754 4282041500
414.819231 243730020 10466288 1326674300 4282037936
414.826070 243733037 10466288 1326318802 4282034956
414.832974 243736064 10466288 1325960098 4282031821
414.841168 243739657 10466288 1325535799 4282028000
414.847997 243742658 10466288 1325186284 4282024609
414.854801 243745636 10466288 1324843402 4282021116
414.861586 243748637 10466288 1324486418 4282018153
414.868374 243751617 10466288 1324133413 4282014940
414.875146 243754591 10466288 1323780315 4282011860
414.882199 243757681 10466288 1323416269 4282008476
414.890099 243761152 10466288 1323019207 4282004498
414.896930 243764172 10466288 1322659292 4282001499
414.903712 243767158 10466288 1322301809 4281998313
414.910509 243770146 10466288 1321943937 4281995055
414.917275 243773105 10466288 1321604116 4281991361
414.924058 243776115 10466288 1321252429 4281988270
414.931105 243779211 10466288 1320885981 4281984987
414.938034 243782255 10466288 1320528056 4281981822
414.944806 243785213 10466288 1320181467 4281978619
414.953773 243789153 10466288 1319730740 4281973891
414.960553 243792146 10466288 1319373744 4281971039
414.967326 243795116 10466288 1319024554 4281967933
414.974091 243798079 10466288 1318676557 4281964754
414.980864 243801036 10466288 1318337964 4281961185
414.987650 243804016 10466288 1318001685 4281957641
414.994443 243807009 10466288 1317654425 4281954845
415.002983 243810744 10466288 1317222792 4281951063
415.009751 243813705 10466288 1316881498 4281948003
415.016518 243816667 10466288 1316543593 4281944602
415.023290 243819658 10466288 1316197964 4281941351
415.030119 243822654 10466288 1315850384 4281938284
415.036910 243825626 10466288 1315508006 4281935130
415.043687 243828601 10466288 1315162885 4281932037
415.050485 243831573 10466288 1314821234 4281928637
415.058449 243835090 10466288 1314413421 4281924781
415.065572 243838217 10466288 1314041806 4281921639
415.072338 243841195 10466288 1313687354 4281918585
415.079203 243844198 10466288 1313331545 4281915345
415.086055 243847193 10466288 1312989418 4281911686
415.092834 243850189 10466288 1312629542 4281908824
415.099768 243853245 10466288 1312258728 4281905640
415.106533 243856222 10466288 1311898377 4281902515
415.113861 243859420 10466288 1311520237 4281898635
415.120632 243862397 10466288 1311168028 4281895542
415.128114 243865686 10466288 1310763257 4281892090
415.134938 243868684 10466288 1310394909 4281888990
415.141715 243871648 10466288 1310032953 4281885767
415.150877 243875663 10466288 1309557196 4281881313
415.157654 243878653 10466288 1309198580 4281878133
415.164425 243881632 10466288 1308833525 4281875074
415.171196 243884611 10466288 1308469360 4281872045
415.177992 243887600 10466288 1308104083 4281868893
415.184793 243890576 10466288 1307753560 4281865368
415.191567 243893594 10466288 1307390209 4281862375
415.198649 243896701 10466288 1307017719 4281859288
415.205427 243899681 10466288 1306664542 4281856294
415.212878 243902959 10466288 1306273027 4281852958
415.220058 243906089 10466288 1305915913 4281849186
415.226839 243909090 10466288 1305560231 4281846249
415.233612 243912067 10466288 1305204838 4281843166
415.240457 243915070 10466288 1304846597 4281839967
415.247241 243918035 10466288 1304493590 4281836903
415.254033 243920996 10466288 1304152585 4281833375
415.260836 243924001 10466288 1303796093 4281830440
415.267629 243926972 10466288 1303440609 4281827401
415.274434 243929952 10466288 1303081363 4281824281
415.282235 243933359 10466288 1302682262 4281820187
415.289058 243936380 10466288 1302320493 4281817118
415.297637 243940153 10466288 1301862925 4281813171
415.304491 243943159 10466288 1301495915 4281810092
415.311263 243946141 10466288 1301130574 4281806907
415.318116 243949130 10466288 1300784321 4281803274
415.324909 243952131 10466288 1300427120 4281800444
415.331694 243955117 10466288 1300065201 4281797297
415.338454 243958092 10466288 1299703611 4281794257
415.345208 243961066 10466288 1299343313 4281791231
415.351965 243964027 10466288 1298999553 4281787707
415.358832 243967060 10466288 1298637778 4281784627
415.365581 243970019 10466288 1298283978 4281781605
415.372329 243972978 10466288 1297929963 4281778430
415.379041 243975939 10466288 1297575813 4281775372
415.385794 243978894 10466288 1297238735 4281771827
415.392542 243981868 10466288 1296889878 4281768578
415.399296 243984851 10466288 1296532924 4281765432
415.406026 243987813 10466288 1296180789 4281762334
415.412774 243990780 10466288 1295832018 4281759340
415.419522 243993729 10466288 1295496465 4281755956
415.426276 243996733 10466288 1295147887 4281752858
415.433032 243999697 10466288 1294805463 4281749750
415.439779 244002666 10466288 1294460122 4281746661
415.446525 244005626 10466288 1294118957 4281743367
415.453273 244008572 10466288 1293783997 4281739918
415.460030 244011558 10466288 1293435358 4281736937
415.466778 244014520 10466288 1293089424 4281734003
415.473525 244017484 10466288 1292745961 4281730989
415.480272 244020428 10466288 1292411609 4281727465
415.487028 244023396 10466288 1292075753 4281724100
415.493855 244026410 10466288 1291719370 4281721335
415.500613 244029390 10466288 1291371698 4281718293
415.507360 244032353 10466288 1291024541 4281715214
415.514107 244035294 10466288 1290686291 4281711846
415.520861 244038260 10466288 1290348571 4281708503
415.527609 244041236 10466288 1290002034 4281705705
415.534357 244044202 10466288 1289655506 4281702620
415.541105 244047171 10466288 1289308033 4281699539
415.548184 244050261 10466288 1288950646 4281696043
415.554931 244053233 10466288 1288607609 4281692717
415.561678 244056215 10466288 1288248809 4281689855
415.568425 244059171 10466288 1287893565 4281686861
415.575171 244062135 10466288 1287536059 4281683770
415.581918 244065098 10466288 1287183890 4281680602
415.588667 244068071 10466288 1286843338 4281677136
415.595417 244071049 10466288 1286486320 4281674149
415.602165 244074016 10466288 1286125930 4281671138
415.608912 244076989 10466288 1285765857 4281668111
415.615660 244079943 10466288 1285414824 4281664832
415.622412 244082922 10466288 1285064282 4281661487
415.629226 244085937 10466288 1284703274 4281658440
415.635977 244088903 10466288 1284349835 4281655406
415.642725 244091876 10466288 1283995239 4281652366
415.649473 244094820 10466288 1283657312 4281648734
415.656220 244097821 10466288 1283303407 4281645745
415.662972 244100800 10466288 1282948834 4281642801
415.669719 244103762 10466288 1282594138 4281639829
415.676467 244106725 10466288 1282240380 4281636893
415.683212 244109670 10466288 1281901243 4281633265
415.689960 244112653 10466288 1281549419 4281630317
415.696714 244115614 10466288 1281193542 4281627344
415.703463 244118581 10466288 1280837534 4281624485
415.710211 244121537 10466288 1280482688 4281621526
415.716961 244124492 10466288 1280134627 4281618158
415.723709 244127467 10466288 1279779892 4281615019
415.730457 244130414 10466288 1279422283 4281611891
415.737206 244133367 10466288 1279063475 4281608871
415.744446 244136534 10466288 1278677807 4281605653
415.751196 244139468 10466288 1278331526 4281602228
415.757946 244142461 10466288 1277971691 4281599191
415.764785 244145453 10466288 1277604354 4281596173
415.771537 244148414 10466288 1277240287 4281593113
415.778289 244151385 10466288 1276874421 4281590119
415.785030 244154336 10466288 1276525063 4281586756
415.791777 244157315 10466288 1276174068 4281583697
415.798524 244160279 10466288 1275810699 4281580692
415.805272 244163227 10466288 1275448475 4281577706
415.812025 244166180 10466288 1275091108 4281574429
415.818778 244169151 10466288 1274739059 4281571179
415.825526 244172132 10466288 1274375504 4281568231
415.832274 244175096 10466288 1274013095 4281565207
415.839029 244178064 10466288 1273653639 4281562116
415.845778 244181009 10466288 1273302172 4281558853
415.852527 244183965 10466288 1272959084 4281555716
415.859275 244186940 10466288 1272602282 4281552727
415.866033 244189907 10466288 1272244620 4281549634
415.872783 244192881 10466288 1271886220 4281546608
415.879530 244195843 10466288 1271534685 4281543391
415.886279 244198799 10466288 1271193704 4281539891
415.893035 244201789 10466288 1270836369 4281537099
415.899842 244204787 10466288 1270477960 4281534112
415.906596 244207757 10466288 1270124976 4281531058
415.913343 244210718 10466288 1269774203 4281527839
415.920089 244213663 10466288 1269434712 4281524302
415.926836 244216648 10466288 1269078957 4281521528
415.933583 244219608 10466288 1268727415 4281518556
415.940436 244222611 10466288 1268366997 4281515514
415.947184 244225577 10466288 1268014426 4281512415
415.953933 244228526 10466288 1267674847 4281508814
415.960680 244231514 10466288 1267316345 4281505911
415.967431 244234473 10466288 1266956749 4281502908
415.974178 244237427 10466288 1266597548 4281499964
415.980924 244240383 10466288 1266241942 4281496722
415.987687 244243356 10466288 1265892276 4281493243
415.994434 244246333 10466288 1265537141 4281490326
416.001181 244249298 10466288 1265184052 4281487293
416.007928 244252269 10466288 1264825977 4281484301
416.014681 244255221 10466288 1264479388 4281480927
416.021431 244258219 10466288 1264127059 4281477776
416.028180 244261189 10466288 1263767109 4281474723
416.034994 244264193 10466288 1263402496 4281471675
416.041763 244267171 10466288 1263042766 4281468723
416.048512 244270109 10466288 1262700017 4281465274
416.055261 244273099 10466288 1262355799 4281462108
416.062021 244276081 10466288 1262000361 4281458993
416.068771 244279053 10466288 1261647350 4281455880
416.075519 244282018 10466288 1261294841 4281452900
416.082268 244284962 10466288 1260955933 4281449408
416.089036 244287939 10466288 1260612072 4281446248
416.095784 244290923 10466288 1260261105 4281443344
416.102545 244293884 10466288 1259914645 4281440188
416.109293 244296844 10466288 1259569070 4281437149
416.116045 244299793 10466288 1259231317 4281433626
416.122791 244302748 10466288 1258894294 4281430202
416.129539 244305733 10466288 1258542804 4281427499
416.136285 244308690 10466288 1258199706 4281424484
416.143036 244311655 10466288 1257855515 4281421406
416.149785 244314605 10466288 1257519128 4281418134
416.156531 244317569 10466288 1257182649 4281414724
416.163278 244320548 10466288 1256833195 4281411852
416.170087 244323544 10466288 1256480649 4281408690
416.176835 244326504 10466288 1256132463 4281405676
416.183583 244329470 10466288 1255791557 4281402187
416.190330 244332457 10466288 1255440108 4281399086
416.197077 244335415 10466288 1255091968 4281396053
416.203824 244338366 10466288 1254747453 4281392926
416.210570 244341335 10466288 1254399120 4281389888
416.217317 244344285 10466288 1254063602 4281386488
416.224038 244347263 10466288 1253719493 4281383557
416.230785 244350232 10466288 1253372702 4281380549
416.237533 244353203 10466288 1253023000 4281377481
416.244279 244356154 10466288 1252677557 4281374412
416.251028 244359091 10466288 1252347180 4281370794
416.257776 244362083 10466288 1251992465 4281367927
416.264523 244365067 10466288 1251638045 4281364904
416.271269 244368022 10466288 1251288436 4281361744
416.278025 244370997 10466288 1250934881 4281358740
416.284772 244373942 10466288 1250595982 4281355164
416.291519 244376939 10466288 1250244664 4281352209
416.298266 244379917 10466288 1249892085 4281349114
416.305039 244382901 10466288 1249538219 4281346044
416.311874 244385906 10466288 1249183193 4281342966
416.318620 244388856 10466288 1248848287 4281339348
416.325367 244391839 10466288 1248500277 4281336295
416.332114 244394805 10466288 1248151727 4281333172
416.338864 244397783 10466288 1247802110 4281330071
416.345620 244400748 10466288 1247458367 4281326729
416.352368 244403706 10466288 1247123380 4281323311
416.359116 244406662 10466288 1246767403 4281320396
416.365865 244409617 10466288 1246396327 4281317331
416.372618 244412584 10466288 1246024071 4281314244
416.379367 244415539 10466288 1245660787 4281310988
416.386116 244418512 10466288 1245302320 4281307754
416.392869 244421492 10466288 1244936317 4281304718
416.399615 244424448 10466288 1244574005 4281301777
416.406368 244427390 10466288 1244214147 4281298848
416.413117 244430384 10466288 1243844438 4281296264
416.419866 244433365 10466288 1243493200 4281293074
416.426619 244436356 10466288 1243136663 4281289876
416.433366 244439320 10466288 1242774075 4281286862
416.440182 244442300 10466288 1242407861 4281283826
416.446938 244445253 10466288 1242053307 4281280560
416.453689 244448209 10466288 1241711861 4281277017
416.460437 244451190 10466288 1241351749 4281274296
416.467205 244454159 10466288 1240989412 4281271265
416.474041 244457163 10466288 1240622848 4281268214
416.480816 244460140 10466288 1240259574 4281264999
416.487584 244463096 10466288 1239911852 4281261351
416.495631 244466656 10466288 1239477956 4281258048
416.502395 244469629 10466288 1239118084 4281255136
416.509862 244472905 10466288 1238720042 4281251777
416.516687 244475884 10466288 1238378233 4281248201
416.523456 244478876 10466288 1238023238 4281245192
416.530236 244481872 10466288 1237660425 4281241983
416.537257 244484954 10466288 1237288637 4281238674
416.544039 244487948 10466288 1236927888 4281235655
416.551171 244491072 10466288 1236566937 4281231824
416.557941 244494057 10466288 1236212536 4281228844
416.565660 244497465 10466288 1235802882 4281225441
416.572437 244500442 10466288 1235446493 4281222391
416.579314 244503450 10466288 1235087101 4281219104
416.586126 244506432 10466288 1234738857 4281215659
416.592921 244509448 10466288 1234374994 4281212948
416.599701 244512424 10466288 1234016944 4281209985
416.606471 244515396 10466288 1233662125 4281206988
416.613260 244518386 10466288 1233308723 4281203712
416.620074 244521365 10466288 1232966035 4281200146
416.626852 244524369 10466288 1232604890 4281197357
416.633630 244527345 10466288 1232248312 4281194318
416.640698 244530444 10466288 1231876563 4281191214
416.648892 244534025 10466288 1231454259 4281187243
416.655665 244536988 10466288 1231112741 4281183761
416.662453 244539976 10466288 1230758164 4281180901
416.669247 244542949 10466288 1230401125 4281177867
416.676043 244545937 10466288 1230041365 4281174806
416.683399 244549156 10466288 1229657932 4281171024
416.690170 244552132 10466288 1229305964 4281167609
416.696944 244555127 10466288 1228938954 4281164821
416.704922 244558626 10466288 1228510232 4281161349
416.711703 244561597 10466288 1228149758 4281157999
416.718585 244564619 10466288 1227794336 4281154546
416.726201 244567990 10466288 1227384891 4281151278
416.732978 244570968 10466288 1227018842 4281148299
416.739766 244573952 10466288 1226654800 4281145224
416.746629 244576961 10466288 1226293391 4281141951
416.753391 244579930 10466288 1225949509 4281138524
416.760997 244583309 10466288 1225544412 4281135142
416.767816 244586301 10466288 1225182088 4281132151
416.774599 244589288 10466288 1224821653 4281129015
416.781461 244592297 10466288 1224465901 4281125580
416.788224 244595279 10466288 1224117430 4281122194
416.794992 244598268 10466288 1223757503 4281119360
416.801810 244601269 10466288 1223396565 4281116254
416.808584 244604249 10466288 1223036971 4281113252
416.815745 244607375 10466288 1222677747 4281109216
416.822526 244610378 10466288 1222317631 4281106358
416.829304 244613356 10466288 1221960756 4281103239
416.836739 244616628 10466288 1221569954 4281099849
416.844086 244619853 10466288 1221188578 4281096601
416.850855 244622805 10466288 1220845614 4281093256
416.858141 244626031 10466288 1220467939 4281089920
416.864920 244629017 10466288 1220108045 4281086855
416.872818 244632481 10466288 1219690814 4281083370
416.879590 244635445 10466288 1219338491 4281079848
416.886374 244638424 10466288 1218989705 4281076514
416.893213 244641437 10466288 1218627652 4281073725
416.900529 244644649 10466288 1218244066 4281070409
416.907298 244647612 10466288 1217892436 4281067412
416.914059 244650559 10466288 1217548205 4281063864
416.920830 244653525 10466288 1217202475 4281060545
416.928454 244656897 10466288 1216795701 4281057286
416.935232 244659880 10466288 1216438898 4281054233
416.942038 244662881 10466288 1216081893 4281051174
416.948813 244665844 10466288 1215736138 4281047647
416.956050 244669060 10466288 1215360463 4281044368
416.962852 244672057 10466288 1215001504 4281041326
416.969641 244675040 10466288 1214642780 4281038253
416.976446 244678043 10466288 1214281754 4281035208
416.983216 244681013 10466288 1213936739 4281031886
416.990619 244684283 10466288 1213559557 4281028327
416.997530 244687321 10466288 1213199641 4281025106
417.004319 244690312 10466288 1212844478 4281022073
417.012060 244693721 10466288 1212441997 4281018596
417.018835 244696681 10466288 1212104887 4281014892
417.025623 244699683 10466288 1211751820 4281011986
417.033061 244702948 10466288 1211363846 4281008545
417.040353 244706141 10466288 1210988014 4281005094
417.047122 244709097 10466288 1210642460 4281001752
417.054109 244712169 10466288 1210288334 4280998346
417.060895 244715151 10466288 1209934899 4280995400
417.069146 244718768 10466288 1209503419 4280991768
417.075926 244721802 10466288 1209134424 4280989408
417.082703 244724759 10466288 1208795243 4280985847
417.089480 244727764 10466288 1208444172 4280982942
417.096256 244730742 10466288 1208087924 4280979904
417.103039 244733721 10466288 1207730956 4280976931
417.110144 244736835 10466288 1207355247 4280973830
417.116927 244739795 10466288 1207008756 4280970172
417.123903 244742880 10466288 1206641371 4280967134
417.131445 244746191 10466288 1206244237 4280963731
417.138357 244749222 10466288 1205880805 4280960611
417.145118 244752180 10466288 1205522205 4280957588
417.151887 244755142 10466288 1205174819 4280954118
417.158664 244758136 10466288 1204817691 4280951115
417.165488 244761129 10466288 1204452400 4280948137
417.172262 244764098 10466288 1204091926 4280944974
417.180052 244767515 10466288 1203675779 4280941385
417.186839 244770484 10466288 1203329380 4280937795
417.193621 244773473 10466288 1202965939 4280934774
417.200383 244776428 10466288 1202600425 4280931656
417.208076 244779814 10466288 1202181191 4280928240
417.214851 244782791 10466288 1201815222 4280925105
417.221624 244785756 10466288 1201466093 4280921481
417.228394 244788769 10466288 1201097113 4280918794
417.236104 244792152 10466288 1200684174 4280915351
417.242890 244795130 10466288 1200320336 4280912306
417.249658 244798089 10466288 1199974014 4280908731
417.256485 244801113 10466288 1199612358 4280905759
417.264126 244804469 10466288 1199205236 4280902359
417.270908 244807450 10466288 1198847392 4280899403
417.277839 244810494 10466288 1198479887 4280896303
417.284846 244813553 10466288 1198125491 4280892598
417.291842 244816645 10466288 1197777186 4280889601
417.298628 244819625 10466288 1197431246 4280886463
417.305429 244822612 10466288 1197067523 4280883464
417.312188 244825578 10466288 1196707175 4280880436
417.320626 244829275 10466288 1196275408 4280876014
417.327394 244832255 10466288 1195925392 4280873048
417.334187 244835250 10466288 1195572325 4280870211
417.340976 244838274 10466288 1195206750 4280867713
417.347785 244841239 10466288 1194855275 4280864353
417.354563 244844238 10466288 1194502507 4280861249
417.361338 244847230 10466288 1194144830 4280858212
417.368122 244850202 10466288 1193788906 4280855206
417.376392 244853829 10466288 1193355580 4280851534
417.383160 244856783 10466288 1193009820 4280848081
417.389943 244859767 10466288 1192662916 4280844646
417.396734 244862786 10466288 1192295440 4280841952
417.403587 244865798 10466288 1191930394 4280838831
417.410367 244868782 10466288 1191567369 4280835759
417.417352 244871841 10466288 1191211711 4280831968
417.424151 244874849 10466288 1190851526 4280828971
417.431786 244878203 10466288 1190441342 4280825598
417.438555 244881179 10466288 1190078436 4280822615
417.445336 244884143 10466288 1189720222 4280819300
417.452132 244887114 10466288 1189374407 4280815807
417.459520 244890392 10466288 1188976827 4280812628
417.466283 244893353 10466288 1188617374 4280809634
417.473079 244896328 10466288 1188258616 4280806614
417.479859 244899304 10466288 1187904712 4280803355
417.486635 244902274 10466288 1187561017 4280800153
417.494059 244905548 10466288 1187170165 4280796893
417.500856 244908528 10466288 1186808834 4280793860
417.507628 244911505 10466288 1186449828 4280790813
417.515608 244914996 10466288 1186038169 4280786808
417.522390 244917980 10466288 1185692528 4280783425
417.529155 244920975 10466288 1185330747 4280780662
417.536091 244924018 10466288 1184963162 4280777713
417.542946 244927017 10466288 1184602719 4280774651
417.549730 244929976 10466288 1184256589 4280771051
417.557532 244933421 10466288 1183845419 4280767659
417.564308 244936394 10466288 1183488039 4280764676
417.571604 244939590 10466288 1183108861 4280761407
417.578386 244942566 10466288 1182754581 4280758535
417.585146 244945525 10466288 1182413324 4280755062
417.591999 244948543 10466288 1182063874 4280751914
417.598786 244951514 10466288 1181704230 4280748882
417.605563 244954494 10466288 1181342875 4280745828
417.612329 244957451 10466288 1180989837 4280742345
417.619134 244960447 10466288 1180634886 4280739166
417.625905 244963428 10466288 1180275263 4280736136
417.632685 244966406 10466288 1179912565 4280733197
417.640452 244969803 10466288 1179495357 4280729795
417.647221 244972768 10466288 1179137839 4280726477
417.653999 244975757 10466288 1178781582 4280723022
417.660816 244978750 10466288 1178409410 4280720277
417.667731 244981794 10466288 1178033167 4280717255
417.674515 244984769 10466288 1177662720 4280714295
417.683785 244988822 10466288 1177178250 4280709569
417.690563 244991820 10466288 1176821145 4280706441
417.697450 244994837 10466288 1176449986 4280703388
417.704216 244997814 10466288 1176087868 4280700202
417.711763 245001129 10466288 1175685206 4280696779
417.718538 245004076 10466288 1175345341 4280693158
417.725309 245007070 10466288 1174992238 4280690196
417.732400 245010185 10466288 1174620215 4280687173
417.739752 245013412 10466288 1174234945 4280683960
417.746544 245016385 10466288 1173880068 4280680897
417.753342 245019357 10466288 1173534868 4280677514
417.760122 245022361 10466288 1173178097 4280674459
417.766900 245025331 10466288 1172824092 4280671367
417.773696 245028315 10466288 1172468015 4280668378
417.780472 245031266 10466288 1172122626 4280664961
417.787250 245034261 10466288 1171769977 4280661856
417.794187 245037319 10466288 1171403439 4280658767
417.801329 245040447 10466288 1171028193 4280655480
417.808108 245043417 10466288 1170672473 4280652387
417.815149 245046488 10466288 1170310647 4280648876
417.822100 245049567 10466288 1169951469 4280645620
417.828877 245052545 10466288 1169594141 4280642566
417.835814 245055575 10466288 1169227517 4280639561
417.843773 245059073 10466288 1168804829 4280635997
417.850541 245062029 10466288 1168459519 4280632422
417.857318 245065027 10466288 1168108612 4280629513
417.864077 245067981 10466288 1167755637 4280626473
417.873185 245071992 10466288 1167273031 4280622422
417.879960 245074983 10466288 1166913364 4280619241
417.886736 245077950 10466288 1166568033 4280615669
417.894054 245081192 10466288 1166177913 4280612503
417.900919 245084228 10466288 1165809025 4280609384
417.907773 245087227 10466288 1165445922 4280606020
417.914550 245090195 10466288 1165090488 4280602789
417.921324 245093154 10466288 1164750036 4280598989
417.928102 245096242 10466288 1164372655 4280597122
417.934870 245099217 10466288 1164017205 4280594062
417.941944 245102324 10466288 1163645220 4280590830
417.948725 245105288 10466288 1163306386 4280587203
417.955706 245108371 10466288 1162946538 4280584145
417.965112 245112500 10466288 1162449565 4280580010
417.971878 245115482 10466288 1162092128 4280576950
417.978732 245118476 10466288 1161736932 4280573614
417.985516 245121447 10466288 1161392409 4280570107
417.992296 245124451 10466288 1161033431 4280567334
417.999528 245127638 10466288 1160654596 4280564076
418.006302 245130609 10466288 1160304128 4280561010
418.013744 245133858 10466288 1159921899 4280557570
418.020529 245136836 10466288 1159577110 4280554162
418.027324 245139835 10466288 1159220177 4280551260
418.034206 245142864 10466288 1158860742 4280548260
418.040972 245145833 10466288 1158509964 4280545267
418.047744 245148784 10466288 1158164744 4280541984
418.058064 245153340 10466288 1157636175 4280537170
418.064832 245156312 10466288 1157283732 4280534122
418.071597 245159286 10466288 1156929392 4280531077
418.078352 245162249 10466288 1156575462 4280528026
418.085102 245165201 10466288 1156233998 4280524519
418.091857 245168183 10466288 1155883143 4280521524
418.098604 245171147 10466288 1155521575 4280518351
418.105351 245174104 10466288 1155161794 4280515330
418.112098 245177072 10466288 1154800505 4280512392
418.118930 245180055 10466288 1154450007 4280508723
418.125678 245183022 10466288 1154090710 4280505695
418.132426 245185975 10466288 1153728014 4280502616
418.139173 245188938 10466288 1153362903 4280499638
418.145920 245191900 10466288 1153003245 4280496385
418.152682 245194866 10466288 1152654904 4280493060
418.159429 245197833 10466288 1152293839 4280490044
418.166176 245200802 10466288 1151930953 4280486993
418.172924 245203767 10466288 1151571733 4280483943
418.179671 245206721 10466288 1151218731 4280480528
418.186419 245209686 10466288 1150870597 4280477264
418.193164 245212663 10466288 1150511850 4280474272
418.199911 245215625 10466288 1150152025 4280471109
418.206658 245218597 10466288 1149789892 4280468059
418.213405 245221549 10466288 1149435308 4280464779
418.220151 245224498 10466288 1149092843 4280461263
418.226898 245227490 10466288 1148739435 4280458256
418.233645 245230453 10466288 1148380358 4280455185
418.240398 245233417 10466288 1148023332 4280452113
418.247147 245236377 10466288 1147668277 4280448931
418.253966 245239362 10466288 1147321364 4280445238
418.260715 245242341 10466288 1146962599 4280442396
418.267463 245245291 10466288 1146604704 4280439439
418.274212 245248242 10466288 1146247709 4280436382
418.280963 245251205 10466288 1145891248 4280433158
418.287716 245254160 10466288 1145546371 4280429552
418.294465 245257144 10466288 1145185969 4280426704
418.301212 245260096 10466288 1144829614 4280423712
418.307961 245263057 10466288 1144473406 4280420615
418.314709 245266019 10466288 1144125071 4280417242
418.321462 245269010 10466288 1143773491 4280414239
418.328210 245271972 10466288 1143416196 4280411114
418.334959 245274937 10466288 1143057469 4280408145
418.341706 245277905 10466288 1142697384 4280405164
418.348454 245280853 10466288 1142348839 4280401728
418.355201 245283837 10466288 1141998805 4280398739
418.361947 245286797 10466288 1141638065 4280395644
418.368695 245289768 10466288 1141275920 4280392542
418.375442 245292737 10466288 1140912100 4280389425
418.382188 245295682 10466288 1140564491 4280385777
418.389000 245298695 10466288 1140206115 4280382904
418.395765 245301671 10466288 1139842869 4280379906
418.402512 245304631 10466288 1139483701 4280376833
418.409258 245307600 10466288 1139125013 4280373598
418.416021 245310562 10466288 1138774255 4280370044
418.422768 245313534 10466288 1138422606 4280366869
418.429529 245316523 10466288 1138058534 4280363958
418.436282 245319490 10466288 1137698469 4280360920
418.443031 245322444 10466288 1137341340 4280357905
418.449780 245325386 10466288 1136996115 4280354470
418.456528 245328346 10466288 1136652214 4280350993
418.463277 245331321 10466288 1136291840 4280348302
418.470032 245334287 10466288 1135937083 4280345246
418.476783 245337249 10466288 1135581908 4280342242
418.483618 245340235 10466288 1135237466 4280338603
418.490364 245343215 10466288 1134893685 4280335608
418.497111 245346179 10466288 1134550005 4280332522
418.503865 245349133 10466288 1134205946 4280329638
418.510613 245352087 10466288 1133863318 4280326536
418.517364 245355054 10466288 1133524930 4280323077
418.524177 245358071 10466288 1133171396 4280320123
418.530931 245361043 10466288 1132822958 4280317024
418.537678 245364006 10466288 1132473834 4280313843
418.544424 245366981 10466288 1132121401 4280310845
418.551171 245369935 10466288 1131782724 4280307470
418.557918 245372928 10466288 1131430977 4280304370
418.564703 245375911 10466288 1131073707 4280301331
418.571454 245378883 10466288 1130717197 4280298160
418.578205 245381842 10466288 1130362359 4280295012
418.584957 245384783 10466288 1130023578 4280291442
418.591709 245387769 10466288 1129672276 4280288398
418.598463 245390742 10466288 1129312705 4280285413
418.605216 245393706 10466288 1128953520 4280282452
418.611968 245396670 10466288 1128595390 4280279291
418.618718 245399611 10466288 1128256476 4280275549
418.625467 245402606 10466288 1127904667 4280272670
418.632214 245405568 10466288 1127548347 4280269594
418.638964 245408537 10466288 1127192391 4280266579
418.645714 245411504 10466288 1126841382 4280263460
418.652463 245414465 10466288 1126500191 4280259808
418.659296 245417488 10466288 1126142691 4280256893
418.666032 245420443 10466288 1125788764 4280253900
418.672782 245423405 10466288 1125432227 4280250851
418.679898 245426514 10466288 1125065022 4280247336
418.686646 245429470 10466288 1124718855 4280243982
418.693396 245432442 10466288 1124358114 4280241173
418.700144 245435394 10466288 1124002652 4280238068
418.706892 245438346 10466288 1123645971 4280235061
418.713642 245441292 10466288 1123293897 4280231875
418.720391 245444250 10466288 1122957284 4280228481
418.727140 245447222 10466288 1122604745 4280225721
418.733888 245450177 10466288 1122244395 4280222550
418.740637 245453137 10466288 1121884509 4280219490
418.747385 245456077 10466288 1121532986 4280216306
418.754134 245459054 10466288 1121182553 4280213080
418.760881 245462025 10466288 1120827184 4280210189
418.767628 245465000 10466288 1120470056 4280207190
418.774378 245467977 10466288 1120111313 4280204228
418.781126 245470936 10466288 1119759258 4280200865
418.787876 245473906 10466288 1119413302 4280197507
418.794697 245476925 10466288 1119050713 4280194572
418.801445 245479900 10466288 1118691649 4280191534
418.808195 245482866 10466288 1118333697 4280188486
418.814946 245485816 10466288 1117978515 4280185160
418.821696 245488770 10466288 1117633947 4280181562
418.828452 245491772 10466288 1117268364 4280178718
418.835202 245494735 10466288 1116904999 4280175749
418.841952 245497706 10466288 1116542543 4280172648
418.848702 245500656 10466288 1116199036 4280169140
418.855451 245503636 10466288 1115846723 4280166143
418.862199 245506596 10466288 1115487489 4280163124
418.868949 245509556 10466288 1115130110 4280160174
418.876177 245512731 10466288 1114746215 4280156944
418.882925 245515666 10466288 1114405264 4280153373
418.889675 245518658 10466288 1114055426 4280150305
418.896423 245521614 10466288 1113698847 4280147308
418.903173 245524569 10466288 1113343749 4280144394
418.909923 245527536 10466288 1112986122 4280141511
418.916672 245530496 10466288 1112637098 4280138038
418.923422 245533486 10466288 1112284419 4280134860
418.930237 245536470 10466288 1111930558 4280131820
418.936987 245539433 10466288 1111576807 4280128883
418.943735 245542389 10466288 1111222195 4280125885
418.950487 245545345 10466288 1110872912 4280122482
418.957234 245548332 10466288 1110518156 4280119324
418.963984 245551303 10466288 1110160678 4280116267
418.970734 245554266 10466288 1109803299 4280113208
418.977484 245557232 10466288 1109443215 4280110213
418.984234 245560174 10466288 1109093949 4280106913
418.990985 245563155 10466288 1108741414 4280103697
418.997735 245566134 10466288 1108378966 4280100906
419.004484 245569157 10466288 1108007233 4280098520
419.011232 245572116 10466288 1107653869 4280095404
419.017981 245575058 10466288 1107315787 4280091752
419.024732 245578056 10466288 1106954864 4280088892
419.031482 245581011 10466288 1106598324 4280085845
419.038232 245583983 10466288 1106239220 4280082830
419.044982 245586952 10466288 1105882140 4280079555
419.051732 245589913 10466288 1105541761 4280075924
419.058480 245592897 10466288 1105189251 4280072988
419.065300 245595890 10466288 1104834564 4280069897
419.072094 245598891 10466288 1104480379 4280066877
419.078843 245601856 10466288 1104132819 4280063814
419.085591 245604813 10466288 1103795879 4280060242
419.092340 245607794 10466288 1103444012 4280057306
419.099093 245610759 10466288 1103095890 4280054256
419.105841 245613725 10466288 1102747648 4280051184
419.112592 245616706 10466288 1102399114 4280048271
419.119340 245619663 10466288 1102066317 4280044759
419.126087 245622644 10466288 1101720428 4280041764
419.132836 245625604 10466288 1101374901 4280038809
419.139584 245628567 10466288 1101031601 4280035885
419.146333 245631530 10466288 1100689328 4280032823
419.153081 245634482 10466288 1100356980 4280029433
419.159832 245637459 10466288 1100018584 4280026239
419.166580 245640414 10466288 1099650318 4280023198
419.173331 245643369 10466288 1099278627 4280020163
419.180080 245646321 10466288 1098914546 4280016895
419.186829 245649275 10466288 1098559143 4280013476
419.193580 245652251 10466288 1098192886 4280010617
419.200399 245655230 10466288 1097824393 4280007635
419.207149 245658177 10466288 1097460063 4280004654
419.213897 245661129 10466288 1097102750 4280001130
419.220650 245664099 10466288 1096747372 4279997872
419.227398 245667071 10466288 1096382858 4279995130
419.234145 245670031 10466288 1096021909 4279992111
419.240894 245672986 10466288 1095664532 4279989028
419.247639 245675932 10466288 1095314620 4279985472
419.254386 245678898 10466288 1094965328 4279982131
419.261133 245681892 10466288 1094600011 4279979341
419.267879 245684860 10466288 1094238444 4279976310
419.274625 245687820 10466288 1093875013 4279973435
419.281373 245690774 10466288 1093519499 4279970023
419.288120 245693734 10466288 1093173551 4279966671
419.294867 245696710 10466288 1092806925 4279963755
419.301614 245699674 10466288 1092443172 4279960746
419.308360 245702635 10466288 1092081458 4279957705
419.315108 245705583 10466288 1091727787 4279954548
419.321854 245708547 10466288 1091383510 4279951180
419.328621 245711528 10466288 1091026044 4279948212
419.335482 245714541 10466288 1090661173 4279945120
419.344104 245718324 10466288 1090204457 4279941254
419.350945 245721304 10466288 1089858637 4279937655
419.359148 245724933 10466288 1089427649 4279934024
419.365922 245727899 10466288 1089071640 4279931059
419.373542 245731256 10466288 1088670169 4279927820
419.380811 245734420 10466288 1088299222 4279924160
419.387583 245737422 10466288 1087944721 4279921069
419.394361 245740401 10466288 1087586447 4279917984
419.401265 245743428 10466288 1087224567 4279914931
419.408310 245746504 10466288 1086855843 4279911793
419.415068 245749459 10466288 1086509039 4279908462
419.422432 245752721 10466288 1086124229 4279905065
419.429203 245755689 10466288 1085767420 4279902058
419.436042 245758689 10466288 1085407976 4279898949
419.442837 245761661 10466288 1085050548 4279896014
419.449620 245764631 10466288 1084701670 4279892692
419.456559 245767692 10466288 1084343220 4279889329
419.464083 245770996 10466288 1083943389 4279885935
419.470855 245773969 10466288 1083584643 4279882877
419.477744 245776988 10466288 1083218795 4279879893
419.484523 245779948 10466288 1082874061 4279876318
419.491286 245782941 10466288 1082524361 4279873325
419.498070 245785923 10466288 1082164363 4279870320
419.504844 245788905 10466288 1081802795 4279867253
419.511616 245791887 10466288 1081441470 4279864202
419.518516 245794903 10466288 1081088402 4279860664
419.525285 245797904 10466288 1080737012 4279857503
419.532049 245800869 10466288 1080379058 4279854459
419.539505 245804154 10466288 1079980945 4279851115
419.546290 245807115 10466288 1079633410 4279847752
419.553069 245810098 10466288 1079286864 4279844223
419.559854 245813103 10466288 1078924496 4279841433
419.566620 245816068 10466288 1078570392 4279838337
419.573401 245819044 10466288 1078212789 4279835333
419.580291 245822056 10466288 1077860692 4279831894
419.587093 245825046 10466288 1077516231 4279828656
419.595068 245828573 10466288 1077092380 4279825486
419.601848 245831541 10466288 1076739136 4279822484
419.608650 245834528 10466288 1076387509 4279819437
419.615533 245837526 10466288 1076042504 4279815878
419.622658 245840688 10466288 1075679161 4279812534
419.629433 245843659 10466288 1075333496 4279809487
419.636219 245846632 10466288 1074986056 4279806584
419.643073 245849632 10466288 1074634845 4279803448
419.649867 245852597 10466288 1074294456 4279799991
419.657213 245855839 10466288 1073921866 4279796446
419.663988 245858800 10466288 1073577390 4279793418
419.670798 245861786 10466288 1073227374 4279790359
419.678725 245865272 10466288 1072817568 4279786927
419.685507 245868227 10466288 1072479422 4279783290
419.692288 245871229 10466288 1072123760 4279780484
419.699292 245874298 10466288 1071753542 4279777408
419.706085 245877279 10466288 1071393356 4279774269
419.712856 245880245 10466288 1071043101 4279770912
419.719628 245883221 10466288 1070695508 4279767556
419.726401 245886211 10466288 1070328714 4279764781
419.735041 245889998 10466288 1069868125 4279760908
419.741815 245892975 10466288 1069503510 4279757803
419.748595 245895936 10466288 1069154634 4279754349
419.755519 245898993 10466288 1068805592 4279751086
419.763100 245902331 10466288 1068392745 4279747773
419.769879 245905302 10466288 1068027319 4279744717
419.776649 245908282 10466288 1067662692 4279741747
419.783430 245911253 10466288 1067316519 4279738107
419.791299 245914733 10466288 1066905424 4279734652
419.798057 245917710 10466288 1066551115 4279731528
419.806555 245921448 10466288 1066102783 4279727703
419.813323 245924424 10466288 1065748694 4279724358
419.820117 245927403 10466288 1065405102 4279720804
419.826895 245930400 10466288 1065049287 4279717976
419.833678 245933381 10466288 1064697354 4279714990
419.840685 245936456 10466288 1064337126 4279711827
419.847461 245939419 10466288 1063991694 4279708554
419.856113 245943218 10466288 1063556463 4279704030
419.862897 245946214 10466288 1063203473 4279701151
419.869679 245949184 10466288 1062856098 4279698039
419.876450 245952151 10466288 1062509528 4279694986
419.884032 245955459 10466288 1062132630 4279691077
419.890804 245958452 10466288 1061786313 4279688138
419.897661 245961475 10466288 1061431313 4279685174
419.904644 245964538 10466288 1061071193 4279682115
419.911646 245967601 10466288 1060715592 4279678671
419.918432 245970564 10466288 1060379270 4279675291
419.925994 245973911 10466288 1059977481 4279671982
419.932808 245976895 10466288 1059620356 4279668950
419.940490 245980277 10466288 1059212560 4279665451
419.947283 245983260 10466288 1058858603 4279661987
419.954068 245986241 10466288 1058509229 4279658456
419.960852 245989240 10466288 1058143251 4279655618
419.967623 245992218 10466288 1057779458 4279652448
419.974396 245995198 10466288 1057416042 4279649374
419.981394 245998262 10466288 1057051867 4279645973
419.988154 246001232 10466288 1056702456 4279642571
419.996058 246004732 10466288 1056275809 4279639303
420.002830 246007715 10466288 1055915681 4279636318
420.009607 246010697 10466288 1055559698 4279633242
420.016392 246013660 10466288 1055216445 4279629680
420.023498 246016814 10466288 1054845793 4279626638
420.030266 246019790 10466288 1054488864 4279623683
420.037143 246022815 10466288 1054123735 4279620586
420.043914 246025787 10466288 1053766825 4279617500
420.051421 246029071 10466288 1053383178 4279613779
420.058191 246032054 10466288 1053043819 4279610793
420.064982 246035047 10466288 1052717929 4279607688
420.071766 246038026 10466288 1052394521 4279604582
420.079550 246041427 10466288 1052024202 4279600778
420.086331 246044421 10466288 1051672517 4279597361
420.093113 246047416 10466288 1051315233 4279594600
420.099893 246050388 10466288 1050960146 4279591595
420.107423 246053684 10466288 1050566835 4279588161
420.114189 246056633 10466288 1050222045 4279584573
420.120972 246059620 10466288 1049870538 4279581480
420.127749 246062605 10466288 1049511032 4279578531
420.135658 246066079 10466288 1049096195 4279574874
420.142431 246069049 10466288 1048742212 4279571804
420.149306 246072070 10466288 1048390625 4279568412
420.156424 246075217 10466288 1048026325 4279565091
420.163387 246078258 10466288 1047663692 4279562017
420.170161 246081229 10466288 1047308414 4279558935
420.177725 246084549 10466288 1046909089 4279555424
420.184495 246087500 10466288 1046569382 4279551730
420.191386 246090556 10466288 1046206892 4279548705
420.198166 246093545 10466288 1045839838 4279545683
420.204948 246096538 10466288 1045473846 4279542585
420.211815 246099566 10466288 1045103582 4279539471
420.219188 246102788 10466288 1044726389 4279535578
420.225967 246105799 10466288 1044365498 4279532602
420.233180 246108979 10466288 1043980995 4279529352
420.239959 246111963 10466288 1043621762 4279526385
420.247813 246115402 10466288 1043214798 4279522407
420.254585 246118382 10466288 1042867751 4279518989
420.261357 246121378 10466288 1042507424 4279516075
420.268144 246124356 10466288 1042155102 4279512953
420.275064 246127400 10466288 1041794831 4279509772
420.281831 246130365 10466288 1041452783 4279506333
420.288685 246133383 10466288 1041105494 4279503166
420.295475 246136367 10466288 1040750784 4279500116
420.303059 246139690 10466288 1040357413 4279496747
420.309838 246142665 10466288 1040003028 4279493754
420.316723 246145673 10466288 1039656142 4279490117
420.323503 246148672 10466288 1039301848 4279487217
420.330977 246151943 10466288 1038913082 4279483780
420.337752 246154912 10466288 1038561487 4279480693
420.344533 246157901 10466288 1038205195 4279477607
420.351305 246160861 10466288 1037864892 4279473980
420.359036 246164283 10466288 1037454274 4279470583
420.365824 246167269 10466288 1037093536 4279467446
420.372601 246170238 10466288 1036733213 4279464401
420.379375 246173196 10466288 1036372628 4279461217
420.387050 246176559 10466288 1035976982 4279457065
420.393839 246179569 10466288 1035612211 4279454095
420.400629 246182544 10466288 1035249621 4279451097
420.408326 246185939 10466288 1034833407 4279447661
420.415097 246188917 10466288 1034473340 4279444466
420.421876 246191882 10466288 1034130244 4279441115
420.428659 246194888 10466288 1033763348 4279438369
420.435439 246197874 10466288 1033395283 4279435275
420.442635 246201040 10466288 1033003976 4279432003
420.449410 246203992 10466288 1032668892 4279428383
420.456289 246207029 10466288 1032305620 4279425531
420.463093 246210031 10466288 1031941370 4279422504
420.470798 246213422 10466288 1031530285 4279419030
420.477564 246216392 10466288 1031170261 4279415908
420.484832 246219579 10466288 1030795091 4279412218
420.491603 246222579 10466288 1030433711 4279409222
420.499087 246225874 10466288 1030032626 4279405873
420.505889 246228867 10466288 1029669881 4279402788
420.512662 246231845 10466288 1029313257 4279399630
420.519431 246234802 10466288 1028968576 4279396115
420.526247 246237813 10466288 1028605389 4279393156
420.533083 246240812 10466288 1028243667 4279390097
420.540432 246244039 10466288 1027852802 4279386741
420.547196 246247001 10466288 1027498643 4279383452
420.555050 246250448 10466288 1027097955 4279379488
420.561826 246253441 10466288 1026739305 4279376675
420.568610 246256423 10466288 1026379608 4279373607
420.575461 246259430 10466288 1026020059 4279370535
420.582755 246262621 10466288 1025643678 4279366923
420.589543 246265603 10466288 1025301522 4279363493
420.596442 246268649 10466288 1024946978 4279360446
420.603238 246271633 10466288 1024601461 4279357422
420.610039 246274630 10466288 1024253473 4279354288
420.616987 246277679 10466288 1023908526 4279350623
420.623771 246280672 10466288 1023556130 4279347726
420.630551 246283646 10466288 1023205896 4279344687
420.638094 246286953 10466288 1022815579 4279341158
420.644873 246289937 10466288 1022466313 4279338051
420.652658 246293346 10466288 1022077280 4279334171
420.659427 246296339 10466288 1021724218 4279331089
420.666723 246299559 10466288 1021339473 4279327628
420.673507 246302555 10466288 1020983340 4279324483
420.680306 246305539 10466288 1020634002 4279321120
420.688060 246308948 10466288 1020248176 4279316951
420.694835 246311956 10466288 1019891609 4279314175
420.701617 246314937 10466288 1019540575 4279311031
420.708381 246317910 10466288 1019191617 4279308083
420.715435 246320999 10466288 1018835939 4279304395
420.722219 246323979 10466288 1018496061 4279300922
420.729039 246327001 10466288 1018135614 4279298164
420.735920 246330024 10466288 1017776570 4279295168
420.742693 246333001 10466288 1017425067 4279292032
420.749472 246335965 10466288 1017079934 4279288589
420.756255 246338954 10466288 1016732766 4279285070
420.763096 246341984 10466288 1016369571 4279282273
420.769939 246344995 10466288 1016010155 4279279298
420.776716 246347958 10466288 1015656961 4279276296
420.783500 246350919 10466288 1015314084 4279272813
420.790272 246353908 10466288 1014966191 4279269752
420.797587 246357124 10466288 1014583917 4279266460
420.804355 246360096 10466288 1014229987 4279263504
420.811134 246363073 10466288 1013876149 4279260501
420.817918 246366035 10466288 1013539055 4279256827
420.824700 246369045 10466288 1013187789 4279253878
420.831576 246372072 10466288 1012829791 4279250820
420.838390 246375079 10466288 1012475892 4279247907
420.845174 246378075 10466288 1012123772 4279244855
420.854064 246381976 10466288 1011675729 4279240274
420.860826 246384955 10466288 1011318125 4279237377
420.867616 246387934 10466288 1010960536 4279234302
420.874498 246390961 10466288 1010593920 4279231152
420.881823 246394159 10466288 1010214354 4279227371
420.888613 246397147 10466288 1009863115 4279223876
420.895391 246400145 10466288 1009494263 4279221063
420.902286 246403165 10466288 1009126578 4279217871
420.910179 246406635 10466288 1008706519 4279214291
420.916946 246409594 10466288 1008358448 4279210818
420.923722 246412599 10466288 1008006837 4279207658
420.930496 246415580 10466288 1007647126 4279204549
420.937270 246418552 10466288 1007286834 4279201487
420.944084 246421544 10466288 1006929821 4279198193
420.951398 246424765 10466288 1006553088 4279194626
420.958161 246427739 10466288 1006193387 4279191536
420.965239 246430847 10466288 1005816368 4279188356
420.972019 246433820 10466288 1005453886 4279185326
420.978767 246436773 10466288 1005100155 4279182135
420.985515 246439744 10466288 1004747757 4279178936
420.992271 246442722 10466288 1004389962 4279175893
420.999025 246445678 10466288 1004034329 4279172744
421.005773 246448646 10466288 1003680350 4279169741
421.012605 246451646 10466288 1003326577 4279166465
421.019359 246454616 10466288 1002980263 4279163179
421.026109 246457604 10466288 1002622883 4279160298
421.032860 246460560 10466288 1002265429 4279157211
421.039608 246463522 10466288 1001905946 4279154171
421.046356 246466481 10466288 1001551637 4279150980
421.053105 246469437 10466288 1001219532 4279147285
421.059853 246472420 10466288 1000865838 4279144571
421.066605 246475384 10466288 1000500419 4279141580
421.073353 246478350 10466288 1000133742 4279138585
421.080102 246481316 10466288 999767208 4279135490
421.086852 246484267 10466288 999426097 4279131925
421.093603 246487272 10466288 999064712 4279129086
421.100351 246490254 10466288 998703266 4279126049
421.107121 246493242 10466288 998340440 4279123043
421.113874 246496221 10466288 997980623 4279120029
421.120622 246499170 10466288 997640575 4279116449
421.127369 246502226 10466288 997268912 4279114274
421.134115 246505194 10466288 996910601 4279111204
421.140863 246508155 10466288 996553587 4279108220
421.147683 246511152 10466288 996201217 4279104823
421.154437 246514131 10466288 995853594 4279101671
421.161186 246517106 10466288 995494460 4279098618
421.167939 246520074 10466288 995136802 4279095630
421.174685 246523035 10466288 994783228 4279092668
421.181439 246525984 10466288 994441542 4279089345
421.188198 246528977 10466288 994091745 4279086389
421.194942 246531947 10466288 993736486 4279083395
421.201689 246534902 10466288 993381504 4279080415
421.208436 246537871 10466288 993023796 4279077515
421.215190 246540820 10466288 992678815 4279074009
421.221938 246543798 10466288 992327952 4279070912
421.228687 246546777 10466288 991969992 4279068025
421.235440 246549748 10466288 991615835 4279065034
421.242187 246552699 10466288 991265978 4279061939
421.248934 246555640 10466288 990923647 4279058494
421.255681 246558610 10466288 990578825 4279055149
421.262429 246561600 10466288 990220150 4279052308
421.269183 246564562 10466288 989867462 4279049310
421.275931 246567527 10466288 989512736 4279046323
421.282765 246570509 10466288 989161123 4279042943
421.289518 246573467 10466288 988820023 4279039578
421.296265 246576459 10466288 988459812 4279036721
421.303021 246579431 10466288 988101677 4279033636
421.309768 246582393 10466288 987744043 4279030645
421.316530 246585357 10466288 987393955 4279027115
421.323277 246588337 10466288 987043481 4279024061
421.330028 246591301 10466288 986692046 4279021044
421.336775 246594268 10466288 986337883 4279018012
421.343522 246597226 10466288 985982441 4279014834
421.350288 246600192 10466288 985639524 4279011481
421.357031 246603173 10466288 985286274 4279008272
421.363784 246606146 10466288 984928371 4279005040
421.370531 246609119 10466288 984573103 4279001977
421.377279 246612099 10466288 984219118 4278998850
421.384037 246615051 10466288 983882101 4278995146
421.390785 246618043 10466288 983531578 4278992159
421.397538 246621022 10466288 983178194 4278989043
421.404285 246623987 10466288 982825387 4278986012
421.411041 246626960 10466288 982474247 4278982901
421.417851 246629925 10466288 982138129 4278979197
421.424598 246632907 10466288 981791184 4278976296
421.431352 246635877 10466288 981440127 4278973358
421.438099 246638831 10466288 981091486 4278970305
421.444847 246641794 10466288 980739294 4278967262
421.451606 246644749 10466288 980397543 4278963602
421.458353 246647740 10466288 980046059 4278960621
421.465100 246650710 10466288 979695343 4278957639
421.471855 246653676 10466288 979342429 4278954710
421.478609 246656648 10466288 978990795 4278951582
421.485355 246659588 10466288 978652061 4278948073
421.492103 246662574 10466288 978301022 4278945056
421.498850 246665531 10466288 977948712 4278942017
421.505598 246668491 10466288 977596355 4278938967
421.512358 246671447 10466288 977247361 4278935705
421.519105 246674419 10466288 976904375 4278932254
421.525852 246677404 10466288 976556565 4278929297
421.532599 246680365 10466288 976211176 4278926178
421.539345 246683325 10466288 975864690 4278922990
421.546091 246686282 10466288 975523515 4278919549
421.552901 246689285 10466288 975178117 4278916242
421.559899 246692375 10466288 974813945 4278912912
421.566648 246695342 10466288 974464713 4278909784
421.573396 246698311 10466288 974113834 4278906646
421.580145 246701261 10466288 973768191 4278903299
421.586897 246704242 10466288 973424417 4278899955
421.593650 246707237 10466288 973068267 4278897053
421.600397 246710205 10466288 972713732 4278893930
421.607145 246713177 10466288 972361203 4278890830
421.613893 246716142 10466288 972014673 4278887520
421.620641 246719084 10466288 971682414 4278883954
421.627389 246722081 10466288 971331535 4278881002
421.634140 246725056 10466288 970985562 4278877885
421.640888 246728031 10466288 970642203 4278874826
421.647635 246730994 10466288 970300426 4278871634
421.654383 246733950 10466288 969969112 4278868053
421.661162 246736946 10466288 969621715 4278865149
421.667910 246739918 10466288 969275531 4278862199
421.674656 246742883 10466288 968930647 4278859255
421.681402 246745836 10466288 968595680 4278855604
421.688210 246748856 10466288 968244506 4278852395
421.694957 246751814 10466288 967900321 4278849393
421.701705 246754775 10466288 967557383 4278846217
421.708451 246757740 10466288 967213258 4278843140
421.715197 246760703 10466288 966876162 4278839718
421.721944 246763681 10466288 966536136 4278836545
421.728691 246766648 10466288 966190207 4278833427
421.735438 246769611 10466288 965843167 4278830392
421.742184 246772582 10466288 965495791 4278827285
421.748932 246775538 10466288 965156304 4278823836
421.755692 246778543 10466288 964810493 4278820692
421.762439 246781513 10466288 964460235 4278817609
421.769185 246784485 10466288 964111023 4278814546
421.775932 246787462 10466288 963759462 4278811491
421.782686 246790411 10466288 963420593 4278807995
421.789434 246793400 10466288 963072074 4278804877
421.796184 246796384 10466288 962715644 4278801912
421.802938 246799350 10466288 962360565 4278798879
421.809683 246802327 10466288 962003797 4278795791
421.816430 246805281 10466288 961659916 4278792146
421.823237 246808285 10466288 961313162 4278788792
421.829984 246811281 10466288 960951989 4278785892
421.836738 246814265 10466288 960596935 4278782757
421.843488 246817246 10466288 960242105 4278779726
421.850235 246820198 10466288 959906709 4278776028
421.856985 246823184 10466288 959560137 4278772964
421.863734 246826149 10466288 959184963 4278769977
421.870485 246829105 10466288 958812691 4278766921
421.877236 246832071 10466288 958441507 4278763993
421.883986 246835030 10466288 958084664 4278760402
421.890734 246838001 10466288 957721611 4278757360
421.897483 246840965 10466288 957355526 4278754309
421.904231 246843922 10466288 956992897 4278751256
421.910980 246846890 10466288 956630149 4278748215
421.917763 246849873 10466288 956277818 4278744713
421.924514 246852861 10466288 955919603 4278741619
421.931264 246855820 10466288 955558293 4278738580
421.938021 246858790 10466288 955196954 4278735667
421.944770 246861753 10466288 954837771 4278732770
421.951518 246864697 10466288 954492140 4278729249
421.958328 246867721 10466288 954131034 4278726395
421.965040 246870669 10466288 953776407 4278723288
421.971793 246873627 10466288 953416828 4278720189
421.978547 246876592 10466288 953056647 4278717089
421.985294 246879535 10466288 952714097 4278713427
421.992033 246882520 10466288 952364190 4278710471
421.998783 246885484 10466288 952004005 4278707539
422.005530 246888440 10466288 951644641 4278704430
422.012278 246891403 10466288 951281868 4278701397
422.019029 246894348 10466288 950932359 4278697734
422.025777 246897335 10466288 950572126 4278694787
422.032523 246900296 10466288 950209320 4278691733
422.039283 246903267 10466288 949843843 4278688724
422.046039 246906231 10466288 949486739 4278685381
422.052787 246909192 10466288 949140269 4278682020
422.059534 246912171 10466288 948773886 4278679134
422.066263 246915118 10466288 948413267 4278675992
422.073020 246918094 10466288 948050743 4278672883
422.079767 246921042 10466288 947695962 4278669669
422.086514 246924012 10466288 947359670 4278666235
422.093327 246927017 10466288 947024443 4278663232
422.100038 246929968 10466288 946698930 4278660205
422.106787 246932999 10466288 946353577 4278658010
422.113536 246935956 10466288 946032340 4278654641
422.120285 246938923 10466288 945685842 4278651328
422.127374 246942058 10466288 945310261 4278648209
422.134124 246945018 10466288 944955280 4278645161
422.140875 246947990 10466288 944597737 4278642156
422.147623 246950945 10466288 944248690 4278638891
422.154371 246953915 10466288 943901863 4278635613
422.161119 246956904 10466288 943543954 4278632714
422.167869 246959869 10466288 943190231 4278629632
422.174621 246962820 10466288 942838854 4278626562
422.181369 246965781 10466288 942488482 4278623400
422.188124 246968731 10466288 942148638 4278619902
422.194909 246971746 10466288 941789920 4278617106
422.201680 246974717 10466288 941438128 4278614114
422.209058 246977957 10466288 941053056 4278610814
422.215840 246980926 10466288 940715390 4278607189
422.223354 246984252 10466288 940319725 4278604009
422.230214 246987252 10466288 939960449 4278600920
422.236998 246990252 10466288 939598481 4278597920
422.243812 246993235 10466288 939237981 4278594864
422.251079 246996415 10466288 938864058 4278591012
422.257850 246999406 10466288 938504023 4278588034
422.264636 247002383 10466288 938143446 4278584946
422.271416 247005360 10466288 937781385 4278581827
422.278220 247008349 10466288 937416788 4278578816
422.285046 247011338 10466288 937068633 4278575219
422.291829 247014334 10466288 936708403 4278572203
422.298612 247017313 10466288 936344014 4278569113
422.305414 247020301 10466288 935980087 4278566066
422.312197 247023287 10466288 935618264 4278563051
422.319040 247026291 10466288 935270182 4278559571
422.325807 247029281 10466288 934920839 4278556478
422.334052 247032911 10466288 934488161 4278552800
422.340850 247035902 10466288 934133127 4278549724
422.347630 247038878 10466288 933785118 4278546405
422.354413 247041843 10466288 933451818 4278542783
422.361180 247044846 10466288 933101757 4278539917
422.368071 247047877 10466288 932747507 4278536899
422.375035 247050927 10466288 932393289 4278533811
422.381821 247053889 10466288 932054322 4278530261
422.389772 247057414 10466288 931644571 4278526663
422.396546 247060389 10466288 931299421 4278523725
422.403326 247063364 10466288 930956177 4278520755
422.410116 247066340 10466288 930610441 4278517723
422.417360 247069523 10466288 930249389 4278514007
422.424134 247072514 10466288 929900213 4278511060
422.430904 247075481 10466288 929550443 4278508012
422.437684 247078454 10466288 929199947 4278504885
422.445314 247081792 10466288 928804672 4278501303
422.452066 247084746 10466288 928471839 4278497673
422.458840 247087732 10466288 928124177 4278494862
422.465635 247090717 10466288 927773585 4278491884
422.473067 247093983 10466288 927390162 4278488529
422.479839 247096947 10466288 927042994 4278485271
422.486631 247099923 10466288 926705515 4278481602
422.493405 247102950 10466288 926345166 4278478827
422.501085 247106333 10466288 925942332 4278475372
422.507965 247109368 10466288 925579352 4278472206
422.514749 247112324 10466288 925231234 4278468835
422.521579 247115347 10466288 924879868 4278465530
422.528887 247118561 10466288 924495202 4278462151
422.535673 247121543 10466288 924140764 4278459044
422.542453 247124520 10466288 923788657 4278455946
422.549992 247127818 10466288 923411854 4278451984
422.556799 247130828 10466288 923063279 4278448814
422.563572 247133803 10466288 922711502 4278445686
422.570353 247136781 10466288 922363215 4278442605
422.577122 247139761 10466288 922012420 4278439628
422.583898 247142733 10466288 921674486 4278435996
422.590670 247145724 10466288 921327931 4278432973
422.597441 247148696 10466288 920981487 4278429910
422.604221 247151682 10466288 920632517 4278426784
422.611050 247154682 10466288 920282073 4278423728
422.618412 247157904 10466288 919914994 4278419826
422.625183 247160903 10466288 919563401 4278416882
422.632444 247164086 10466288 919189807 4278413667
422.639229 247167061 10466288 918841258 4278410624
422.646109 247170066 10466288 918493388 4278407383
422.652888 247173025 10466288 918157822 4278403767
422.659716 247176047 10466288 917803213 4278400898
422.666527 247179040 10466288 917452896 4278397980
422.673504 247182114 10466288 917091070 4278394731
422.680279 247185082 10466288 916745855 4278391645
422.688068 247188498 10466288 916358902 4278387639
422.694844 247191484 10466288 916014305 4278384658
422.701629 247194480 10466288 915665792 4278381533
422.708396 247197461 10466288 915316744 4278378543
422.715414 247200522 10466288 914963442 4278375112
422.722211 247203516 10466288 914620385 4278371853
422.729041 247206533 10466288 914269600 4278368794
422.735820 247209522 10466288 913920573 4278365597
422.743768 247213027 10466288 913506693 4278361863
422.750586 247216019 10466288 913167957 4278358241
422.757360 247219018 10466288 912814127 4278355283
422.764431 247222119 10466288 912451941 4278352055
422.771201 247225087 10466288 912102647 4278349008
422.777985 247228064 10466288 911754333 4278345891
422.784906 247231085 10466288 911416539 4278342058
422.791693 247234085 10466288 911064010 4278339186
422.798494 247237069 10466288 910714125 4278336069
422.806108 247240413 10466288 910320557 4278332543
422.812901 247243384 10466288 909976695 4278329204
422.819691 247246357 10466288 909641412 4278325771
422.827245 247249701 10466288 909252839 4278322537
422.834050 247252688 10466288 908904399 4278319514
422.840835 247255668 10466288 908555786 4278316492
422.847615 247258629 10466288 908216033 4278313205
422.854386 247261621 10466288 907869547 4278309963
422.861373 247264703 10466288 907508076 4278306833
422.868156 247267671 10466288 907161583 4278303794
422.874936 247270649 10466288 906814703 4278300706
422.882059 247273772 10466288 906453764 4278297255
422.888843 247276761 10466288 906112807 4278293837
422.895623 247279754 10466288 905760944 4278290894
422.902402 247282733 10466288 905411493 4278287848
422.909179 247285695 10466288 905063944 4278284778
422.915955 247288650 10466288 904723619 4278281329
422.922860 247291708 10466288 904367480 4278278032
422.929948 247294813 10466288 903997288 4278274865
422.936715 247297785 10466288 903638497 4278271726
422.943495 247300764 10466288 903278756 4278268674
422.950376 247303786 10466288 902924091 4278265082
422.957140 247306771 10466288 902568822 4278261923
422.963927 247309764 10466288 902206372 4278258862
422.970714 247312750 10466288 901842730 4278255777
422.977490 247315723 10466288 901479736 4278252758
422.985058 247319042 10466288 901091743 4278248828
422.991838 247322042 10466288 900729890 4278245814
422.998620 247325019 10466288 900370678 4278242718
423.005399 247327998 10466288 900012322 4278239700
423.013850 247331696 10466288 899572594 4278235662
423.020649 247334686 10466288 899222714 4278232445
423.027770 247337837 10466288 898845118 4278229182
423.034539 247340807 10466288 898484590 4278226155
423.042458 247344280 10466288 898065524 4278222692
423.049262 247347246 10466288 897715739 4278219335
423.056090 247350241 10466288 897372005 4278215952
423.062976 247353286 10466288 897006921 4278213103
423.069858 247356302 10466288 896648442 4278210105
423.076632 247359275 10466288 896297091 4278207001
423.083400 247362229 10466288 895954702 4278203413
423.090163 247365215 10466288 895604004 4278200454
423.097885 247368591 10466288 895203457 4278197183
423.104731 247371586 10466288 894848630 4278194050
423.111514 247374552 10466288 894500548 4278190710
423.118285 247377513 10466288 894159236 4278187186
423.125672 247380780 10466288 893769422 4278184003
423.132434 247383748 10466288 893415344 4278180954
423.139212 247386722 10466288 893063267 4278177918
423.145990 247389691 10466288 892715876 4278174611
423.153731 247393086 10466288 892323955 4278170746
423.160502 247396059 10466288 891963387 4278167825
423.167279 247399032 10466288 891600627 4278164734
423.174101 247402040 10466288 891234558 4278161642
423.181057 247405083 10466288 890868194 4278158218
423.187822 247408057 10466288 890518031 4278154674
423.194600 247411054 10466288 890151437 4278151700
423.201474 247414073 10466288 889779447 4278148664
423.209052 247417416 10466288 889369973 4278145194
423.215830 247420378 10466288 889016665 4278141675
423.222606 247423360 10466288 888665404 4278138303
423.229409 247426370 10466288 888295475 4278135429
423.236858 247429645 10466288 887896598 4278132133
423.243639 247432617 10466288 887536152 4278129061
423.250408 247435561 10466288 887188510 4278125541
423.257178 247438552 10466288 886835734 4278122551
423.264192 247441642 10466288 886462232 4278119401
423.270968 247444618 10466288 886103693 4278116398
423.277843 247447623 10466288 885744335 4278113191
423.284618 247450588 10466288 885400042 4278109593
423.291437 247453610 10466288 885036175 4278106680
423.298201 247456584 10466288 884676872 4278103704
423.305132 247459625 10466288 884310698 4278100693
423.311919 247462580 10466288 883955880 4278097513
423.318683 247465541 10466288 883608359 4278093841
423.325445 247468534 10466288 883248225 4278091022
423.332904 247471801 10466288 882857459 4278087777
423.340169 247474984 10466288 882480266 4278084418
423.346979 247477969 10466288 882127470 4278081140
423.354161 247481132 10466288 881760732 4278077420
423.360940 247484104 10466288 881404054 4278074512
423.367719 247487067 10466288 881050258 4278071376
423.374489 247490039 10466288 880696248 4278068361
423.381305 247493021 10466288 880343822 4278065120
423.388129 247496024 10466288 879997236 4278061575
423.394904 247499014 10466288 879640826 4278058731
423.401682 247501981 10466288 879275144 4278055709
423.408516 247504980 10466288 878904425 4278052610
423.415452 247508002 10466288 878535919 4278049239
423.422219 247510969 10466288 878180943 4278045660
423.429032 247513960 10466288 877809395 4278042771
423.435811 247516928 10466288 877439519 4278039664
423.443694 247520394 10466288 877007985 4278036066
423.450504 247523363 10466288 876656771 4278032343
423.457284 247526358 10466288 876288015 4278029358
423.464829 247529672 10466288 875876685 4278025919
423.471628 247532646 10466288 875509121 4278022818
423.478495 247535652 10466288 875145432 4278019538
423.485262 247538611 10466288 874810369 4278016064
423.492048 247541615 10466288 874468497 4278013196
423.500142 247545184 10466288 874077812 4278009535
423.506920 247548170 10466288 873752416 4278006428
423.513712 247551140 10466288 873426764 4278003058
423.520480 247554109 10466288 873075431 4277999652
423.527747 247557311 10466288 872687859 4277996460
423.534523 247560283 10466288 872325928 4277993386
423.541302 247563246 10466288 871965312 4277990364
423.548357 247566349 10466288 871596796 4277986782
423.555239 247569356 10466288 871241562 4277983337
423.562092 247572389 10466288 870873735 4277980490
423.568868 247575359 10466288 870515646 4277977486
423.575656 247578335 10466288 870155926 4277974406
423.582946 0 0 0 0
423.591062 0 0 0 0
423.597849 0 0 0 0
423.604635 0 0 0 0
423.611413 0 0 0 0
423.618306 0 0 0 0
423.625079 0 0 0 0
423.631921 0 0 0 0
423.638718 0 0 0 0
423.645508 0 0 0 0
423.652272 0 0 0 0
423.659247 0 0 0 0
423.666068 0 0 0 0
423.672862 0 0 0 0
423.679635 0 0 0 0
423.688351 5798 521 4294294460 4294967249
423.695115 12291 1035 4293501904 4294966893
423.701884 18789 1474 4292703922 4294966508
423.708672 25309 1806 4291908017 4294966114
423.715438 31800 2060 4291143300 4294965913
423.722209 38303 2189 4290386023 4294965851
423.729060 44879 2428 4289592399 4294965406
423.735865 51412 2647 4288809181 4294964882
423.742639 57915 2794 4288024415 4294964413
423.749409 64413 2898 4287257381 4294964107
