405.621817 236943307 10246937 2132305575 4284074704
405.628796 236950006 10247655 2131461495 4284074416
405.635560 236956499 10248969 2130640119 4284074108
405.642341 236963011 10249788 2129815630 4284073803
405.650030 236970391 10250820 2128902752 4284073700
405.657485 236977548 10251549 2128006159 4284073551
405.664256 236984047 10252024 2127180817 4284073259
405.671039 236990560 10252478 2126362615 4284072940
405.678909 236998114 10252835 2125456107 4284072540
405.685704 237004639 10253040 2124707528 4284072480
405.693199 237011832 10253292 2123857920 4284072115
405.699975 237018338 10253561 2123090099 4284071636
405.706946 237025030 10253773 2122299571 4284071120
405.713739 237031550 10253923 2121547405 4284070726
405.720510 237038052 10253952 2120801449 4284070661
405.727312 237044584 10253997 2120036690 4284070387
405.734073 237051073 10254052 2119279857 4284070018
405.740836 237057564 10254103 2118528603 4284069647
405.749359 237065747 10254153 2117594515 4284069286
405.756136 237072253 10254157 2116852800 4284069237
405.762910 237078755 10254183 2116088035 4284068911
405.770369 237085918 10254203 2115226837 4284068617
405.777145 237092422 10254211 2114465762 4284068292
405.783929 237098936 10254220 2113722411 4284068081
405.791518 237106219 10254227 2112874618 4284067985
405.798372 237112798 10254254 2112096895 4284067612
405.805143 237119301 10254297 2111320954 4284067258
405.812590 237126448 10254368 2110481631 4284066967
405.819355 237132943 10254446 2109725651 4284066900
405.826117 237139435 10254600 2108945586 4284066612
405.833194 237146228 10254886 2108135737 4284066226
405.839967 237152730 10255255 2107356255 4284065863
405.846914 237159401 10255838 2106572490 4284065580
405.853707 237165923 10256820 2105825715 4284065539
405.860511 237172453 10257597 2105037510 4284065234
405.867937 237179582 10258891 2104175386 4284064825
405.875801 237187134 10259821 2103263231 4284064379
405.882584 237193644 10260711 2102503505 4284064209
405.889357 237200146 10261363 2101748923 4284064144
405.896134 237206652 10261906 2100982830 4284063681
405.902937 237213183 10262365 2100212380 4284063239
405.910064 237220023 10262715 2099419541 4284062847
405.916829 237226517 10262883 2098671829 4284062753
405.923613 237233031 10263111 2097910390 4284062424
405.930378 237239524 10263350 2097147551 4284061905
405.937142 237246019 10263488 2096389476 4284061427
405.943920 237252526 10263625 2095632670 4284060944
405.950698 237259032 10263710 2094891027 4284060692
405.957477 237265541 10263739 2094143466 4284060600
405.964255 237272047 10263775 2093389817 4284060203
405.971152 237278669 10263797 2092617421 4284059839
405.978288 237285519 10263850 2091832186 4284059521
405.986140 237293056 10263857 2090967481 4284059479
405.992911 237299557 10263878 2090183023 4284059214
405.999868 237306235 10263884 2089373710 4284058890
406.006637 237312733 10263899 2088585216 4284058551
406.013401 237319227 10263902 2087810319 4284058323
406.020772 237326305 10263908 2086973645 4284058260
406.027539 237332799 10263939 2086174923 4284057943
406.034309 237339300 10263983 2085380254 4284057642
406.041072 237345792 10264051 2084588853 4284057298
406.047990 237352432 10264166 2083798589 4284057053
406.054880 237359047 10264288 2083023360 4284056973
406.062053 237365934 10264511 2082175672 4284056633
406.069032 237372633 10264869 2081355750 4284056248
406.076055 237379376 10265264 2080527173 4284055850
406.082829 237385878 10266034 2079755064 4284055646
406.089596 237392374 10266924 2078978637 4284055587
406.096364 237398871 10267963 2078247097 4284055123
406.103136 237405373 10268823 2077520144 4284054681
406.109909 237411876 10269684 2076731031 4284054372
406.116685 237418381 10270577 2075968522 4284054300
406.125067 237426431 10271292 2074978327 4284053966
406.131845 237432935 10271767 2074177244 4284053522
406.138659 237439475 10272139 2073376103 4284053108
406.145551 237446092 10272417 2072563588 4284052715
406.153198 237453436 10272659 2071704674 4284052536
406.159975 237459937 10272767 2070926783 4284052358
406.166819 237466510 10272928 2070132838 4284051926
406.173581 237472999 10273085 2069351228 4284051483
406.180332 237479480 10273189 2068585565 4284051196
406.187166 237486041 10273216 2067815652 4284051135
406.193917 237492521 10273264 2067035029 4284050768
406.200667 237499001 10273300 2066261144 4284050431
406.207415 237505479 10273348 2065486276 4284050078
406.214162 237511956 10273383 2064726006 4284049864
406.221289 237518798 10273393 2063928471 4284049813
406.228034 237525273 10273409 2063144073 4284049511
406.234783 237531752 10273417 2062361855 4284049186
406.241530 237538230 10273427 2061578688 4284048852
406.248278 237544708 10273446 2060815168 4284048610
406.255407 237551551 10273453 2060032324 4284048561
406.262268 237558138 10273471 2059257034 4284048238
406.269030 237564630 10273514 2058498022 4284047869
406.275778 237571108 10273595 2057744680 4284047451
406.282535 237577595 10273698 2056999421 4284047152
406.289291 237584081 10273865 2056254540 4284047061
406.296049 237590568 10274102 2055481940 4284046673
406.302797 237597046 10274478 2054715378 4284046298
406.309551 237603530 10274907 2053941905 4284045905
406.316300 237610009 10275646 2053186762 4284045639
406.323028 237616468 10276700 2052452044 4284045581
406.329781 237622950 10277776 2051671532 4284045250
406.336533 237629432 10278616 2050892202 4284044865
406.343283 237635913 10279354 2050118938 4284044494
406.350038 237642397 10280080 2049377909 4284044409
406.356789 237648878 10280643 2048626318 4284044205
406.363539 237655359 10281082 2047862631 4284043787
406.370588 237662126 10281457 2047067440 4284043330
406.377340 237668608 10281764 2046308833 4284042889
406.384091 237675088 10281974 2045570956 4284042760
406.390842 237681569 10282123 2044820106 4284042549
406.397677 237688131 10282306 2044056459 4284042042
406.404699 237694872 10282471 2043275248 4284041543
406.411451 237701354 10282616 2042522376 4284041083
406.418202 237707835 10282653 2041760481 4284040980
406.424955 237714318 10282683 2041023157 4284040905
406.431707 237720800 10282706 2040251283 4284040708
406.438835 237727642 10282770 2039460089 4284040308
406.445587 237734124 10282830 2038712264 4284039941
406.452337 237740604 10282837 2037977540 4284039862
406.459088 237747085 10282858 2037236483 4284039686
406.465837 237753565 10282877 2036494935 4284039323
406.472968 237760411 10282894 2035704140 4284038950
406.479720 237766892 10282912 2034955870 4284038599
406.486470 237773372 10282924 2034218185 4284038491
406.493220 237779852 10282950 2033468529 4284038278
406.499971 237786333 10283004 2032719290 4284037860
406.507115 237793192 10283082 2031925701 4284037436
406.513868 237799674 10283225 2031181494 4284037120
406.520621 237806157 10283394 2030438020 4284037045
406.527371 237812637 10283645 2029680091 4284036722
406.534197 237819190 10283985 2028901799 4284036307
406.541253 237825964 10284491 2028101721 4284035902
406.548020 237832460 10285410 2027355891 4284035701
406.554777 237838947 10286476 2026612821 4284035644
406.561528 237845427 10287756 2025850425 4284035225
406.568277 237851907 10288559 2025085380 4284034825
406.575375 237858721 10289352 2024278603 4284034376
406.582124 237865200 10290114 2023535823 4284034168
406.588880 237871686 10290672 2022783814 4284034109
406.595631 237878166 10291172 2022019674 4284033695
406.602380 237884646 10291534 2021261545 4284033218
406.609513 237891494 10291832 2020467004 4284032702
406.616265 237897975 10292035 2019728794 4284032433
406.623032 237904471 10292152 2018980416 4284032347
406.629782 237910952 10292311 2018221705 4284031877
406.636532 237917432 10292479 2017467229 4284031375
406.643646 237924261 10292653 2016676999 4284030888
406.650397 237930743 10292710 2015940479 4284030677
406.657148 237937223 10292734 2015201230 4284030571
406.663901 237943706 10292771 2014453827 4284030173
406.670722 237950254 10292812 2013699307 4284029795
406.677768 237957018 10292859 2012920999 4284029427
406.684520 237963500 10292879 2012192239 4284029245
406.691271 237969982 10292886 2011447470 4284029189
406.698031 237976471 10292889 2010685169 4284028886
406.704782 237982952 10292896 2009929541 4284028566
406.711900 237989785 10292906 2009134424 4284028295
406.718650 237996265 10292920 2008391756 4284028220
406.725400 238002745 10292950 2007629288 4284027957
406.732150 238009225 10293004 2006869603 4284027579
406.738900 238015705 10293105 2006113762 4284027150
406.746055 238022574 10293242 2005322568 4284026782
406.752807 238029056 10293439 2004586085 4284026688
406.759559 238035537 10293664 2003823253 4284026367
406.766308 238042017 10294042 2003056510 4284025946
406.773029 238048469 10294505 2002291541 4284025528
406.780186 238055339 10295267 2001490281 4284025155
406.786936 238061820 10296367 2000755488 4284025098
406.793688 238068301 10297433 1999991218 4284024807
406.800437 238074781 10298173 1999223697 4284024345
406.807257 238081328 10298856 1998449211 4284023922
406.814314 238088102 10299521 1997658372 4284023547
406.821032 238094552 10300048 1996923589 4284023491
406.827785 238101035 10300449 1996155753 4284023219
406.834536 238107516 10300772 1995390559 4284022783
406.841285 238113995 10301051 1994627949 4284022343
406.848442 238120865 10301320 1993826139 4284021914
406.855193 238127346 10301423 1993080542 4284021815
406.861945 238133829 10301564 1992317501 4284021475
406.868696 238140309 10301749 1991552814 4284020968
406.875445 238146789 10301875 1990786817 4284020544
406.882499 238153560 10301920 1990013352 4284020383
406.889255 238160046 10301943 1989251916 4284020236
406.896024 238166544 10301991 1988481248 4284019858
406.902773 238173023 10302039 1987708105 4284019510
406.909522 238179502 10302089 1986931766 4284019183
406.916632 238186328 10302108 1986146333 4284019048
406.923387 238192813 10302114 1985383837 4284018909
406.930140 238199296 10302127 1984614275 4284018573
406.936893 238205779 10302145 1983843738 4284018221
406.943715 238212328 10302159 1983058749 4284017858
406.950766 238219096 10302168 1982279963 4284017757
406.957521 238225581 10302192 1981510275 4284017625
406.964271 238232062 10302257 1980721294 4284017257
406.971030 238238550 10302347 1979930431 4284016918
406.977780 238245030 10302497 1979140766 4284016562
406.984916 238251880 10302747 1978330703 4284016414
406.991670 238258365 10303044 1977554955 4284016264
406.998421 238264846 10303417 1976766698 4284015884
407.005171 238271325 10303911 1975971943 4284015527
407.011922 238277806 10304552 1975179891 4284015173
407.019035 238284635 10305805 1974377728 4284015058
407.025791 238291121 10306958 1973598110 4284014931
407.032542 238297602 10307781 1972804924 4284014584
407.039293 238304082 10308547 1972012104 4284014246
407.046030 238310550 10309162 1971227107 4284013904
407.053254 238317485 10309726 1970429875 4284013848
407.060018 238323978 10310071 1969650080 4284013609
407.066769 238330460 10310383 1968871208 4284013198
407.073518 238336939 10310674 1968095389 4284012762
407.080342 238343490 10310903 1967327848 4284012474
407.087384 238350250 10311004 1966552152 4284012411
407.094133 238356730 10311203 1965774151 4284012002
407.100884 238363211 10311415 1964996981 4284011491
407.107634 238369690 10311510 1964221900 4284011087
407.114384 238376170 10311555 1963458983 4284010820
407.121519 238383020 10311572 1962659556 4284010760
407.128270 238389501 10311606 1961889668 4284010464
407.135032 238395992 10311663 1961119646 4284010141
407.141782 238402472 10311703 1960350658 4284009803
407.148532 238408952 10311724 1959598424 4284009588
407.155651 238415787 10311731 1958807367 4284009540
407.162403 238422269 10311741 1958031685 4284009219
407.169158 238428754 10311758 1957256235 4284008882
407.175912 238435237 10311777 1956485503 4284008531
407.182662 238441717 10311794 1955735359 4284008304
407.189775 238448546 10311817 1954960967 4284008233
407.196528 238455028 10311875 1954196281 4284007884
407.203278 238461508 10311972 1953433628 4284007505
407.210032 238467992 10312129 1952667792 4284007141
407.216860 238474548 10312449 1951909369 4284006857
407.223909 238481314 10312904 1951147779 4284006771
407.230660 238487795 10313319 1950328224 4284006428
407.237411 238494276 10313884 1949510576 4284006045
407.244161 238500756 10314547 1948698117 4284005689
407.250910 238507235 10316042 1947918084 4284005637
407.258051 238514090 10317067 1947069753 4284005425
407.264803 238520573 10317840 1946256683 4284005091
407.271760 238527252 10318547 1945421327 4284004719
407.278566 238533787 10319191 1944610425 4284004375
407.285335 238540285 10319698 1943843391 4284004309
407.292095 238546774 10320051 1943049316 4284004072
407.298870 238553278 10320373 1942247802 4284003675
407.305644 238559781 10320706 1941446954 4284003248
407.312404 238566270 10320865 1940675122 4284003025
407.319567 238573148 10320990 1939866198 4284002854
407.326570 238579870 10321155 1939037209 4284002444
407.333332 238586361 10321283 1938236876 4284002070
407.340093 238592855 10321369 1937441831 4284001677
407.347794 238600246 10321400 1936561215 4284001543
407.354695 238606870 10321432 1935759071 4284001397
407.361456 238613361 10321472 1934966011 4284001087
407.369201 238620795 10321507 1934064346 4284000720
407.375986 238627310 10321527 1933272895 4284000420
407.382766 238633820 10321539 1932498200 4284000184
407.389549 238640331 10321549 1931733561 4284000123
407.396323 238646834 10321561 1930944533 4283999857
407.403059 238653301 10321570 1930162601 4283999520
407.409833 238659804 10321587 1929369637 4283999194
407.416611 238666310 10321605 1928606320 4283999124
407.423383 238672812 10321649 1927833314 4283998964
407.430151 238679309 10321741 1927042770 4283998636
407.438613 238687432 10321906 1926048423 4283998177
407.445929 238694456 10322161 1925205052 4283997859
407.452708 238700964 10322598 1924444317 4283997803
407.459480 238707464 10323014 1923669155 4283997508
407.467046 238714727 10323617 1922801092 4283997074
407.473818 238721229 10324333 1922013263 4283996698
407.480592 238727732 10325555 1921233314 4283996416
407.487364 238734233 10326688 1920469364 4283996368
407.494215 238740810 10327478 1919672724 4283996078
407.500990 238747314 10328138 1918887976 4283995694
407.507806 238753859 10328769 1918097013 4283995295
407.514580 238760360 10329278 1917319768 4283994975
407.521342 238766852 10329648 1916563370 4283994903
407.528113 238773353 10329940 1915783740 4283994555
407.534879 238779847 10330206 1914997405 4283994099
407.541656 238786356 10330472 1914211101 4283993658
407.548866 238793276 10330589 1913413289 4283993486
407.555635 238799773 10330708 1912651817 4283993217
407.562425 238806293 10330860 1911855454 4283992744
407.569338 238812927 10330942 1911042053 4283992348
407.576115 238819435 10330994 1910249953 4283991951
407.583387 238826416 10331017 1909426046 4283991845
407.590171 238832927 10331046 1908637894 4283991650
407.596940 238839426 10331082 1907847352 4283991321
407.603711 238845926 10331106 1907059104 4283990998
407.610494 238852437 10331129 1906270402 4283990691
407.617264 238858938 10331139 1905512392 4283990631
407.624089 238865489 10331146 1904735447 4283990475
407.630931 238872058 10331153 1903936528 4283990159
407.637697 238878554 10331167 1903147543 4283989818
407.644469 238885054 10331190 1902364617 4283989502
407.651232 238891546 10331211 1901608334 4283989404
407.658045 238898087 10331262 1900830421 4283989222
407.664816 238904587 10331374 1900029679 4283988883
407.671593 238911095 10331547 1899227527 4283988492
407.678381 238917610 10331784 1898426658 4283988126
407.685182 238924137 10332251 1897657941 4283988017
407.692759 238931412 10332789 1896773204 4283987768
407.699528 238937910 10333338 1895973636 4283987408
407.706295 238944407 10334066 1895170944 4283987044
407.713072 238950913 10335420 1894391282 4283986868
407.719894 238957463 10336442 1893612784 4283986778
407.726664 238963961 10337231 1892810459 4283986432
407.733439 238970465 10337866 1892007465 4283986031
407.740205 238976961 10338491 1891208641 4283985640
407.748912 238985322 10339076 1890221830 4283985424
407.755689 238991826 10339383 1889446044 4283985266
407.762459 238998326 10339660 1888654748 4283984886
407.769357 239004947 10339881 1887841817 4283984488
407.776120 239011439 10340068 1887044051 4283984057
407.783518 239018541 10340159 1886211987 4283983904
407.790293 239025045 10340245 1885479689 4283983666
407.797067 239031550 10340353 1884774959 4283983242
407.804403 239038590 10340459 1884012184 4283982787
407.811168 239045086 10340507 1883266432 4283982439
407.817989 239051633 10340529 1882497046 4283982348
407.825672 239059010 10340563 1881613111 4283982146
407.832455 239065522 10340604 1880831538 4283981813
407.839225 239072020 10340630 1880050600 4283981498
407.846033 239078557 10340640 1879273322 4283981184
407.852815 239085067 10340645 1878523659 4283981140
407.859793 239091765 10340650 1877724385 4283980922
407.866571 239098273 10340661 1876949726 4283980604
407.873339 239104769 10340686 1876173902 4283980269
407.880122 239111282 10340719 1875395357 4283979968
407.886899 239117787 10340754 1874648062 4283979918
407.895057 239125620 10340844 1873710918 4283979656
407.902063 239132345 10341017 1872898179 4283979319
407.909029 239139032 10341252 1872082712 4283978952
407.915813 239145543 10341577 1871298882 4283978655
407.922576 239152037 10342197 1870532503 4283978594
407.929562 239158744 10342776 1869712692 4283978300
407.936337 239165247 10343499 1868919105 4283977952
407.943111 239171751 10344721 1868118239 4283977596
407.949890 239178259 10345868 1867365548 4283977519
407.956659 239184757 10346640 1866587853 4283977362
407.963444 239191271 10347335 1865784080 4283976989
407.970721 239198255 10348007 1864922678 4283976570
407.977487 239204751 10348511 1864125321 4283976195
407.984264 239211258 10348877 1863364107 4283976103
407.991083 239217805 10349153 1862585676 4283975803
407.997862 239224311 10349420 1861793678 4283975393
408.004630 239230809 10349645 1860999959 4283974965
408.012111 239237991 10349896 1860124630 4283974430
408.018880 239244490 10349970 1859356768 4283974330
408.026054 239251377 10350088 1858564159 4283973996
408.032823 239257873 10350169 1857778921 4283973639
408.039592 239264372 10350241 1856984427 4283973284
408.047051 239271532 10350273 1856145572 4283973113
408.053826 239278038 10350293 1855365973 4283972993
408.060601 239284542 10350332 1854581257 4283972656
408.068866 239292478 10350356 1853622602 4283972304
408.075650 239298988 10350371 1852841260 4283971991
408.082418 239305485 10350373 1852067248 4283971774
408.089201 239311998 10350376 1851312919 4283971714
408.095975 239318501 10350379 1850539379 4283971431
408.102766 239325021 10350398 1849756420 4283971094
408.109537 239331519 10350426 1848977556 4283970722
408.116305 239338016 10350458 1848221809 4283970629
408.123090 239344531 10350526 1847448077 4283970456
408.129876 239351048 10350672 1846663298 4283970070
408.137038 239357920 10350877 1845839941 4283969664
408.143820 239364431 10351155 1845054969 4283969315
408.150605 239370947 10351710 1844303814 4283969228
408.158128 239378169 10352322 1843451633 4283969002
408.164904 239384674 10352948 1842666393 4283968630
408.171690 239391187 10353861 1841882103 4283968260
408.178461 239397687 10354927 1841096158 4283967906
408.185318 239404269 10355986 1840340482 4283967866
408.192098 239410777 10356520 1839568576 4283967756
408.198876 239417287 10357131 1838851779 4283967383
408.205680 239423816 10357645 1838054707 4283966993
408.213923 239431730 10358177 1837097666 4283966619
408.220713 239438248 10358438 1836326811 4283966544
408.227484 239444749 10358714 1835535103 4283966255
408.234255 239451249 10358939 1834739243 4283965861
408.241199 239457917 10359146 1833925606 4283965399
408.247981 239464426 10359310 1833136987 4283965034
408.254751 239470925 10359361 1832373425 4283964959
408.261523 239477427 10359432 1831591182 4283964688
408.268285 239483918 10359489 1830805684 4283964330
408.275156 239490514 10359534 1830007947 4283963998
408.282097 239497177 10359566 1829231709 4283963788
408.288869 239503679 10359571 1828467699 4283963752
408.295645 239510183 10359597 1827673299 4283963448
408.302425 239516693 10359620 1826885773 4283963139
408.309193 239523190 10359634 1826100080 4283962823
408.315985 239529712 10359638 1825335387 4283962721
408.322895 239536344 10359643 1824544063 4283962601
408.329678 239542854 10359654 1823760048 4283962276
408.336450 239549356 10359682 1822973258 4283961946
408.343220 239555858 10359706 1822185290 4283961627
408.350060 239562426 10359746 1821416399 4283961510
408.356843 239568933 10359805 1820637722 4283961382
408.363694 239575510 10359954 1819845522 4283961025
408.370468 239582013 10360187 1819057368 4283960660
408.377258 239588534 10360549 1818273316 4283960271
408.384729 239595703 10361248 1817446009 4283960222
408.391501 239602205 10361792 1816664705 4283959948
408.398271 239608704 10362560 1815880372 4283959572
408.405065 239615227 10363848 1815088011 4283959206
408.411876 239621767 10364946 1814310996 4283958996
408.419268 239628863 10365883 1813471324 4283958944
408.426064 239635386 10366589 1812684916 4283958566
408.432850 239641902 10367224 1811908973 4283958187
408.440297 239649051 10367758 1811056446 4283957796
408.447086 239655566 10368121 1810277479 4283957417
408.453863 239662073 10368421 1809528741 4283957332
408.460723 239668660 10368606 1808744380 4283957104
408.467520 239675185 10368797 1807961712 4283956676
408.474290 239681683 10368965 1807187636 4283956252
408.481088 239688208 10369063 1806426056 4283956030
408.487867 239694718 10369117 1805668328 4283955935
408.494646 239701225 10369190 1804891987 4283955548
408.501415 239707722 10369244 1804110100 4283955160
408.508315 239714345 10369291 1803310688 4283954787
408.515121 239720882 10369321 1802540159 4283954612
408.521899 239727388 10369334 1801776081 4283954558
408.528674 239733893 10369378 1801004567 4283954206
408.535446 239740392 10369393 1800233257 4283953867
408.542707 239747362 10369393 1799402690 4283953550
408.549623 239754002 10369403 1798627687 4283953383
408.556395 239760506 10369405 1797868758 4283953319
408.563971 239767777 10369422 1797000837 4283952934
408.570745 239774279 10369448 1796223800 4283952592
408.577518 239780783 10369499 1795446144 4283952233
408.586073 239788995 10369581 1794495298 4283952060
408.592850 239795502 10369655 1793719279 4283951959
408.600172 239802530 10369886 1792939136 4283951486
408.607115 239809196 10370181 1792198422 4283950899
408.613885 239815694 10370604 1791476867 4283950483
408.620652 239822192 10371361 1790720290 4283950432
408.628154 239829392 10372157 1789838221 4283950170
408.634927 239835895 10373114 1789028053 4283949821
408.644066 239844668 10374410 1787946366 4283949355
408.650843 239851173 10375408 1787186012 4283949301
408.657630 239857690 10376003 1786390844 4283949093
408.664403 239864191 10376553 1785593179 4283948709
408.671167 239870685 10377004 1784796690 4283948339
408.677946 239877193 10377410 1784001688 4283947969
408.684720 239883696 10377726 1783244902 4283947891
408.691487 239890191 10377959 1782466665 4283947643
408.698278 239896711 10378184 1781670119 4283947245
408.705055 239903218 10378385 1780874234 4283946824
408.711841 239909732 10378574 1780083367 4283946413
408.718618 239916240 10378622 1779321208 4283946331
408.726590 239923891 10378688 1778409000 4283946037
408.733365 239930395 10378726 1777629405 4283945676
408.740216 239936971 10378762 1776842204 4283945349
408.747888 239944338 10378811 1775964093 4283945040
408.754688 239950866 10378823 1775204188 4283944990
408.761459 239957366 10378850 1774421308 4283944740
408.768223 239963858 10378858 1773641990 4283944420
408.774998 239970410 10378862 1772858508 4283944104
408.781862 239976953 10378870 1772082983 4283943855
408.790064 239984826 10378874 1771179731 4283943790
408.796896 239991385 10378898 1770385341 4283943441
408.803668 239997885 10378924 1769603834 4283943119
408.810476 240004422 10378985 1768818468 4283942792
408.817264 240010937 10379051 1768060280 4283942734
408.825459 240018807 10379192 1767107726 4283942451
408.832232 240025308 10379423 1766321538 4283942080
408.839171 240031968 10379712 1765516813 4283941710
408.845943 240038470 10380179 1764741787 4283941428
408.853083 240045324 10381111 1763953637 4283941363
408.860059 240052021 10381791 1763142817 4283941040
408.866868 240058558 10382874 1762352614 4283940656
408.873638 240065057 10383799 1761568915 4283940281
408.880511 240071656 10384679 1760790946 4283940023
408.887299 240078172 10385501 1760052866 4283939967
408.894109 240084710 10386039 1759290932 4283939567
408.901124 240091443 10386568 1758505794 4283939092
408.907906 240097955 10387009 1757751662 4283938551
408.914678 240104456 10387302 1757012545 4283938211
408.922772 240112226 10387526 1756119181 4283938087
408.929550 240118735 10387716 1755355886 4283937638
408.936383 240125292 10387954 1754595652 4283937120
408.943141 240131779 10388153 1753846433 4283936594
408.949931 240138298 10388278 1753107485 4283936264
408.957132 240145211 10388334 1752314246 4283936139
408.964866 240152636 10388391 1751456695 4283935708
408.971633 240159132 10388428 1750705861 4283935321
408.978426 240165654 10388478 1749947129 4283934959
408.985195 240172151 10388503 1749211802 4283934807
408.991961 240178647 10388513 1748470169 4283934697
408.998996 240185430 10388537 1747680181 4283934346
409.005801 240191933 10388548 1746922430 4283934024
409.013260 240199102 10388577 1746097515 4283933724
409.020122 240205681 10388582 1745336452 4283933680
409.026923 240212210 10388611 1744560508 4283933358
409.033709 240218726 10388643 1743792504 4283932967
409.040475 240225221 10388709 1743031387 4283932565
409.047255 240231730 10388796 1742287808 4283932270
409.054048 240238250 10388907 1741550092 4283932150
409.060819 240244752 10389111 1740782708 4283931762
409.067576 240251237 10389385 1740028288 4283931334
409.074331 240257720 10389756 1739267551 4283930932
409.081079 240264198 10390376 1738520181 4283930656
409.087905 240270751 10391408 1737777960 4283930580
409.094655 240277232 10392140 1737011543 4283930223
409.101411 240283717 10393315 1736243584 4283929820
409.108163 240290200 10394150 1735479289 4283929418
409.114912 240296678 10394969 1734727341 4283929098
409.121659 240303156 10395724 1733986348 4283929034
409.128416 240309642 10396218 1733221890 4283928702
409.135394 240316341 10396716 1732434380 4283928255
409.142141 240322818 10397044 1731670158 4283927841
409.148889 240329296 10397348 1730918777 4283927509
409.155726 240335860 10397536 1730175770 4283927386
409.162489 240342352 10397734 1729418369 4283926984
409.169511 240349093 10397935 1728630612 4283926473
409.176261 240355573 10398091 1727878346 4283925975
409.183027 240362069 10398173 1727136430 4283925695
409.189775 240368547 10398206 1726401268 4283925619
409.196525 240375027 10398253 1725653360 4283925271
409.203637 240381855 10398301 1724859670 4283924872
409.210385 240388332 10398352 1724108853 4283924507
409.217133 240394811 10398366 1723373411 4283924412
409.223883 240401291 10398388 1722621171 4283924249
409.230631 240407769 10398409 1721864200 4283923919
409.237757 240414610 10398413 1721068372 4283923580
409.244506 240421088 10398422 1720312529 4283923240
409.251253 240427566 10398433 1719577448 4283923150
409.258017 240434059 10398452 1718833420 4283922959
409.264766 240440538 10398482 1718082318 4283922590
409.271893 240447381 10398548 1717286350 4283922141
409.278642 240453860 10398645 1716537170 4283921741
409.285391 240460338 10398751 1715804206 4283921643
409.292212 240466886 10398921 1715030109 4283921431
409.298962 240473367 10399188 1714212266 4283921044
409.306044 240480165 10399576 1713353444 4283920607
409.312793 240486645 10400103 1712541092 4283920239
409.319543 240493124 10401029 1711759846 4283920134
409.326291 240499603 10402008 1710988249 4283919919
409.333031 240506073 10403213 1710253380 4283919454
409.340179 240512935 10404048 1709483754 4283919010
409.346928 240519414 10404751 1708760787 4283918582
409.353677 240525893 10405459 1708004261 4283918480
409.360426 240532371 10405969 1707223134 4283918292
409.367174 240538850 10406416 1706420775 4283917922
409.374309 240545700 10406796 1705582695 4283917492
409.381032 240552154 10407050 1704817410 4283917261
409.387792 240558644 10407197 1704056476 4283917175
409.394549 240565130 10407381 1703280824 4283916742
409.401297 240571608 10407523 1702508850 4283916289
409.408442 240578467 10407669 1701694113 4283915805
409.415190 240584945 10407745 1700941062 4283915580
409.421944 240591430 10407764 1700173664 4283915513
409.428791 240598002 10407830 1699376015 4283915131
409.435553 240604494 10407883 1698590364 4283914755
409.442580 240611239 10407932 1697777855 4283914415
409.449328 240617718 10407955 1697012438 4283914255
409.456088 240624208 10407964 1696247302 4283914183
409.462847 240630696 10407981 1695468883 4283913853
409.469595 240637174 10407992 1694688101 4283913489
409.476691 240643986 10408004 1693866686 4283913119
409.483440 240650465 10408008 1693110738 4283912953
409.490200 240656955 10408025 1692377734 4283912854
409.496956 240663441 10408058 1691589658 4283912516
409.503705 240669920 10408117 1690800813 4283912166
409.510827 240676757 10408212 1689963630 4283911759
409.517575 240683235 10408337 1689191046 4283911537
409.524337 240689726 10408536 1688412361 4283911436
409.531093 240696212 10408817 1687609532 4283911065
409.537841 240702691 10409181 1686809782 4283910685
409.544959 240709523 10409821 1685981245 4283910342
409.551707 240716002 10410765 1685246317 4283910259
409.558456 240722481 10411603 1684514604 4283909966
409.565279 240729031 10412755 1683794269 4283909541
409.572030 240735512 10413539 1683081123 4283909124
409.579115 240742314 10414335 1682341187 4283908744
409.585865 240748794 10414995 1681576789 4283908683
409.592616 240755274 10415547 1680787597 4283908410
409.599364 240761752 10416014 1679995328 4283908026
409.606112 240768230 10416406 1679212725 4283907626
409.613243 240775077 10416735 1678391148 4283907263
409.619992 240781555 10416884 1677632861 4283907170
409.626743 240788037 10417011 1676847739 4283906854
409.633491 240794515 10417187 1676060422 4283906384
409.640238 240800992 10417361 1675274522 4283905919
409.647376 240807844 10417460 1674454061 4283905537
409.654124 240814322 10417484 1673702731 4283905472
409.660873 240820802 10417532 1672920692 4283905217
409.667622 240827280 10417589 1672131861 4283904855
409.674369 240833758 10417621 1671344796 4283904566
409.681506 240840609 10417653 1670521039 4283904285
409.688255 240847088 10417656 1669756784 4283904235
409.695020 240853583 10417664 1668971811 4283904017
409.701838 240860128 10417672 1668170720 4283903730
409.708586 240866606 10417678 1667378137 4283903427
409.715637 240873375 10417694 1666571963 4283903240
409.722387 240879854 10417699 1665800288 4283903190
409.729135 240886333 10417720 1665005368 4283902873
409.735884 240892812 10417779 1664209273 4283902520
409.742632 240899290 10417864 1663411688 4283902189
409.749648 240906026 10418012 1662609929 4283902043
409.756403 240912510 10418201 1661852343 4283901878
409.763158 240918995 10418475 1661124198 4283901434
409.769907 240925474 10418848 1660400314 4283900975
409.776654 240931951 10419370 1659680427 4283900570
409.783783 240938795 10420460 1658889921 4283900408
409.790537 240945279 10421415 1658103424 4283900273
409.797292 240951764 10422526 1657299423 4283899933
409.804032 240958233 10423341 1656497688 4283899568
409.810780 240964712 10424116 1655698833 4283899221
409.817915 240971562 10424913 1654899821 4283899084
409.824671 240978047 10425387 1654130889 4283898922
409.831427 240984533 10425816 1653351941 4283898508
409.838243 240991077 10426153 1652567519 4283898124
409.844992 240997556 10426464 1651789529 4283897705
409.852056 241004338 10426631 1650999728 4283897548
409.858819 241010829 10426792 1650227583 4283897361
409.865567 241017308 10426990 1649457297 4283896893
409.872314 241023784 10427190 1648686618 4283896403
409.879030 241030232 10427300 1647926048 4283896015
409.886315 241037226 10427326 1647126539 4283895950
409.893033 241043675 10427358 1646354928 4283895727
409.899783 241050155 10427408 1645579638 4283895373
409.906531 241056633 10427459 1644805130 4283895054
409.913279 241063111 10427492 1644045381 4283894818
409.920490 241070034 10427499 1643244963 4283894758
409.927240 241076514 10427511 1642466023 4283894462
409.933988 241082992 10427513 1641689828 4283894165
409.940736 241089470 10427517 1640916050 4283893846
409.947483 241095948 10427527 1640154417 4283893628
409.954614 241102793 10427533 1639351541 4283893576
409.961363 241109272 10427559 1638567839 4283893269
409.968111 241115749 10427616 1637783724 4283892901
409.974926 241122293 10427706 1636992705 4283892512
409.981688 241128784 10427870 1636225943 4283892252
409.988731 241135546 10428072 1635435456 4283892186
409.995481 241142025 10428330 1634641503 4283891817
410.002229 241148504 10428710 1633849837 4283891465
410.008978 241154982 10429236 1633054475 4283891096
410.015725 241161460 10430052 1632277288 4283890849
410.022872 241168321 10431270 1631478783 4283890816
410.029621 241174800 10432274 1630693619 4283890477
410.036370 241181279 10433036 1629912347 4283890126
410.043119 241187757 10433755 1629137151 4283889737
410.049867 241194235 10434490 1628382661 4283889475
410.056998 241201103 10435049 1627589711 4283889421
410.063773 241207586 10435449 1626813308 4283889033
410.070523 241214065 10435796 1626043585 4283888609
410.077271 241220544 10436076 1625273861 4283888172
410.084028 241227031 10436249 1624544415 4283888078
410.091118 241233837 10436408 1623751651 4283887787
410.097867 241240316 10436555 1622983981 4283887338
410.104616 241246795 10436702 1622216714 4283886843
410.111435 241253341 10436836 1621439382 4283886386
410.118183 241259820 10436863 1620687818 4283886308
410.125254 241266607 10436896 1619882578 4283886056
410.132019 241273101 10436932 1619111475 4283885706
410.138767 241279580 10436977 1618341901 4283885377
410.145515 241286057 10437020 1617573251 4283885069
410.152263 241292536 10437027 1616831647 4283885019
410.159379 241299367 10437034 1616020526 4283884819
410.166128 241305846 10437048 1615249513 4283884491
410.172876 241312324 10437057 1614476830 4283884131
410.179623 241318801 10437071 1613703482 4283883785
410.186371 241325280 10437078 1612962681 4283883706
410.193514 241332137 10437102 1612154325 4283883510
410.200262 241338615 10437166 1611375087 4283883169
410.207026 241345108 10437258 1610593774 4283882808
410.213774 241351587 10437391 1609817334 4283882460
410.220539 241358082 10437615 1609063483 4283882403
410.227957 241365204 10437932 1608214180 4283882123
410.234748 241371723 10438351 1607428640 4283881745
410.241534 241378240 10438805 1606640978 4283881370
410.248407 241384837 10439814 1605879089 4283881189
410.257063 241393149 10441266 1604894308 4283880986
410.263841 241399652 10442162 1604097387 4283880626
410.270603 241406145 10443018 1603304625 4283880247
410.277388 241412657 10443738 1602507696 4283879893
410.284148 241419147 10444417 1601749030 4283879839
410.290913 241425641 10444883 1600973258 4283879643
410.297689 241432150 10445273 1600180596 4283879264
410.304611 241438793 10445593 1599369173 4283878832
410.311381 241445292 10445913 1598575474 4283878362
410.318148 241451788 10446075 1597810449 4283878227
410.325855 241459186 10446253 1596917353 4283877910
410.332627 241465688 10446430 1596127377 4283877436
410.339408 241472197 10446596 1595337945 4283876934
410.346174 241478694 10446684 1594554527 4283876520
410.352958 241485206 10446701 1593800397 4283876472
410.360374 241492324 10446737 1592948010 4283876258
410.367141 241498820 10446793 1592158223 4283875922
410.374430 241505817 10446832 1591304735 4283875589
410.381192 241512310 10446852 1590536057 4283875471
410.388074 241518917 10446856 1589736804 4283875348
410.395114 241525678 10446858 1588910972 4283875064
410.402728 241532985 10446869 1588030624 4283874713
410.409499 241539485 10446879 1587241914 4283874384
410.416268 241545983 10446899 1586467079 4283874104
410.423088 241552532 10446908 1585703310 4283874067
410.429865 241559037 10446953 1584908512 4283873764
410.436762 241565656 10447031 1584100425 4283873418
410.445152 241573711 10447187 1583125678 4283873031
410.451921 241580210 10447407 1582361907 4283872968
410.458699 241586718 10447628 1581577560 4283872707
410.465474 241593223 10447965 1580786986 4283872323
410.472246 241599722 10448446 1579996429 4283871977
410.479162 241606362 10449186 1579188934 4283871647
410.485959 241612887 10450339 1578423429 4283871606
410.492772 241619427 10451446 1577623762 4283871379
410.499553 241625938 10452281 1576826843 4283871026
410.506325 241632438 10453034 1576034349 4283870668
410.513673 241639493 10453795 1575188716 4283870362
410.520451 241645998 10454321 1574434326 4283870319
410.527355 241652627 10454733 1573645056 4283870033
410.535059 241660024 10455099 1572757058 4283869599
410.541831 241666523 10455353 1571975845 4283869189
410.548609 241673031 10455495 1571218653 4283869077
410.555421 241679573 10455652 1570442533 4283868860
410.562186 241686064 10455840 1569668944 4283868392
410.569164 241692763 10456016 1568876274 4283867866
410.575940 241699270 10456195 1568102036 4283867355
410.582717 241705774 10456298 1567337934 4283866987
410.590058 241712823 10456316 1566529507 4283866919
410.596867 241719360 10456354 1565751948 4283866558
410.604044 241726249 10456406 1564939244 4283866199
410.611828 241733723 10456443 1564072925 4283865899
410.618600 241740221 10456448 1563330023 4283865860
410.625382 241746735 10456457 1562556553 4283865633
410.632144 241753224 10456463 1561786143 4283865310
410.638918 241759727 10456478 1561014206 4283864960
410.645923 241766452 10456488 1560222511 4283864650
410.652720 241772976 10456501 1559464779 4283864602
410.659493 241779480 10456534 1558683780 4283864349
410.666381 241786092 10456606 1557889354 4283864002
410.673142 241792582 10456712 1557109269 4283863608
410.679968 241799134 10456878 1556328034 4283863313
410.686745 241805640 10457111 1555568949 4283863238
410.693570 241812193 10457395 1554778893 4283862975
410.701068 241819393 10457846 1553895973 4283862555
410.707838 241825894 10458378 1553098854 4283862179
410.714622 241832402 10459288 1552321197 4283862021
410.721395 241838907 10460594 1551547944 4283861957
410.728182 241845421 10461463 1550744415 4283861620
410.734950 241851919 10462227 1549951159 4283861268
410.741724 241858422 10462957 1549155601 4283860911
410.749557 241865941 10463698 1548275605 4283860810
410.757098 241873180 10464188 1547406720 4283860552
410.763873 241879684 10464579 1546614865 4283860173
410.770650 241886191 10464881 1545822607 4283859774
410.777439 241892706 10465202 1545039395 4283859346
410.784205 241899203 10465307 1544290100 4283859267
410.792205 241906883 10465495 1543370357 4283858888
410.799048 241913453 10465668 1542578349 4283858282
410.807456 241921524 10465896 1541608981 4283857604
410.814221 241928020 10465983 1540851405 4283857309
410.821882 241935373 10466003 1539983312 4283857226
410.828655 241941875 10466044 1539214090 4283856856
410.835424 241948373 10466110 1538447483 4283856505
410.842894 241955544 10466165 1537596850 4283856146
410.850726 241963064 10466180 1536733444 4283856019
410.857493 241969559 10466188 1535969231 4283855876
410.864266 241976063 10466194 1535202324 4283855549
410.871069 241982593 10466206 1534433241 4283855206
410.877852 241989104 10466222 1533674888 4283854867
410.884634 241995616 10466232 1532941679 4283854748
410.893050 242003658 10466288 1532533422 4283853847
410.899836 242006723 10466288 1532222717 4283850255
410.906617 242009724 10466288 1531873869 4283847139
410.913390 242012690 10466288 1531499673 4283844218
410.920156 242015652 10466288 1531125682 4283841282
410.927995 242019109 10466288 1530692241 4283837804
410.934811 242022091 10466288 1530317845 4283834772
410.941603 242025073 10466288 1529944254 4283831694
410.948804 242028236 10466288 1529554910 4283828119
410.956149 242031457 10466288 1529168067 4283824453
410.962929 242034463 10466288 1528791901 4283821652
410.970099 242037618 10466288 1528398891 4283818472
410.976880 242040612 10466288 1528029693 4283815486
410.984712 242044050 10466288 1527617887 4283811571
410.991481 242047035 10466288 1527263868 4283808372
410.998264 242050025 10466288 1526897641 4283805336
411.005066 242053024 10466288 1526530838 4283802280
411.011933 242056033 10466288 1526170150 4283798996
411.018713 242059018 10466288 1525815926 4283795699
411.025628 242062070 10466288 1525449004 4283792660
411.032396 242065044 10466288 1525091879 4283789622
411.039167 242068018 10466288 1524734228 4283786498
411.045946 242070992 10466288 1524381633 4283783234
411.052783 242074002 10466288 1524028234 4283779928
411.059553 242076988 10466288 1523670527 4283777041
411.067595 242080527 10466288 1523243925 4283773620
411.074360 242083491 10466288 1522885850 4283770549
411.081158 242086457 10466288 1522536463 4283767139
411.088055 242089491 10466288 1522187987 4283763589
411.095917 242092966 10466288 1521775776 4283760261
411.102686 242095933 10466288 1521425755 4283757212
411.109462 242098917 10466288 1521072216 4283754189
411.116249 242101884 10466288 1520730399 4283750734
411.123037 242104891 10466288 1520379246 4283747622
411.129802 242107870 10466288 1520027781 4283744534
411.136730 242110914 10466288 1519670177 4283741377
411.143511 242113893 10466288 1519322710 4283738364
411.150280 242116842 10466288 1518986614 4283734908
411.157050 242119841 10466288 1518640595 4283732014
411.163824 242122838 10466288 1518285411 4283729038
411.170600 242125823 10466288 1517930844 4283725831
411.177386 242128813 10466288 1517571859 4283722702
411.184152 242131780 10466288 1517231719 4283718946
411.190937 242134810 10466288 1516874719 4283716021
411.197713 242137804 10466288 1516517799 4283713028
411.204830 242140952 10466288 1516144577 4283709777
411.211596 242143918 10466288 1515796896 4283706504
411.218373 242146883 10466288 1515460344 4283702919
411.225807 242150169 10466288 1515070659 4283699888
411.232589 242153166 10466288 1514714197 4283696842
411.239376 242156150 10466288 1514359291 4283693819
411.246157 242159118 10466288 1514012677 4283690516
411.253479 242162341 10466288 1513641611 4283686998
411.260510 242165449 10466288 1513278153 4283684007
411.267279 242168429 10466288 1512928305 4283680918
411.274069 242171408 10466288 1512577906 4283677883
411.280843 242174372 10466288 1512233915 4283674649
411.287614 242177357 10466288 1511888974 4283671240
411.294740 242180500 10466288 1511516665 4283668216
411.301527 242183473 10466288 1511165697 4283665236
411.309636 242187043 10466288 1510742382 4283661634
411.316419 242190005 10466288 1510398575 4283658124
411.323187 242192993 10466288 1510051546 4283654961
411.330092 242196042 10466288 1509687872 4283651997
411.337725 242199392 10466288 1509287802 4283648535
411.344499 242202367 10466288 1508933315 4283645468
411.351280 242205320 10466288 1508587698 4283642153
411.358502 242208511 10466288 1508212938 4283638861
411.365654 242211665 10466288 1507839502 4283635623
411.372428 242214641 10466288 1507484855 4283632593
411.379952 242217944 10466288 1507101012 4283628765
411.386733 242220933 10466288 1506755794 4283625524
411.393504 242223945 10466288 1506392200 4283622874
411.400383 242226974 10466288 1506030697 4283619898
411.407146 242229953 10466288 1505673277 4283616826
411.413969 242232939 10466288 1505321754 4283613318
411.421345 242236202 10466288 1504945549 4283609779
411.428121 242239221 10466288 1504581656 4283606876
411.434889 242242187 10466288 1504226039 4283603714
411.441695 242245186 10466288 1503868160 4283600578
411.448474 242248146 10466288 1503522352 4283597029
411.455249 242251139 10466288 1503173539 4283593898
411.462039 242254153 10466288 1502812191 4283591046
411.469375 242257364 10466288 1502430131 4283587707
411.476151 242260333 10466288 1502079816 4283584675
411.483049 242263339 10466288 1501736923 4283581133
411.489819 242266336 10466288 1501393780 4283578012
411.496886 242269438 10466288 1501030687 4283574856
411.505221 242273091 10466288 1500604077 4283571120
411.513057 242276531 10466288 1500207004 4283567302
411.519834 242279513 10466288 1499862721 4283564075
411.526618 242282505 10466288 1499513767 4283560972
411.533389 242285475 10466288 1499169144 4283557962
411.540166 242288460 10466288 1498823327 4283554980
411.546959 242291418 10466288 1498488857 4283551336
411.553724 242294402 10466288 1498147644 4283548173
411.562247 242298159 10466288 1497711759 4283544409
411.569084 242301167 10466288 1497362176 4283541417
411.577117 242304684 10466288 1496952062 4283537775
411.583900 242307653 10466288 1496612475 4283534349
411.590696 242310643 10466288 1496268584 4283531044
411.597464 242313616 10466288 1495924937 4283527995
411.604247 242316594 10466288 1495579324 4283524964
411.611044 242319592 10466288 1495229521 4283521886
411.617831 242322558 10466288 1494893275 4283518406
411.624717 242325611 10466288 1494538283 4283515303
411.631513 242328608 10466288 1494184583 4283512122
411.638296 242331601 10466288 1493830918 4283509061
411.646099 242335036 10466288 1493424480 4283505358
411.652888 242338005 10466288 1493091302 4283501823
411.659661 242341010 10466288 1492737860 4283498693
411.668277 242344814 10466288 1492292257 4283494844
411.675075 242347815 10466288 1491938414 4283491708
411.681861 242350792 10466288 1491598859 4283488296
411.688664 242353815 10466288 1491245510 4283485176
411.695439 242356801 10466288 1490896038 4283482032
411.702628 242359975 10466288 1490528793 4283478676
411.709395 242362947 10466288 1490183176 4283475650
411.716242 242365955 10466288 1489839280 4283472319
411.723053 242368963 10466288 1489499381 4283469052
411.729828 242371948 10466288 1489157006 4283465917
411.737844 242375478 10466288 1488752123 4283462387
411.744626 242378457 10466288 1488411018 4283459144
411.751391 242381408 10466288 1488072184 4283455483
411.758173 242384392 10466288 1487703188 4283452663
411.765503 242387607 10466288 1487304250 4283449421
411.772323 242390611 10466288 1486930581 4283446322
411.779055 242393628 10466288 1486567014 4283443676
411.788038 242397602 10466288 1486102019 4283439599
411.794811 242400584 10466288 1485749866 4283436560
411.801576 242403549 10466288 1485397026 4283433604
411.808352 242406532 10466288 1485042975 4283430545
411.815241 242409543 10466288 1484692915 4283427087
411.822275 242412631 10466288 1484335780 4283423609
411.829384 242415782 10466288 1483961119 4283420559
411.836435 242418881 10466288 1483595065 4283417458
411.843239 242421870 10466288 1483236964 4283414391
411.850822 242425189 10466288 1482847253 4283410479
411.857907 242428325 10466288 1482475897 4283407168
411.864685 242431305 10466288 1482116230 4283404045
411.872142 242434572 10466288 1481719710 4283400717
411.878916 242437538 10466288 1481366995 4283397218
411.885700 242440515 10466288 1481022931 4283393773
411.892476 242443512 10466288 1480653425 4283390985
411.899237 242446495 10466288 1480285273 4283387991
411.905994 242449453 10466288 1479922361 4283384960
411.912775 242452428 10466288 1479564881 4283381600
411.919524 242455396 10466288 1479216233 4283378195
411.926358 242458422 10466288 1478850252 4283375305
411.933106 242461396 10466288 1478489882 4283372335
411.939853 242464367 10466288 1478127987 4283369295
411.946608 242467324 10466288 1477772940 4283366091
411.953355 242470292 10466288 1477425833 4283362785
411.960107 242473267 10466288 1477067081 4283359835
411.966855 242476233 10466288 1476707687 4283356791
411.973603 242479206 10466288 1476349986 4283353817
411.980352 242482152 10466288 1476000450 4283350467
411.987100 242485125 10466288 1475657557 4283347191
411.993853 242488114 10466288 1475296318 4283344126
412.000600 242491073 10466288 1474936336 4283341119
412.007353 242494032 10466288 1474575450 4283338022
412.014102 242496967 10466288 1474228443 4283334329
412.020852 242499964 10466288 1473867320 4283331355
412.027630 242502944 10466288 1473503564 4283328296
412.034382 242505907 10466288 1473145422 4283325273
412.041129 242508865 10466288 1472788553 4283322217
412.047877 242511821 10466288 1472441175 4283318827
412.054624 242514786 10466288 1472095557 4283315544
412.061437 242517805 10466288 1471725935 4283312710
412.068186 242520772 10466288 1471364052 4283309776
412.074940 242523745 10466288 1471000243 4283306776
412.081686 242526691 10466288 1470647661 4283303291
412.088434 242529668 10466288 1470290928 4283300209
412.095180 242532629 10466288 1469927026 4283297123
412.101927 242535591 10466288 1469561400 4283294064
412.108718 242538584 10466288 1469189684 4283290984
412.115466 242541535 10466288 1468836252 4283287636
412.122212 242544521 10466288 1468478132 4283284486
412.128960 242547491 10466288 1468109104 4283281509
412.135707 242550473 10466288 1467740734 4283278454
412.142453 242553441 10466288 1467377249 4283275376
412.149209 242556403 10466288 1467025458 4283272161
412.156182 242559482 10466288 1466662309 4283268788
412.162929 242562452 10466288 1466306333 4283265738
412.169677 242565417 10466288 1465950097 4283262648
412.176424 242568382 10466288 1465593210 4283259671
412.183173 242571340 10466288 1465245126 4283256394
412.189920 242574329 10466288 1464891606 4283253120
412.196726 242577329 10466288 1464529813 4283250133
412.203476 242580300 10466288 1464171979 4283247052
412.210222 242583245 10466288 1463822585 4283243923
412.216970 242586198 10466288 1463480582 4283240490
412.223717 242589193 10466288 1463125139 4283237704
412.230464 242592158 10466288 1462766634 4283234810
412.237210 242595113 10466288 1462409539 4283231920
412.243958 242598070 10466288 1462052308 4283228668
412.250706 242601021 10466288 1461702861 4283224995
412.257452 242603992 10466288 1461339423 4283222090
412.264199 242606955 10466288 1460974180 4283219054
412.270953 242609916 10466288 1460607524 4283216122
412.277706 242612871 10466288 1460245402 4283213205
412.284453 242615825 10466288 1459897601 4283209534
412.291200 242618810 10466288 1459553012 4283206730
412.297947 242621765 10466288 1459197594 4283203648
412.304694 242624728 10466288 1458833167 4283200659
412.311441 242627686 10466288 1458468761 4283197665
412.318187 242630644 10466288 1458121700 4283194067
412.324934 242633618 10466288 1457767218 4283191050
412.331760 242636614 10466288 1457403603 4283188061
412.338506 242639584 10466288 1457039866 4283185118
412.345253 242642535 10466288 1456678538 4283182063
412.352430 242645683 10466288 1456309695 4283178325
412.359177 242648669 10466288 1455948126 4283175466
412.365925 242651641 10466288 1455585734 4283172513
412.372674 242654605 10466288 1455227322 4283169428
412.379426 242657571 10466288 1454867455 4283166317
412.386172 242660527 10466288 1454522669 4283162775
412.392918 242663509 10466288 1454169646 4283159657
412.399665 242666475 10466288 1453809939 4283156520
412.406412 242669435 10466288 1453449694 4283153559
412.413159 242672396 10466288 1453091273 4283150547
412.419905 242675348 10466288 1452744576 4283147063
412.426658 242678336 10466288 1452386794 4283144005
412.433406 242681310 10466288 1452025415 4283141008
412.440155 242684281 10466288 1451665983 4283137975
412.446905 242687226 10466288 1451321112 4283134583
412.453657 242690193 10466288 1450972555 4283131349
412.460404 242693177 10466288 1450609658 4283128482
412.467215 242696168 10466288 1450247864 4283125567
412.473963 242699125 10466288 1449888248 4283122504
412.480709 242702069 10466288 1449536983 4283119088
412.487456 242705036 10466288 1449188326 4283115707
412.494202 242708021 10466288 1448825967 4283113093
412.500950 242710972 10466288 1448467418 4283110192
412.507696 242713940 10466288 1448106328 4283107130
412.514451 242716882 10466288 1447753606 4283103879
412.521198 242719845 10466288 1447404975 4283100416
412.527948 242722823 10466288 1447039896 4283097583
412.534697 242725784 10466288 1446676689 4283094617
412.541445 242728755 10466288 1446312275 4283091540
412.548204 242731714 10466288 1445952808 4283088342
412.554950 242734689 10466288 1445605272 4283084759
412.561697 242737663 10466288 1445248997 4283081840
412.568444 242740630 10466288 1444888550 4283078778
412.575191 242743594 10466288 1444527886 4283075672
412.581937 242746552 10466288 1444176060 4283072411
412.588686 242749538 10466288 1443826494 4283069188
412.595434 242752520 10466288 1443470943 4283066137
412.602240 242755515 10466288 1443112348 4283063077
412.608988 242758485 10466288 1442759440 4283060034
412.615734 242761435 10466288 1442425284 4283056393
412.622487 242764419 10466288 1442077610 4283053462
412.629239 242767385 10466288 1441728263 4283050478
412.635985 242770358 10466288 1441379174 4283047454
412.642732 242773328 10466288 1441029907 4283044403
412.649480 242776284 10466288 1440692566 4283040710
412.656227 242779269 10466288 1440345715 4283037671
412.662981 242782239 10466288 1439997376 4283034670
412.669731 242785210 10466288 1439649989 4283031662
412.676484 242788169 10466288 1439306589 4283028636
412.683231 242791118 10466288 1438973223 4283025135
412.689978 242794099 10466288 1438628114 4283022125
412.696725 242797061 10466288 1438281912 4283019253
412.703471 242800023 10466288 1437938164 4283016365
412.710228 242802994 10466288 1437591460 4283013515
412.716976 242805950 10466288 1437253586 4283010070
412.723724 242808932 10466288 1436912235 4283006788
412.730471 242811896 10466288 1436571234 4283003776
412.737277 242814869 10466288 1436225445 4283000732
412.744029 242817840 10466288 1435880539 4282997757
412.750776 242820795 10466288 1435541779 4282994445
412.757525 242823786 10466288 1435194119 4282991220
412.764272 242826758 10466288 1434842609 4282988150
412.771031 242829724 10466288 1434491547 4282985112
412.777779 242832678 10466288 1434141135 4282981978
412.784527 242835616 10466288 1433803589 4282978495
412.791275 242838620 10466288 1433449361 4282975728
412.798030 242841591 10466288 1433094875 4282972753
412.804779 242844555 10466288 1432740004 4282969690
412.811527 242847523 10466288 1432386722 4282966441
412.818276 242850488 10466288 1432046981 4282962871
412.825027 242853487 10466288 1431688705 4282959997
412.831775 242856468 10466288 1431328376 4282956939
412.838529 242859445 10466288 1430968968 4282953952
412.845276 242862409 10466288 1430611187 4282950862
412.852039 242865369 10466288 1430267028 4282947351
412.858787 242868350 10466288 1429908784 4282944349
412.865536 242871316 10466288 1429549735 4282941323
412.872352 242874322 10466288 1429186198 4282938220
412.879099 242877290 10466288 1428828356 4282935240
412.885847 242880239 10466288 1428490046 4282931688
412.892600 242883216 10466288 1428144654 4282928810
412.899355 242886182 10466288 1427784979 4282925885
412.906106 242889150 10466288 1427424824 4282922952
412.912856 242892122 10466288 1427064248 4282920001
412.919905 242895212 10466288 1426699358 4282916365
412.926653 242898199 10466288 1426338921 4282913596
412.933403 242901152 10466288 1425981271 4282910573
412.940152 242904107 10466288 1425622788 4282907571
412.946899 242907071 10466288 1425263285 4282904582
412.953648 242910023 10466288 1424917381 4282901133
412.960396 242913006 10466288 1424561257 4282898106
412.967148 242915974 10466288 1424196161 4282895206
412.973894 242918951 10466288 1423831022 4282892169
412.980642 242921881 10466288 1423482471 4282888651
412.987389 242924878 10466288 1423123039 4282885730
412.994136 242927845 10466288 1422761165 4282882805
413.000884 242930809 10466288 1422400777 4282879804
413.007701 242933802 10466288 1422036676 4282876719
413.014450 242936752 10466288 1421684766 4282873160
413.021198 242939710 10466288 1421333414 4282869896
413.027946 242942689 10466288 1420966857 4282867088
413.034700 242945659 10466288 1420600231 4282864110
413.041447 242948620 10466288 1420234328 4282861091
413.048193 242951572 10466288 1419879735 4282857795
413.054941 242954537 10466288 1419532574 4282854444
413.061689 242957530 10466288 1419159689 4282851661
413.068438 242960494 10466288 1418790547 4282848620
413.075185 242963463 10466288 1418420951 4282845642
413.081939 242966418 10466288 1418059024 4282842283
413.088689 242969389 10466288 1417702267 4282838925
413.095437 242972372 10466288 1417336176 4282836160
413.102186 242975333 10466288 1416975340 4282833172
413.108935 242978295 10466288 1416613914 4282830184
413.116180 242981469 10466288 1416234906 4282826642
413.122928 242984437 10466288 1415886878 4282823243
413.129677 242987423 10466288 1415524686 4282820420
413.136425 242990393 10466288 1415167523 4282817424
413.143239 242993390 10466288 1414806318 4282814397
413.149991 242996340 10466288 1414461705 4282810942
413.156747 242999324 10466288 1414110409 4282807866
413.163495 243002299 10466288 1413755437 4282804881
413.170242 243005256 10466288 1413397509 4282801757
413.176989 243008228 10466288 1413037741 4282798864
413.183736 243011177 10466288 1412690594 4282795458
413.190488 243014161 10466288 1412332239 4282792326
413.197235 243017136 10466288 1411970390 4282789325
413.203985 243020107 10466288 1411610441 4282786293
413.210734 243023076 10466288 1411249520 4282783231
413.217484 243026025 10466288 1410903871 4282779457
413.224232 243029012 10466288 1410546555 4282776490
413.230981 243031984 10466288 1410184336 4282773513
413.237732 243034965 10466288 1409820760 4282770528
413.244479 243037919 10466288 1409461060 4282767492
413.251227 243040859 10466288 1409116583 4282763882
413.257976 243043847 10466288 1408760413 4282760992
413.264724 243046805 10466288 1408397337 4282757987
413.271473 243049774 10466288 1408032291 4282754898
413.278283 243052770 10466288 1407664453 4282751835
413.285038 243055723 10466288 1407315689 4282748186
413.291791 243058717 10466288 1406956211 4282745077
413.298541 243061687 10466288 1406593510 4282741994
413.305290 243064653 10466288 1406232727 4282738909
413.312032 243067625 10466288 1405872665 4282735840
413.318781 243070575 10466288 1405534533 4282732253
413.325530 243073557 10466288 1405182276 4282729249
413.332279 243076525 10466288 1404823860 4282726223
413.339032 243079489 10466288 1404466952 4282723152
413.345780 243082444 10466288 1404118880 4282719922
413.352529 243085424 10466288 1403770434 4282716698
413.359282 243088397 10466288 1403417813 4282713729
413.366030 243091363 10466288 1403067304 4282710729
413.372778 243094323 10466288 1402715894 4282707710
413.379525 243097271 10466288 1402366399 4282704468
413.386278 243100239 10466288 1402019229 4282701180
413.393030 243103253 10466288 1401657474 4282698402
413.399786 243106227 10466288 1401302460 4282695362
413.406537 243109192 10466288 1400947884 4282692427
413.413348 243112178 10466288 1400594060 4282689229
413.420096 243115127 10466288 1400254747 4282685681
413.426850 243118122 10466288 1399895819 4282682936
413.433597 243121086 10466288 1399537094 4282680002
413.440594 243124160 10466288 1399164916 4282676934
413.447364 243127130 10466288 1398806480 4282673644
413.454135 243130096 10466288 1398461098 4282670113
413.463520 243134251 10466288 1397964217 4282666130
413.470331 243137250 10466288 1397608356 4282663129
413.477097 243140232 10466288 1397253693 4282660152
413.483864 243143188 10466288 1396912784 4282656590
413.490651 243146186 10466288 1396556096 4282653474
413.498056 243149448 10466288 1396161387 4282650118
413.504844 243152456 10466288 1395796866 4282646988
413.511630 243155424 10466288 1395443892 4282643708
413.518401 243158388 10466288 1395103627 4282640295
413.526289 243161883 10466288 1394688925 4282636752
413.533067 243164858 10466288 1394332961 4282633615
413.539860 243167858 10466288 1393976775 4282630530
413.546651 243170834 10466288 1393629698 4282627244
413.553521 243173860 10466288 1393282300 4282623695
413.560296 243176852 10466288 1392931978 4282620708
413.567059 243179825 10466288 1392586508 4282617693
413.573841 243182817 10466288 1392239336 4282614579
413.580923 243185928 10466288 1391882810 4282611247
413.587818 243188967 10466288 1391537839 4282607785
413.594600 243191971 10466288 1391184211 4282604947
413.601363 243194940 10466288 1390838183 4282601858
413.608131 243197917 10466288 1390493103 4282598788
413.615609 243201199 10466288 1390117505 4282595129
413.622383 243204169 10466288 1389784069 4282591660
413.629151 243207165 10466288 1389407273 4282589024
413.635948 243210137 10466288 1389032416 4282585934
413.642720 243213107 10466288 1388659630 4282582965
413.649773 243216196 10466288 1388280155 4282579467
413.656712 243219245 10466288 1387912010 4282575895
413.663480 243222245 10466288 1387538050 4282573165
413.670379 243225263 10466288 1387162977 4282570183
413.677146 243228215 10466288 1386797196 4282567110
413.684920 243231602 10466288 1386406852 4282563012
413.691844 243234677 10466288 1386056147 4282560032
413.698623 243237660 10466288 1385726142 4282556855
413.705403 243240655 10466288 1385395700 4282553739
413.712587 243243797 10466288 1385052365 4282550151
413.719361 243246773 10466288 1384696973 4282546946
413.726133 243249761 10466288 1384329397 4282543806
413.732913 243252739 10466288 1383958670 4282540682
413.741221 243256393 10466288 1383503083 4282536828
413.748031 243259372 10466288 1383142385 4282533322
413.754807 243262345 10466288 1382789110 4282529940
413.761588 243265353 10466288 1382415832 4282527165
413.768428 243268357 10466288 1382044901 4282524108
413.775207 243271337 10466288 1381676889 4282521045
413.782065 243274341 10466288 1381317738 4282517577
413.788850 243277314 10466288 1380967919 4282514176
413.795623 243280300 10466288 1380628196 4282511313
413.802395 243283285 10466288 1380297471 4282508157
413.809175 243286277 10466288 1379968957 4282505106
413.816275 243289379 10466288 1379614783 4282501506
413.823901 243292746 10466288 1379208367 4282498096
413.830788 243295780 10466288 1378837235 4282495076
413.837567 243298758 10466288 1378474258 4282492046
413.844331 243301730 10466288 1378113666 4282488954
413.852304 243305226 10466288 1377701220 4282484908
413.859077 243308214 10466288 1377359397 4282481979
413.865860 243311187 10466288 1377005482 4282478983
413.872644 243314168 10466288 1376639923 4282476038
413.879933 243317353 10466288 1376254166 4282472430
413.886695 243320338 10466288 1375896432 4282468947
413.893464 243323323 10466288 1375528988 4282466233
413.900233 243326295 10466288 1375164355 4282463172
413.907042 243329272 10466288 1374797417 4282460125
413.913843 243332248 10466288 1374438687 4282456765
413.920645 243335237 10466288 1374088818 4282453366
413.927747 243338383 10466288 1373704501 4282450525
413.934572 243341379 10466288 1373340495 4282447394
413.941354 243344355 10466288 1372977691 4282444301
413.948283 243347374 10466288 1372616607 4282440844
413.955082 243350358 10466288 1372274106 4282437338
413.961850 243353359 10466288 1371907540 4282434504
413.968735 243356398 10466288 1371535751 4282431342
413.975512 243359401 10466288 1371169210 4282428361
413.982947 243362654 10466288 1370781589 4282424610
413.989724 243365639 10466288 1370429424 4282421321
413.996491 243368641 10466288 1370063891 4282418535
414.003880 243371893 10466288 1369669197 4282415286
414.010839 243374956 10466288 1369301063 4282412129
414.017633 243377925 10466288 1368953439 4282408649
414.024688 243381049 10466288 1368589013 4282405371
414.031457 243384025 10466288 1368233924 4282402292
414.038503 243387128 10466288 1367862249 4282399136
414.045294 243390100 10466288 1367513547 4282395872
414.052191 243393144 10466288 1367155376 4282392474
414.059537 243396371 10466288 1366766254 4282389170
414.066301 243399342 10466288 1366406926 4282386184
414.073054 243402301 10466288 1366047130 4282383258
414.079846 243405272 10466288 1365688738 4282379992
414.086614 243408242 10466288 1365339654 4282376527
414.093643 243411347 10466288 1364963612 4282373497
414.100417 243414326 10466288 1364601471 4282370568
414.107360 243417376 10466288 1364231954 4282367518
414.114712 243420587 10466288 1363846309 4282363802
414.121492 243423567 10466288 1363497343 4282360301
414.128263 243426571 10466288 1363130108 4282357676
414.135050 243429555 10466288 1362765488 4282354652
414.142029 243432626 10466288 1362390104 4282351607
414.148982 243435655 10466288 1362024391 4282348066
414.155761 243438636 10466288 1361668486 4282344720
414.162557 243441630 10466288 1361297431 4282341931
414.169334 243444597 10466288 1360932453 4282338871
414.176102 243447578 10466288 1360563956 4282335946
414.182984 243450582 10466288 1360200491 4282332461
414.189764 243453553 10466288 1359849007 4282329198
414.197666 243457038 10466288 1359418082 4282326001
414.204438 243460016 10466288 1359048281 4282322869
414.211224 243462987 10466288 1358681994 4282319555
414.218035 243465960 10466288 1358328560 4282316065
414.225073 243469087 10466288 1357970526 4282313031
414.231852 243472075 10466288 1357637864 4282310052
414.238625 243475047 10466288 1357279266 4282307067
414.245501 243478046 10466288 1356914103 4282303849
414.253830 243481696 10466288 1356483427 4282299450
414.260614 243484703 10466288 1356113729 4282296662
414.267400 243487693 10466288 1355749896 4282293745
414.274285 243490714 10466288 1355381175 4282290717
414.281054 243493674 10466288 1355028110 4282287350
414.287843 243496658 10466288 1354685563 4282283932
414.294625 243499652 10466288 1354324303 4282281084
414.301653 243502730 10466288 1353952195 4282278041
414.308473 243505729 10466288 1353589555 4282275010
414.316070 243509035 10466288 1353197625 4282271068
414.322855 243512035 10466288 1352839152 4282268010
414.329631 243515012 10466288 1352474499 4282264999
414.336437 243517991 10466288 1352110922 4282261955
414.343206 243520962 10466288 1351748461 4282259042
414.350058 243523944 10466288 1351392768 4282255412
414.356862 243526938 10466288 1351040790 4282252311
414.363638 243529922 10466288 1350669513 4282249310
414.370410 243532885 10466288 1350302401 4282246259
414.377224 243535878 10466288 1349930182 4282243254
414.384113 243538877 10466288 1349570126 4282239503
414.390917 243541893 10466288 1349202741 4282236655
414.397709 243544877 10466288 1348831738 4282233649
414.404501 243547861 10466288 1348460697 4282230634
414.411270 243550823 10466288 1348094833 4282227467
414.418121 243553835 10466288 1347738429 4282223858
414.424901 243556821 10466288 1347370592 4282220951
414.431681 243559798 10466288 1346998830 4282217968
414.438457 243562775 10466288 1346625514 4282214982
414.445234 243565744 10466288 1346255099 4282211799
414.452050 243568714 10466288 1345903277 4282208087
414.459240 243571875 10466288 1345520418 4282205032
414.466038 243574862 10466288 1345153909 4282201935
414.472816 243577850 10466288 1344789887 4282199012
414.479590 243580823 10466288 1344429936 4282195908
414.487716 243584397 10466288 1344009306 4282191821
414.494485 243587389 10466288 1343645669 4282188918
414.501274 243590377 10466288 1343286197 4282185832
414.508093 243593377 10466288 1342923813 4282182625
414.515103 243596449 10466288 1342554562 4282179270
414.521997 243599474 10466288 1342203451 4282175781
414.528804 243602463 10466288 1341847073 4282172885
414.535586 243605441 10466288 1341491002 4282169832
414.542361 243608412 10466288 1341137075 4282166795
414.549176 243611403 10466288 1340784969 4282163592
414.557164 243614911 10466288 1340375022 4282159476
414.563949 243617904 10466288 1340016252 4282156596
414.570722 243620874 10466288 1339660649 4282153568
414.577527 243623852 10466288 1339305991 4282150361
414.584305 243626824 10466288 1338963444 4282146781
414.591191 243629863 10466288 1338599656 4282143737
414.597978 243632840 10466288 1338245257 4282140679
414.604824 243635845 10466288 1337886364 4282137567
414.611595 243638809 10466288 1337532057 4282134514
414.618376 243641774 10466288 1337191245 4282130978
414.627059 243645617 10466288 1336729761 4282127101
414.633835 243648589 10466288 1336366157 4282124013
414.640621 243651577 10466288 1336002041 4282120973
414.647523 243654591 10466288 1335638742 4282117588
414.654300 243657575 10466288 1335285454 4282114156
414.661171 243660613 10466288 1334909891 4282111282
414.667967 243663598 10466288 1334539360 4282108213
414.675644 243666972 10466288 1334118724 4282104791
414.682428 243669944 10466288 1333759976 4282101356
414.689197 243672923 10466288 1333406270 4282097978
414.695988 243675931 10466288 1333034144 4282095170
414.702955 243679000 10466288 1332658694 4282092144
414.709746 243681991 10466288 1332291183 4282089094
414.716530 243684957 10466288 1331937260 4282085616
414.723310 243687929 10466288 1331593805 4282082200
414.730794 243691230 10466288 1331199775 4282079159
414.737574 243694208 10466288 1330849500 4282076089
414.744345 243697174 10466288 1330501114 4282072877
414.751124 243700147 10466288 1330160213 4282069312
414.757909 243703142 10466288 1329805801 4282066525
414.764768 243706139 10466288 1329450776 4282063494
414.771541 243709100 10466288 1329099624 4282060528
414.778354 243712081 10466288 1328750294 4282057270
414.785127 243715043 10466288 1328413296 4282053746
414.791903 243718043 10466288 1328061341 4282050924
414.798902 243721108 10466288 1327703556 4282047796
414.805672 243724081 10466288 1327356088 4282044734
414.812451 243727051 10466288 1327009754 4282041500
414.819231 243730020 10466288 1326674300 4282037936
414.826070 243733037 10466288 1326318802 4282034956
414.832974 243736064 10466288 1325960098 4282031821
414.841168 243739657 10466288 1325535799 4282028000
414.847997 243742658 10466288 1325186284 4282024609
414.854801 243745636 10466288 1324843402 4282021116
414.861586 243748637 10466288 1324486418 4282018153
414.868374 243751617 10466288 1324133413 4282014940
414.875146 243754591 10466288 1323780315 4282011860
414.882199 243757681 10466288 1323416269 4282008476
414.890099 243761152 10466288 1323019207 4282004498
414.896930 243764172 10466288 1322659292 4282001499
414.903712 243767158 10466288 1322301809 4281998313
414.910509 243770146 10466288 1321943937 4281995055
414.917275 243773105 10466288 1321604116 4281991361
414.924058 243776115 10466288 1321252429 4281988270
414.931105 243779211 10466288 1320885981 4281984987
414.938034 243782255 10466288 1320528056 4281981822
414.944806 243785213 10466288 1320181467 4281978619
414.953773 243789153 10466288 1319730740 4281973891
414.960553 243792146 10466288 1319373744 4281971039
414.967326 243795116 10466288 1319024554 4281967933
414.974091 243798079 10466288 1318676557 4281964754
414.980864 243801036 10466288 1318337964 4281961185
414.987650 243804016 10466288 1318001685 4281957641
414.994443 243807009 10466288 1317654425 4281954845
415.002983 243810744 10466288 1317222792 4281951063
415.009751 243813705 10466288 1316881498 4281948003
415.016518 243816667 10466288 1316543593 4281944602
415.023290 243819658 10466288 1316197964 4281941351
415.030119 243822654 10466288 1315850384 4281938284
415.036910 243825626 10466288 1315508006 4281935130
415.043687 243828601 10466288 1315162885 4281932037
415.050485 243831573 10466288 1314821234 4281928637
415.058449 243835090 10466288 1314413421 4281924781
415.065572 243838217 10466288 1314041806 4281921639
415.072338 243841195 10466288 1313687354 4281918585
415.079203 243844198 10466288 1313331545 4281915345
415.086055 243847193 10466288 1312989418 4281911686
415.092834 243850189 10466288 1312629542 4281908824
415.099768 243853245 10466288 1312258728 4281905640
415.106533 243856222 10466288 1311898377 4281902515
415.113861 243859420 10466288 1311520237 4281898635
415.120632 243862397 10466288 1311168028 4281895542
415.128114 243865686 10466288 1310763257 4281892090
415.134938 243868684 10466288 1310394909 4281888990
415.141715 243871648 10466288 1310032953 4281885767
415.150877 243875663 10466288 1309557196 4281881313
415.157654 243878653 10466288 1309198580 4281878133
415.164425 243881632 10466288 1308833525 4281875074
415.171196 243884611 10466288 1308469360 4281872045
415.177992 243887600 10466288 1308104083 4281868893
415.184793 243890576 10466288 1307753560 4281865368
415.191567 243893594 10466288 1307390209 4281862375
415.198649 243896701 10466288 1307017719 4281859288
415.205427 243899681 10466288 1306664542 4281856294
415.212878 243902959 10466288 1306273027 4281852958
415.220058 243906089 10466288 1305915913 4281849186
415.226839 243909090 10466288 1305560231 4281846249
415.233612 243912067 10466288 1305204838 4281843166
415.240457 243915070 10466288 1304846597 4281839967
415.247241 243918035 10466288 1304493590 4281836903
415.254033 243920996 10466288 1304152585 4281833375
415.260836 243924001 10466288 1303796093 4281830440
415.267629 243926972 10466288 1303440609 4281827401
415.274434 243929952 10466288 1303081363 4281824281
415.282235 243933359 10466288 1302682262 4281820187
415.289058 243936380 10466288 1302320493 4281817118
415.297637 243940153 10466288 1301862925 4281813171
415.304491 243943159 10466288 1301495915 4281810092
415.311263 243946141 10466288 1301130574 4281806907
415.318116 243949130 10466288 1300784321 4281803274
415.324909 243952131 10466288 1300427120 4281800444
415.331694 243955117 10466288 1300065201 4281797297
415.338454 243958092 10466288 1299703611 4281794257
415.345208 243961066 10466288 1299343313 4281791231
415.351965 243964027 10466288 1298999553 4281787707
415.358832 243967060 10466288 1298637778 4281784627
415.365581 243970019 10466288 1298283978 4281781605
415.372329 243972978 10466288 1297929963 4281778430
415.379041 243975939 10466288 1297575813 4281775372
415.385794 243978894 10466288 1297238735 4281771827
415.392542 243981868 10466288 1296889878 4281768578
415.399296 243984851 10466288 1296532924 4281765432
415.406026 243987813 10466288 1296180789 4281762334
415.412774 243990780 10466288 1295832018 4281759340
415.419522 243993729 10466288 1295496465 4281755956
415.426276 243996733 10466288 1295147887 4281752858
415.433032 243999697 10466288 1294805463 4281749750
415.439779 244002666 10466288 1294460122 4281746661
415.446525 244005626 10466288 1294118957 4281743367
415.453273 244008572 10466288 1293783997 4281739918
415.460030 244011558 10466288 1293435358 4281736937
415.466778 244014520 10466288 1293089424 4281734003
415.473525 244017484 10466288 1292745961 4281730989
415.480272 244020428 10466288 1292411609 4281727465
415.487028 244023396 10466288 1292075753 4281724100
415.493855 244026410 10466288 1291719370 4281721335
415.500613 244029390 10466288 1291371698 4281718293
415.507360 244032353 10466288 1291024541 4281715214
415.514107 244035294 10466288 1290686291 4281711846
415.520861 244038260 10466288 1290348571 4281708503
415.527609 244041236 10466288 1290002034 4281705705
415.534357 244044202 10466288 1289655506 4281702620
415.541105 244047171 10466288 1289308033 4281699539
415.548184 244050261 10466288 1288950646 4281696043
415.554931 244053233 10466288 1288607609 4281692717
415.561678 244056215 10466288 1288248809 4281689855
415.568425 244059171 10466288 1287893565 4281686861
415.575171 244062135 10466288 1287536059 4281683770
415.581918 244065098 10466288 1287183890 4281680602
415.588667 244068071 10466288 1286843338 4281677136
415.595417 244071049 10466288 1286486320 4281674149
415.602165 244074016 10466288 1286125930 4281671138
415.608912 244076989 10466288 1285765857 4281668111
415.615660 244079943 10466288 1285414824 4281664832
415.622412 244082922 10466288 1285064282 4281661487
415.629226 244085937 10466288 1284703274 4281658440
415.635977 244088903 10466288 1284349835 4281655406
415.642725 244091876 10466288 1283995239 4281652366
415.649473 244094820 10466288 1283657312 4281648734
415.656220 244097821 10466288 1283303407 4281645745
415.662972 244100800 10466288 1282948834 4281642801
415.669719 244103762 10466288 1282594138 4281639829
415.676467 244106725 10466288 1282240380 4281636893
415.683212 244109670 10466288 1281901243 4281633265
415.689960 244112653 10466288 1281549419 4281630317
415.696714 244115614 10466288 1281193542 4281627344
415.703463 244118581 10466288 1280837534 4281624485
415.710211 244121537 10466288 1280482688 4281621526
415.716961 244124492 10466288 1280134627 4281618158
415.723709 244127467 10466288 1279779892 4281615019
415.730457 244130414 10466288 1279422283 4281611891
415.737206 244133367 10466288 1279063475 4281608871
415.744446 244136534 10466288 1278677807 4281605653
415.751196 244139468 10466288 1278331526 4281602228
415.757946 244142461 10466288 1277971691 4281599191
415.764785 244145453 10466288 1277604354 4281596173
415.771537 244148414 10466288 1277240287 4281593113
415.778289 244151385 10466288 1276874421 4281590119
415.785030 244154336 10466288 1276525063 4281586756
415.791777 244157315 10466288 1276174068 4281583697
415.798524 244160279 10466288 1275810699 4281580692
415.805272 244163227 10466288 1275448475 4281577706
415.812025 244166180 10466288 1275091108 4281574429
415.818778 244169151 10466288 1274739059 4281571179
415.825526 244172132 10466288 1274375504 4281568231
415.832274 244175096 10466288 1274013095 4281565207
415.839029 244178064 10466288 1273653639 4281562116
415.845778 244181009 10466288 1273302172 4281558853
415.852527 244183965 10466288 1272959084 4281555716
415.859275 244186940 10466288 1272602282 4281552727
415.866033 244189907 10466288 1272244620 4281549634
415.872783 244192881 10466288 1271886220 4281546608
415.879530 244195843 10466288 1271534685 4281543391
415.886279 244198799 10466288 1271193704 4281539891
415.893035 244201789 10466288 1270836369 4281537099
415.899842 244204787 10466288 1270477960 4281534112
415.906596 244207757 10466288 1270124976 4281531058
415.913343 244210718 10466288 1269774203 4281527839
415.920089 244213663 10466288 1269434712 4281524302
415.926836 244216648 10466288 1269078957 4281521528
415.933583 244219608 10466288 1268727415 4281518556
415.940436 244222611 10466288 1268366997 4281515514
415.947184 244225577 10466288 1268014426 4281512415
415.953933 244228526 10466288 1267674847 4281508814
415.960680 244231514 10466288 1267316345 4281505911
415.967431 244234473 10466288 1266956749 4281502908
415.974178 244237427 10466288 1266597548 4281499964
415.980924 244240383 10466288 1266241942 4281496722
415.987687 244243356 10466288 1265892276 4281493243
415.994434 244246333 10466288 1265537141 4281490326
416.001181 244249298 10466288 1265184052 4281487293
416.007928 244252269 10466288 1264825977 4281484301
416.014681 244255221 10466288 1264479388 4281480927
416.021431 244258219 10466288 1264127059 4281477776
416.028180 244261189 10466288 1263767109 4281474723
416.034994 244264193 10466288 1263402496 4281471675
416.041763 244267171 10466288 1263042766 4281468723
416.048512 244270109 10466288 1262700017 4281465274
416.055261 244273099 10466288 1262355799 4281462108
416.062021 244276081 10466288 1262000361 4281458993
416.068771 244279053 10466288 1261647350 4281455880
416.075519 244282018 10466288 1261294841 4281452900
416.082268 244284962 10466288 1260955933 4281449408
416.089036 244287939 10466288 1260612072 4281446248
416.095784 244290923 10466288 1260261105 4281443344
416.102545 244293884 10466288 1259914645 4281440188
416.109293 244296844 10466288 1259569070 4281437149
416.116045 244299793 10466288 1259231317 4281433626
416.122791 244302748 10466288 1258894294 4281430202
416.129539 244305733 10466288 1258542804 4281427499
416.136285 244308690 10466288 1258199706 4281424484
416.143036 244311655 10466288 1257855515 4281421406
416.149785 244314605 10466288 1257519128 4281418134
416.156531 244317569 10466288 1257182649 4281414724
416.163278 244320548 10466288 1256833195 4281411852
416.170087 244323544 10466288 1256480649 4281408690
416.176835 244326504 10466288 1256132463 4281405676
416.183583 244329470 10466288 1255791557 4281402187
416.190330 244332457 10466288 1255440108 4281399086
416.197077 244335415 10466288 1255091968 4281396053
416.203824 244338366 10466288 1254747453 4281392926
416.210570 244341335 10466288 1254399120 4281389888
416.217317 244344285 10466288 1254063602 4281386488
416.224038 244347263 10466288 1253719493 4281383557
416.230785 244350232 10466288 1253372702 4281380549
416.237533 244353203 10466288 1253023000 4281377481
416.244279 244356154 10466288 1252677557 4281374412
416.251028 244359091 10466288 1252347180 4281370794
416.257776 244362083 10466288 1251992465 4281367927
416.264523 244365067 10466288 1251638045 4281364904
416.271269 244368022 10466288 1251288436 4281361744
416.278025 244370997 10466288 1250934881 4281358740
416.284772 244373942 10466288 1250595982 4281355164
416.291519 244376939 10466288 1250244664 4281352209
416.298266 244379917 10466288 1249892085 4281349114
416.305039 244382901 10466288 1249538219 4281346044
416.311874 244385906 10466288 1249183193 4281342966
416.318620 244388856 10466288 1248848287 4281339348
416.325367 244391839 10466288 1248500277 4281336295
416.332114 244394805 10466288 1248151727 4281333172
416.338864 244397783 10466288 1247802110 4281330071
416.345620 244400748 10466288 1247458367 4281326729
416.352368 244403706 10466288 1247123380 4281323311
416.359116 244406662 10466288 1246767403 4281320396
416.365865 244409617 10466288 1246396327 4281317331
416.372618 244412584 10466288 1246024071 4281314244
416.379367 244415539 10466288 1245660787 4281310988
416.386116 244418512 10466288 1245302320 4281307754
416.392869 244421492 10466288 1244936317 4281304718
416.399615 244424448 10466288 1244574005 4281301777
416.406368 244427390 10466288 1244214147 4281298848
416.413117 244430384 10466288 1243844438 4281296264
416.419866 244433365 10466288 1243493200 4281293074
416.426619 244436356 10466288 1243136663 4281289876
416.433366 244439320 10466288 1242774075 4281286862
416.440182 244442300 10466288 1242407861 4281283826
416.446938 244445253 10466288 1242053307 4281280560
416.453689 244448209 10466288 1241711861 4281277017
416.460437 244451190 10466288 1241351749 4281274296
416.467205 244454159 10466288 1240989412 4281271265
416.474041 244457163 10466288 1240622848 4281268214
416.480816 244460140 10466288 1240259574 4281264999
416.487584 244463096 10466288 1239911852 4281261351
416.495631 244466656 10466288 1239477956 4281258048
416.502395 244469629 10466288 1239118084 4281255136
416.509862 244472905 10466288 1238720042 4281251777
416.516687 244475884 10466288 1238378233 4281248201
416.523456 244478876 10466288 1238023238 4281245192
416.530236 244481872 10466288 1237660425 4281241983
416.537257 244484954 10466288 1237288637 4281238674
416.544039 244487948 10466288 1236927888 4281235655
416.551171 244491072 10466288 1236566937 4281231824
416.557941 244494057 10466288 1236212536 4281228844
416.565660 244497465 10466288 1235802882 4281225441
416.572437 244500442 10466288 1235446493 4281222391
416.579314 244503450 10466288 1235087101 4281219104
416.586126 244506432 10466288 1234738857 4281215659
416.592921 244509448 10466288 1234374994 4281212948
416.599701 244512424 10466288 1234016944 4281209985
416.606471 244515396 10466288 1233662125 4281206988
416.613260 244518386 10466288 1233308723 4281203712
416.620074 244521365 10466288 1232966035 4281200146
416.626852 244524369 10466288 1232604890 4281197357
416.633630 244527345 10466288 1232248312 4281194318
416.640698 244530444 10466288 1231876563 4281191214
416.648892 244534025 10466288 1231454259 4281187243
416.655665 244536988 10466288 1231112741 4281183761
416.662453 244539976 10466288 1230758164 4281180901
416.669247 244542949 10466288 1230401125 4281177867
416.676043 244545937 10466288 1230041365 4281174806
416.683399 244549156 10466288 1229657932 4281171024
416.690170 244552132 10466288 1229305964 4281167609
416.696944 244555127 10466288 1228938954 4281164821
416.704922 244558626 10466288 1228510232 4281161349
416.711703 244561597 10466288 1228149758 4281157999
416.718585 244564619 10466288 1227794336 4281154546
416.726201 244567990 10466288 1227384891 4281151278
416.732978 244570968 10466288 1227018842 4281148299
416.739766 244573952 10466288 1226654800 4281145224
416.746629 244576961 10466288 1226293391 4281141951
416.753391 244579930 10466288 1225949509 4281138524
416.760997 244583309 10466288 1225544412 4281135142
416.767816 244586301 10466288 1225182088 4281132151
416.774599 244589288 10466288 1224821653 4281129015
416.781461 244592297 10466288 1224465901 4281125580
416.788224 244595279 10466288 1224117430 4281122194
416.794992 244598268 10466288 1223757503 4281119360
416.801810 244601269 10466288 1223396565 4281116254
416.808584 244604249 10466288 1223036971 4281113252
416.815745 244607375 10466288 1222677747 4281109216
416.822526 244610378 10466288 1222317631 4281106358
416.829304 244613356 10466288 1221960756 4281103239
416.836739 244616628 10466288 1221569954 4281099849
416.844086 244619853 10466288 1221188578 4281096601
416.850855 244622805 10466288 1220845614 4281093256
416.858141 244626031 10466288 1220467939 4281089920
416.864920 244629017 10466288 1220108045 4281086855
416.872818 244632481 10466288 1219690814 4281083370
416.879590 244635445 10466288 1219338491 4281079848
416.886374 244638424 10466288 1218989705 4281076514
416.893213 244641437 10466288 1218627652 4281073725
416.900529 244644649 10466288 1218244066 4281070409
416.907298 244647612 10466288 1217892436 4281067412
416.914059 244650559 10466288 1217548205 4281063864
416.920830 244653525 10466288 1217202475 4281060545
416.928454 244656897 10466288 1216795701 4281057286
416.935232 244659880 10466288 1216438898 4281054233
416.942038 244662881 10466288 1216081893 4281051174
416.948813 244665844 10466288 1215736138 4281047647
416.956050 244669060 10466288 1215360463 4281044368
416.962852 244672057 10466288 1215001504 4281041326
416.969641 244675040 10466288 1214642780 4281038253
416.976446 244678043 10466288 1214281754 4281035208
416.983216 244681013 10466288 1213936739 4281031886
416.990619 244684283 10466288 1213559557 4281028327
416.997530 244687321 10466288 1213199641 4281025106
417.004319 244690312 10466288 1212844478 4281022073
417.012060 244693721 10466288 1212441997 4281018596
417.018835 244696681 10466288 1212104887 4281014892
417.025623 244699683 10466288 1211751820 4281011986
417.033061 244702948 10466288 1211363846 4281008545
417.040353 244706141 10466288 1210988014 4281005094
417.047122 244709097 10466288 1210642460 4281001752
417.054109 244712169 10466288 1210288334 4280998346
417.060895 244715151 10466288 1209934899 4280995400
417.069146 244718768 10466288 1209503419 4280991768
417.075926 244721802 10466288 1209134424 4280989408
417.082703 244724759 10466288 1208795243 4280985847
417.089480 244727764 10466288 1208444172 4280982942
417.096256 244730742 10466288 1208087924 4280979904
417.103039 244733721 10466288 1207730956 4280976931
417.110144 244736835 10466288 1207355247 4280973830
417.116927 244739795 10466288 1207008756 4280970172
417.123903 244742880 10466288 1206641371 4280967134
417.131445 244746191 10466288 1206244237 4280963731
417.138357 244749222 10466288 1205880805 4280960611
417.145118 244752180 10466288 1205522205 4280957588
417.151887 244755142 10466288 1205174819 4280954118
417.158664 244758136 10466288 1204817691 4280951115
417.165488 244761129 10466288 1204452400 4280948137
417.172262 244764098 10466288 1204091926 4280944974
417.180052 244767515 10466288 1203675779 4280941385
417.186839 244770484 10466288 1203329380 4280937795
417.193621 244773473 10466288 1202965939 4280934774
417.200383 244776428 10466288 1202600425 4280931656
417.208076 244779814 10466288 1202181191 4280928240
417.214851 244782791 10466288 1201815222 4280925105
417.221624 244785756 10466288 1201466093 4280921481
417.228394 244788769 10466288 1201097113 4280918794
417.236104 244792152 10466288 1200684174 4280915351
417.242890 244795130 10466288 1200320336 4280912306
417.249658 244798089 10466288 1199974014 4280908731
417.256485 244801113 10466288 1199612358 4280905759
417.264126 244804469 10466288 1199205236 4280902359
417.270908 244807450 10466288 1198847392 4280899403
417.277839 244810494 10466288 1198479887 4280896303
417.284846 244813553 10466288 1198125491 4280892598
417.291842 244816645 10466288 1197777186 4280889601
417.298628 244819625 10466288 1197431246 4280886463
417.305429 244822612 10466288 1197067523 4280883464
417.312188 244825578 10466288 1196707175 4280880436
417.320626 244829275 10466288 1196275408 4280876014
417.327394 244832255 10466288 1195925392 4280873048
417.334187 244835250 10466288 1195572325 4280870211
417.340976 244838274 10466288 1195206750 4280867713
417.347785 244841239 10466288 1194855275 4280864353
417.354563 244844238 10466288 1194502507 4280861249
417.361338 244847230 10466288 1194144830 4280858212
417.368122 244850202 10466288 1193788906 4280855206
417.376392 244853829 10466288 1193355580 4280851534
417.383160 244856783 10466288 1193009820 4280848081
417.389943 244859767 10466288 1192662916 4280844646
417.396734 244862786 10466288 1192295440 4280841952
417.403587 244865798 10466288 1191930394 4280838831
417.410367 244868782 10466288 1191567369 4280835759
417.417352 244871841 10466288 1191211711 4280831968
417.424151 244874849 10466288 1190851526 4280828971
417.431786 244878203 10466288 1190441342 4280825598
417.438555 244881179 10466288 1190078436 4280822615
417.445336 244884143 10466288 1189720222 4280819300
417.452132 244887114 10466288 1189374407 4280815807
417.459520 244890392 10466288 1188976827 4280812628
417.466283 244893353 10466288 1188617374 4280809634
417.473079 244896328 10466288 1188258616 4280806614
417.479859 244899304 10466288 1187904712 4280803355
417.486635 244902274 10466288 1187561017 4280800153
417.494059 244905548 10466288 1187170165 4280796893
417.500856 244908528 10466288 1186808834 4280793860
417.507628 244911505 10466288 1186449828 4280790813
417.515608 244914996 10466288 1186038169 4280786808
417.522390 244917980 10466288 1185692528 4280783425
417.529155 244920975 10466288 1185330747 4280780662
417.536091 244924018 10466288 1184963162 4280777713
417.542946 244927017 10466288 1184602719 4280774651
417.549730 244929976 10466288 1184256589 4280771051
417.557532 244933421 10466288 1183845419 4280767659
417.564308 244936394 10466288 1183488039 4280764676
417.571604 244939590 10466288 1183108861 4280761407
417.578386 244942566 10466288 1182754581 4280758535
417.585146 244945525 10466288 1182413324 4280755062
417.591999 244948543 10466288 1182063874 4280751914
417.598786 244951514 10466288 1181704230 4280748882
417.605563 244954494 10466288 1181342875 4280745828
417.612329 244957451 10466288 1180989837 4280742345
417.619134 244960447 10466288 1180634886 4280739166
417.625905 244963428 10466288 1180275263 4280736136
417.632685 244966406 10466288 1179912565 4280733197
417.640452 244969803 10466288 1179495357 4280729795
417.647221 244972768 10466288 1179137839 4280726477
417.653999 244975757 10466288 1178781582 4280723022
417.660816 244978750 10466288 1178409410 4280720277
417.667731 244981794 10466288 1178033167 4280717255
417.674515 244984769 10466288 1177662720 4280714295
417.683785 244988822 10466288 1177178250 4280709569
417.690563 244991820 10466288 1176821145 4280706441
417.697450 244994837 10466288 1176449986 4280703388
417.704216 244997814 10466288 1176087868 4280700202
417.711763 245001129 10466288 1175685206 4280696779
417.718538 245004076 10466288 1175345341 4280693158
417.725309 245007070 10466288 1174992238 4280690196
417.732400 245010185 10466288 1174620215 4280687173
417.739752 245013412 10466288 1174234945 4280683960
417.746544 245016385 10466288 1173880068 4280680897
417.753342 245019357 10466288 1173534868 4280677514
417.760122 245022361 10466288 1173178097 4280674459
417.766900 245025331 10466288 1172824092 4280671367
417.773696 245028315 10466288 1172468015 4280668378
417.780472 245031266 10466288 1172122626 4280664961
417.787250 245034261 10466288 1171769977 4280661856
417.794187 245037319 10466288 1171403439 4280658767
417.801329 245040447 10466288 1171028193 4280655480
417.808108 245043417 10466288 1170672473 4280652387
417.815149 245046488 10466288 1170310647 4280648876
417.822100 245049567 10466288 1169951469 4280645620
417.828877 245052545 10466288 1169594141 4280642566
417.835814 245055575 10466288 1169227517 4280639561
417.843773 245059073 10466288 1168804829 4280635997
417.850541 245062029 10466288 1168459519 4280632422
417.857318 245065027 10466288 1168108612 4280629513
417.864077 245067981 10466288 1167755637 4280626473
417.873185 245071992 10466288 1167273031 4280622422
417.879960 245074983 10466288 1166913364 4280619241
417.886736 245077950 10466288 1166568033 4280615669
417.894054 245081192 10466288 1166177913 4280612503
417.900919 245084228 10466288 1165809025 4280609384
417.907773 245087227 10466288 1165445922 4280606020
417.914550 245090195 10466288 1165090488 4280602789
417.921324 245093154 10466288 1164750036 4280598989
417.928102 245096242 10466288 1164372655 4280597122
417.934870 245099217 10466288 1164017205 4280594062
417.941944 245102324 10466288 1163645220 4280590830
417.948725 245105288 10466288 1163306386 4280587203
417.955706 245108371 10466288 1162946538 4280584145
417.965112 245112500 10466288 1162449565 4280580010
417.971878 245115482 10466288 1162092128 4280576950
417.978732 245118476 10466288 1161736932 4280573614
417.985516 245121447 10466288 1161392409 4280570107
417.992296 245124451 10466288 1161033431 4280567334
417.999528 245127638 10466288 1160654596 4280564076
418.006302 245130609 10466288 1160304128 4280561010
418.013744 245133858 10466288 1159921899 4280557570
418.020529 245136836 10466288 1159577110 4280554162
418.027324 245139835 10466288 1159220177 4280551260
418.034206 245142864 10466288 1158860742 4280548260
418.040972 245145833 10466288 1158509964 4280545267
418.047744 245148784 10466288 1158164744 4280541984
418.058064 245153340 10466288 1157636175 4280537170
418.064832 245156312 10466288 1157283732 4280534122
418.071597 245159286 10466288 1156929392 4280531077
418.078352 245162249 10466288 1156575462 4280528026
418.085102 245165201 10466288 1156233998 4280524519
418.091857 245168183 10466288 1155883143 4280521524
418.098604 245171147 10466288 1155521575 4280518351
418.105351 245174104 10466288 1155161794 4280515330
418.112098 245177072 10466288 1154800505 4280512392
418.118930 245180055 10466288 1154450007 4280508723
418.125678 245183022 10466288 1154090710 4280505695
418.132426 245185975 10466288 1153728014 4280502616
418.139173 245188938 10466288 1153362903 4280499638
418.145920 245191900 10466288 1153003245 4280496385
418.152682 245194866 10466288 1152654904 4280493060
418.159429 245197833 10466288 1152293839 4280490044
418.166176 245200802 10466288 1151930953 4280486993
418.172924 245203767 10466288 1151571733 4280483943
418.179671 245206721 10466288 1151218731 4280480528
418.186419 245209686 10466288 1150870597 4280477264
418.193164 245212663 10466288 1150511850 4280474272
418.199911 245215625 10466288 1150152025 4280471109
418.206658 245218597 10466288 1149789892 4280468059
418.213405 245221549 10466288 1149435308 4280464779
418.220151 245224498 10466288 1149092843 4280461263
418.226898 245227490 10466288 1148739435 4280458256
418.233645 245230453 10466288 1148380358 4280455185
418.240398 245233417 10466288 1148023332 4280452113
418.247147 245236377 10466288 1147668277 4280448931
418.253966 245239362 10466288 1147321364 4280445238
418.260715 245242341 10466288 1146962599 4280442396
418.267463 245245291 10466288 1146604704 4280439439
418.274212 245248242 10466288 1146247709 4280436382
418.280963 245251205 10466288 1145891248 4280433158
418.287716 245254160 10466288 1145546371 4280429552
418.294465 245257144 10466288 1145185969 4280426704
418.301212 245260096 10466288 1144829614 4280423712
418.307961 245263057 10466288 1144473406 4280420615
418.314709 245266019 10466288 1144125071 4280417242
418.321462 245269010 10466288 1143773491 4280414239
418.328210 245271972 10466288 1143416196 4280411114
418.334959 245274937 10466288 1143057469 4280408145
418.341706 245277905 10466288 1142697384 4280405164
418.348454 245280853 10466288 1142348839 4280401728
418.355201 245283837 10466288 1141998805 4280398739
418.361947 245286797 10466288 1141638065 4280395644
418.368695 245289768 10466288 1141275920 4280392542
418.375442 245292737 10466288 1140912100 4280389425
418.382188 245295682 10466288 1140564491 4280385777
418.389000 245298695 10466288 1140206115 4280382904
418.395765 245301671 10466288 1139842869 4280379906
418.402512 245304631 10466288 1139483701 4280376833
418.409258 245307600 10466288 1139125013 4280373598
418.416021 245310562 10466288 1138774255 4280370044
418.422768 245313534 10466288 1138422606 4280366869
418.429529 245316523 10466288 1138058534 4280363958
418.436282 245319490 10466288 1137698469 4280360920
418.443031 245322444 10466288 1137341340 4280357905
418.449780 245325386 10466288 1136996115 4280354470
418.456528 245328346 10466288 1136652214 4280350993
418.463277 245331321 10466288 1136291840 4280348302
418.470032 245334287 10466288 1135937083 4280345246
418.476783 245337249 10466288 1135581908 4280342242
418.483618 245340235 10466288 1135237466 4280338603
418.490364 245343215 10466288 1134893685 4280335608
418.497111 245346179 10466288 1134550005 4280332522
418.503865 245349133 10466288 1134205946 4280329638
418.510613 245352087 10466288 1133863318 4280326536
418.517364 245355054 10466288 1133524930 4280323077
418.524177 245358071 10466288 1133171396 4280320123
418.530931 245361043 10466288 1132822958 4280317024
418.537678 245364006 10466288 1132473834 4280313843
418.544424 245366981 10466288 1132121401 4280310845
418.551171 245369935 10466288 1131782724 4280307470
418.557918 245372928 10466288 1131430977 4280304370
418.564703 245375911 10466288 1131073707 4280301331
418.571454 245378883 10466288 1130717197 4280298160
418.578205 245381842 10466288 1130362359 4280295012
418.584957 245384783 10466288 1130023578 4280291442
418.591709 245387769 10466288 1129672276 4280288398
418.598463 245390742 10466288 1129312705 4280285413
418.605216 245393706 10466288 1128953520 4280282452
418.611968 245396670 10466288 1128595390 4280279291
418.618718 245399611 10466288 1128256476 4280275549
418.625467 245402606 10466288 1127904667 4280272670
418.632214 245405568 10466288 1127548347 4280269594
418.638964 245408537 10466288 1127192391 4280266579
418.645714 245411504 10466288 1126841382 4280263460
418.652463 245414465 10466288 1126500191 4280259808
418.659296 245417488 10466288 1126142691 4280256893
418.666032 245420443 10466288 1125788764 4280253900
418.672782 245423405 10466288 1125432227 4280250851
418.679898 245426514 10466288 1125065022 4280247336
418.686646 245429470 10466288 1124718855 4280243982
418.693396 245432442 10466288 1124358114 4280241173
418.700144 245435394 10466288 1124002652 4280238068
418.706892 245438346 10466288 1123645971 4280235061
418.713642 245441292 10466288 1123293897 4280231875
418.720391 245444250 10466288 1122957284 4280228481
418.727140 245447222 10466288 1122604745 4280225721
418.733888 245450177 10466288 1122244395 4280222550
418.740637 245453137 10466288 1121884509 4280219490
418.747385 245456077 10466288 1121532986 4280216306
418.754134 245459054 10466288 1121182553 4280213080
418.760881 245462025 10466288 1120827184 4280210189
418.767628 245465000 10466288 1120470056 4280207190
418.774378 245467977 10466288 1120111313 4280204228
418.781126 245470936 10466288 1119759258 4280200865
418.787876 245473906 10466288 1119413302 4280197507
418.794697 245476925 10466288 1119050713 4280194572
418.801445 245479900 10466288 1118691649 4280191534
418.808195 245482866 10466288 1118333697 4280188486
418.814946 245485816 10466288 1117978515 4280185160
418.821696 245488770 10466288 1117633947 4280181562
418.828452 245491772 10466288 1117268364 4280178718
418.835202 245494735 10466288 1116904999 4280175749
418.841952 245497706 10466288 1116542543 4280172648
418.848702 245500656 10466288 1116199036 4280169140
418.855451 245503636 10466288 1115846723 4280166143
418.862199 245506596 10466288 1115487489 4280163124
418.868949 245509556 10466288 1115130110 4280160174
418.876177 245512731 10466288 1114746215 4280156944
418.882925 245515666 10466288 1114405264 4280153373
418.889675 245518658 10466288 1114055426 4280150305
418.896423 245521614 10466288 1113698847 4280147308
418.903173 245524569 10466288 1113343749 4280144394
418.909923 245527536 10466288 1112986122 4280141511
418.916672 245530496 10466288 1112637098 4280138038
418.923422 245533486 10466288 1112284419 4280134860
418.930237 245536470 10466288 1111930558 4280131820
418.936987 245539433 10466288 1111576807 4280128883
418.943735 245542389 10466288 1111222195 4280125885
418.950487 245545345 10466288 1110872912 4280122482
418.957234 245548332 10466288 1110518156 4280119324
418.963984 245551303 10466288 1110160678 4280116267
418.970734 245554266 10466288 1109803299 4280113208
418.977484 245557232 10466288 1109443215 4280110213
418.984234 245560174 10466288 1109093949 4280106913
418.990985 245563155 10466288 1108741414 4280103697
418.997735 245566134 10466288 1108378966 4280100906
419.004484 245569157 10466288 1108007233 4280098520
419.011232 245572116 10466288 1107653869 4280095404
419.017981 245575058 10466288 1107315787 4280091752
419.024732 245578056 10466288 1106954864 4280088892
419.031482 245581011 10466288 1106598324 4280085845
419.038232 245583983 10466288 1106239220 4280082830
419.044982 245586952 10466288 1105882140 4280079555
419.051732 245589913 10466288 1105541761 4280075924
419.058480 245592897 10466288 1105189251 4280072988
419.065300 245595890 10466288 1104834564 4280069897
419.072094 245598891 10466288 1104480379 4280066877
419.078843 245601856 10466288 1104132819 4280063814
419.085591 245604813 10466288 1103795879 4280060242
419.092340 245607794 10466288 1103444012 4280057306
419.099093 245610759 10466288 1103095890 4280054256
419.105841 245613725 10466288 1102747648 4280051184
419.112592 245616706 10466288 1102399114 4280048271
419.119340 245619663 10466288 1102066317 4280044759
419.126087 245622644 10466288 1101720428 4280041764
419.132836 245625604 10466288 1101374901 4280038809
419.139584 245628567 10466288 1101031601 4280035885
419.146333 245631530 10466288 1100689328 4280032823
419.153081 245634482 10466288 1100356980 4280029433
419.159832 245637459 10466288 1100018584 4280026239
419.166580 245640414 10466288 1099650318 4280023198
419.173331 245643369 10466288 1099278627 4280020163
419.180080 245646321 10466288 1098914546 4280016895
419.186829 245649275 10466288 1098559143 4280013476
419.193580 245652251 10466288 1098192886 4280010617
419.200399 245655230 10466288 1097824393 4280007635
419.207149 245658177 10466288 1097460063 4280004654
419.213897 245661129 10466288 1097102750 4280001130
419.220650 245664099 10466288 1096747372 4279997872
419.227398 245667071 10466288 1096382858 4279995130
419.234145 245670031 10466288 1096021909 4279992111
419.240894 245672986 10466288 1095664532 4279989028
419.247639 245675932 10466288 1095314620 4279985472
419.254386 245678898 10466288 1094965328 4279982131
419.261133 245681892 10466288 1094600011 4279979341
419.267879 245684860 10466288 1094238444 4279976310
419.274625 245687820 10466288 1093875013 4279973435
419.281373 245690774 10466288 1093519499 4279970023
419.288120 245693734 10466288 1093173551 4279966671
419.294867 245696710 10466288 1092806925 4279963755
419.301614 245699674 10466288 1092443172 4279960746
419.308360 245702635 10466288 1092081458 4279957705
419.315108 245705583 10466288 1091727787 4279954548
419.321854 245708547 10466288 1091383510 4279951180
419.328621 245711528 10466288 1091026044 4279948212
419.335482 245714541 10466288 1090661173 4279945120
419.344104 245718324 10466288 1090204457 4279941254
419.350945 245721304 10466288 1089858637 4279937655
419.359148 245724933 10466288 1089427649 4279934024
419.365922 245727899 10466288 1089071640 4279931059
419.373542 245731256 10466288 1088670169 4279927820
419.380811 245734420 10466288 1088299222 4279924160
419.387583 245737422 10466288 1087944721 4279921069
419.394361 245740401 10466288 1087586447 4279917984
419.401265 245743428 10466288 1087224567 4279914931
419.408310 245746504 10466288 1086855843 4279911793
419.415068 245749459 10466288 1086509039 4279908462
419.422432 245752721 10466288 1086124229 4279905065
419.429203 245755689 10466288 1085767420 4279902058
419.436042 245758689 10466288 1085407976 4279898949
419.442837 245761661 10466288 1085050548 4279896014
419.449620 245764631 10466288 1084701670 4279892692
419.456559 245767692 10466288 1084343220 4279889329
419.464083 245770996 10466288 1083943389 4279885935
419.470855 245773969 10466288 1083584643 4279882877
419.477744 245776988 10466288 1083218795 4279879893
419.484523 245779948 10466288 1082874061 4279876318
419.491286 245782941 10466288 1082524361 4279873325
419.498070 245785923 10466288 1082164363 4279870320
419.504844 245788905 10466288 1081802795 4279867253
419.511616 245791887 10466288 1081441470 4279864202
419.518516 245794903 10466288 1081088402 4279860664
419.525285 245797904 10466288 1080737012 4279857503
419.532049 245800869 10466288 1080379058 4279854459
419.539505 245804154 10466288 1079980945 4279851115
419.546290 245807115 10466288 1079633410 4279847752
419.553069 245810098 10466288 1079286864 4279844223
419.559854 245813103 10466288 1078924496 4279841433
419.566620 245816068 10466288 1078570392 4279838337
419.573401 245819044 10466288 1078212789 4279835333
419.580291 245822056 10466288 1077860692 4279831894
419.587093 245825046 10466288 1077516231 4279828656
419.595068 245828573 10466288 1077092380 4279825486
419.601848 245831541 10466288 1076739136 4279822484
419.608650 245834528 10466288 1076387509 4279819437
419.615533 245837526 10466288 1076042504 4279815878
419.622658 245840688 10466288 1075679161 4279812534
419.629433 245843659 10466288 1075333496 4279809487
419.636219 245846632 10466288 1074986056 4279806584
419.643073 245849632 10466288 1074634845 4279803448
419.649867 245852597 10466288 1074294456 4279799991
419.657213 245855839 10466288 1073921866 4279796446
419.663988 245858800 10466288 1073577390 4279793418
419.670798 245861786 10466288 1073227374 4279790359
419.678725 245865272 10466288 1072817568 4279786927
419.685507 245868227 10466288 1072479422 4279783290
419.692288 245871229 10466288 1072123760 4279780484
419.699292 245874298 10466288 1071753542 4279777408
419.706085 245877279 10466288 1071393356 4279774269
419.712856 245880245 10466288 1071043101 4279770912
419.719628 245883221 10466288 1070695508 4279767556
419.726401 245886211 10466288 1070328714 4279764781
419.735041 245889998 10466288 1069868125 4279760908
419.741815 245892975 10466288 1069503510 4279757803
419.748595 245895936 10466288 1069154634 4279754349
419.755519 245898993 10466288 1068805592 4279751086
419.763100 245902331 10466288 1068392745 4279747773
419.769879 245905302 10466288 1068027319 4279744717
419.776649 245908282 10466288 1067662692 4279741747
419.783430 245911253 10466288 1067316519 4279738107
419.791299 245914733 10466288 1066905424 4279734652
419.798057 245917710 10466288 1066551115 4279731528
419.806555 245921448 10466288 1066102783 4279727703
419.813323 245924424 10466288 1065748694 4279724358
419.820117 245927403 10466288 1065405102 4279720804
419.826895 245930400 10466288 1065049287 4279717976
419.833678 245933381 10466288 1064697354 4279714990
419.840685 245936456 10466288 1064337126 4279711827
419.847461 245939419 10466288 1063991694 4279708554
419.856113 245943218 10466288 1063556463 4279704030
419.862897 245946214 10466288 1063203473 4279701151
419.869679 245949184 10466288 1062856098 4279698039
419.876450 245952151 10466288 1062509528 4279694986
419.884032 245955459 10466288 1062132630 4279691077
419.890804 245958452 10466288 1061786313 4279688138
419.897661 245961475 10466288 1061431313 4279685174
419.904644 245964538 10466288 1061071193 4279682115
419.911646 245967601 10466288 1060715592 4279678671
419.918432 245970564 10466288 1060379270 4279675291
419.925994 245973911 10466288 1059977481 4279671982
419.932808 245976895 10466288 1059620356 4279668950
419.940490 245980277 10466288 1059212560 4279665451
419.947283 245983260 10466288 1058858603 4279661987
419.954068 245986241 10466288 1058509229 4279658456
419.960852 245989240 10466288 1058143251 4279655618
419.967623 245992218 10466288 1057779458 4279652448
419.974396 245995198 10466288 1057416042 4279649374
419.981394 245998262 10466288 1057051867 4279645973
419.988154 246001232 10466288 1056702456 4279642571
419.996058 246004732 10466288 1056275809 4279639303
420.002830 246007715 10466288 1055915681 4279636318
420.009607 246010697 10466288 1055559698 4279633242
420.016392 246013660 10466288 1055216445 4279629680
420.023498 246016814 10466288 1054845793 4279626638
420.030266 246019790 10466288 1054488864 4279623683
420.037143 246022815 10466288 1054123735 4279620586
420.043914 246025787 10466288 1053766825 4279617500
420.051421 246029071 10466288 1053383178 4279613779
420.058191 246032054 10466288 1053043819 4279610793
420.064982 246035047 10466288 1052717929 4279607688
420.071766 246038026 10466288 1052394521 4279604582
420.079550 246041427 10466288 1052024202 4279600778
420.086331 246044421 10466288 1051672517 4279597361
420.093113 246047416 10466288 1051315233 4279594600
420.099893 246050388 10466288 1050960146 4279591595
420.107423 246053684 10466288 1050566835 4279588161
420.114189 246056633 10466288 1050222045 4279584573
420.120972 246059620 10466288 1049870538 4279581480
420.127749 246062605 10466288 1049511032 4279578531
420.135658 246066079 10466288 1049096195 4279574874
420.142431 246069049 10466288 1048742212 4279571804
420.149306 246072070 10466288 1048390625 4279568412
420.156424 246075217 10466288 1048026325 4279565091
420.163387 246078258 10466288 1047663692 4279562017
420.170161 246081229 10466288 1047308414 4279558935
420.177725 246084549 10466288 1046909089 4279555424
420.184495 246087500 10466288 1046569382 4279551730
420.191386 246090556 10466288 1046206892 4279548705
420.198166 246093545 10466288 1045839838 4279545683
420.204948 246096538 10466288 1045473846 4279542585
420.211815 246099566 10466288 1045103582 4279539471
420.219188 246102788 10466288 1044726389 4279535578
420.225967 246105799 10466288 1044365498 4279532602
420.233180 246108979 10466288 1043980995 4279529352
420.239959 246111963 10466288 1043621762 4279526385
420.247813 246115402 10466288 1043214798 4279522407
420.254585 246118382 10466288 1042867751 4279518989
420.261357 246121378 10466288 1042507424 4279516075
420.268144 246124356 10466288 1042155102 4279512953
420.275064 246127400 10466288 1041794831 4279509772
420.281831 246130365 10466288 1041452783 4279506333
420.288685 246133383 10466288 1041105494 4279503166
420.295475 246136367 10466288 1040750784 4279500116
420.303059 246139690 10466288 1040357413 4279496747
420.309838 246142665 10466288 1040003028 4279493754
420.316723 246145673 10466288 1039656142 4279490117
420.323503 246148672 10466288 1039301848 4279487217
420.330977 246151943 10466288 1038913082 4279483780
420.337752 246154912 10466288 1038561487 4279480693
420.344533 246157901 10466288 1038205195 4279477607
420.351305 246160861 10466288 1037864892 4279473980
420.359036 246164283 10466288 1037454274 4279470583
420.365824 246167269 10466288 1037093536 4279467446
420.372601 246170238 10466288 1036733213 4279464401
420.379375 246173196 10466288 1036372628 4279461217
420.387050 246176559 10466288 1035976982 4279457065
420.393839 246179569 10466288 1035612211 4279454095
420.400629 246182544 10466288 1035249621 4279451097
420.408326 246185939 10466288 1034833407 4279447661
420.415097 246188917 10466288 1034473340 4279444466
420.421876 246191882 10466288 1034130244 4279441115
420.428659 246194888 10466288 1033763348 4279438369
420.435439 246197874 10466288 1033395283 4279435275
420.442635 246201040 10466288 1033003976 4279432003
420.449410 246203992 10466288 1032668892 4279428383
420.456289 246207029 10466288 1032305620 4279425531
420.463093 246210031 10466288 1031941370 4279422504
420.470798 246213422 10466288 1031530285 4279419030
420.477564 246216392 10466288 1031170261 4279415908
420.484832 246219579 10466288 1030795091 4279412218
420.491603 246222579 10466288 1030433711 4279409222
420.499087 246225874 10466288 1030032626 4279405873
420.505889 246228867 10466288 1029669881 4279402788
420.512662 246231845 10466288 1029313257 4279399630
420.519431 246234802 10466288 1028968576 4279396115
420.526247 246237813 10466288 1028605389 4279393156
420.533083 246240812 10466288 1028243667 4279390097
420.540432 246244039 10466288 1027852802 4279386741
420.547196 246247001 10466288 1027498643 4279383452
420.555050 246250448 10466288 1027097955 4279379488
420.561826 246253441 10466288 1026739305 4279376675
420.568610 246256423 10466288 1026379608 4279373607
420.575461 246259430 10466288 1026020059 4279370535
420.582755 246262621 10466288 1025643678 4279366923
420.589543 246265603 10466288 1025301522 4279363493
420.596442 246268649 10466288 1024946978 4279360446
420.603238 246271633 10466288 1024601461 4279357422
420.610039 246274630 10466288 1024253473 4279354288
420.616987 246277679 10466288 1023908526 4279350623
420.623771 246280672 10466288 1023556130 4279347726
420.630551 246283646 10466288 1023205896 4279344687
420.638094 246286953 10466288 1022815579 4279341158
420.644873 246289937 10466288 1022466313 4279338051
420.652658 246293346 10466288 1022077280 4279334171
420.659427 246296339 10466288 1021724218 4279331089
420.666723 246299559 10466288 1021339473 4279327628
420.673507 246302555 10466288 1020983340 4279324483
420.680306 246305539 10466288 1020634002 4279321120
420.688060 246308948 10466288 1020248176 4279316951
420.694835 246311956 10466288 1019891609 4279314175
420.701617 246314937 10466288 1019540575 4279311031
420.708381 246317910 10466288 1019191617 4279308083
420.715435 246320999 10466288 1018835939 4279304395
420.722219 246323979 10466288 1018496061 4279300922
420.729039 246327001 10466288 1018135614 4279298164
420.735920 246330024 10466288 1017776570 4279295168
420.742693 246333001 10466288 1017425067 4279292032
420.749472 246335965 10466288 1017079934 4279288589
420.756255 246338954 10466288 1016732766 4279285070
420.763096 246341984 10466288 1016369571 4279282273
420.769939 246344995 10466288 1016010155 4279279298
420.776716 246347958 10466288 1015656961 4279276296
420.783500 246350919 10466288 1015314084 4279272813
420.790272 246353908 10466288 1014966191 4279269752
420.797587 246357124 10466288 1014583917 4279266460
420.804355 246360096 10466288 1014229987 4279263504
420.811134 246363073 10466288 1013876149 4279260501
420.817918 246366035 10466288 1013539055 4279256827
420.824700 246369045 10466288 1013187789 4279253878
420.831576 246372072 10466288 1012829791 4279250820
420.838390 246375079 10466288 1012475892 4279247907
420.845174 246378075 10466288 1012123772 4279244855
420.854064 246381976 10466288 1011675729 4279240274
420.860826 246384955 10466288 1011318125 4279237377
420.867616 246387934 10466288 1010960536 4279234302
420.874498 246390961 10466288 1010593920 4279231152
420.881823 246394159 10466288 1010214354 4279227371
420.888613 246397147 10466288 1009863115 4279223876
420.895391 246400145 10466288 1009494263 4279221063
420.902286 246403165 10466288 1009126578 4279217871
420.910179 246406635 10466288 1008706519 4279214291
420.916946 246409594 10466288 1008358448 4279210818
420.923722 246412599 10466288 1008006837 4279207658
420.930496 246415580 10466288 1007647126 4279204549
420.937270 246418552 10466288 1007286834 4279201487
420.944084 246421544 10466288 1006929821 4279198193
420.951398 246424765 10466288 1006553088 4279194626
420.958161 246427739 10466288 1006193387 4279191536
420.965239 246430847 10466288 1005816368 4279188356
420.972019 246433820 10466288 1005453886 4279185326
420.978767 246436773 10466288 1005100155 4279182135
420.985515 246439744 10466288 1004747757 4279178936
420.992271 246442722 10466288 1004389962 4279175893
420.999025 246445678 10466288 1004034329 4279172744
421.005773 246448646 10466288 1003680350 4279169741
421.012605 246451646 10466288 1003326577 4279166465
421.019359 246454616 10466288 1002980263 4279163179
421.026109 246457604 10466288 1002622883 4279160298
421.032860 246460560 10466288 1002265429 4279157211
421.039608 246463522 10466288 1001905946 4279154171
421.046356 246466481 10466288 1001551637 4279150980
421.053105 246469437 10466288 1001219532 4279147285
421.059853 246472420 10466288 1000865838 4279144571
421.066605 246475384 10466288 1000500419 4279141580
421.073353 246478350 10466288 1000133742 4279138585
421.080102 246481316 10466288 999767208 4279135490
421.086852 246484267 10466288 999426097 4279131925
421.093603 246487272 10466288 999064712 4279129086
421.100351 246490254 10466288 998703266 4279126049
421.107121 246493242 10466288 998340440 4279123043
421.113874 246496221 10466288 997980623 4279120029
421.120622 246499170 10466288 997640575 4279116449
421.127369 246502226 10466288 997268912 4279114274
421.134115 246505194 10466288 996910601 4279111204
421.140863 246508155 10466288 996553587 4279108220
421.147683 246511152 10466288 996201217 4279104823
421.154437 246514131 10466288 995853594 4279101671
421.161186 246517106 10466288 995494460 4279098618
421.167939 246520074 10466288 995136802 4279095630
421.174685 246523035 10466288 994783228 4279092668
421.181439 246525984 10466288 994441542 4279089345
421.188198 246528977 10466288 994091745 4279086389
421.194942 246531947 10466288 993736486 4279083395
421.201689 246534902 10466288 993381504 4279080415
421.208436 246537871 10466288 993023796 4279077515
421.215190 246540820 10466288 992678815 4279074009
421.221938 246543798 10466288 992327952 4279070912
421.228687 246546777 10466288 991969992 4279068025
421.235440 246549748 10466288 991615835 4279065034
421.242187 246552699 10466288 991265978 4279061939
421.248934 246555640 10466288 990923647 4279058494
421.255681 246558610 10466288 990578825 4279055149
421.262429 246561600 10466288 990220150 4279052308
421.269183 246564562 10466288 989867462 4279049310
421.275931 246567527 10466288 989512736 4279046323
421.282765 246570509 10466288 989161123 4279042943
421.289518 246573467 10466288 988820023 4279039578
421.296265 246576459 10466288 988459812 4279036721
421.303021 246579431 10466288 988101677 4279033636
421.309768 246582393 10466288 987744043 4279030645
421.316530 246585357 10466288 987393955 4279027115
421.323277 246588337 10466288 987043481 4279024061
421.330028 246591301 10466288 986692046 4279021044
421.336775 246594268 10466288 986337883 4279018012
421.343522 246597226 10466288 985982441 4279014834
421.350288 246600192 10466288 985639524 4279011481
421.357031 246603173 10466288 985286274 4279008272
421.363784 246606146 10466288 984928371 4279005040
421.370531 246609119 10466288 984573103 4279001977
421.377279 246612099 10466288 984219118 4278998850
421.384037 246615051 10466288 983882101 4278995146
421.390785 246618043 10466288 983531578 4278992159
421.397538 246621022 10466288 983178194 4278989043
421.404285 246623987 10466288 982825387 4278986012
421.411041 246626960 10466288 982474247 4278982901
421.417851 246629925 10466288 982138129 4278979197
421.424598 246632907 10466288 981791184 4278976296
421.431352 246635877 10466288 981440127 4278973358
421.438099 246638831 10466288 981091486 4278970305
421.444847 246641794 10466288 980739294 4278967262
421.451606 246644749 10466288 980397543 4278963602
421.458353 246647740 10466288 980046059 4278960621
421.465100 246650710 10466288 979695343 4278957639
421.471855 246653676 10466288 979342429 4278954710
421.478609 246656648 10466288 978990795 4278951582
421.485355 246659588 10466288 978652061 4278948073
421.492103 246662574 10466288 978301022 4278945056
421.498850 246665531 10466288 977948712 4278942017
421.505598 246668491 10466288 977596355 4278938967
421.512358 246671447 10466288 977247361 4278935705
421.519105 246674419 10466288 976904375 4278932254
421.525852 246677404 10466288 976556565 4278929297
421.532599 246680365 10466288 976211176 4278926178
421.539345 246683325 10466288 975864690 4278922990
421.546091 246686282 10466288 975523515 4278919549
421.552901 246689285 10466288 975178117 4278916242
421.559899 246692375 10466288 974813945 4278912912
421.566648 246695342 10466288 974464713 4278909784
421.573396 246698311 10466288 974113834 4278906646
421.580145 246701261 10466288 973768191 4278903299
421.586897 246704242 10466288 973424417 4278899955
421.593650 246707237 10466288 973068267 4278897053
421.600397 246710205 10466288 972713732 4278893930
421.607145 246713177 10466288 972361203 4278890830
421.613893 246716142 10466288 972014673 4278887520
421.620641 246719084 10466288 971682414 4278883954
421.627389 246722081 10466288 971331535 4278881002
421.634140 246725056 10466288 970985562 4278877885
421.640888 246728031 10466288 970642203 4278874826
421.647635 246730994 10466288 970300426 4278871634
421.654383 246733950 10466288 969969112 4278868053
421.661162 246736946 10466288 969621715 4278865149
421.667910 246739918 10466288 969275531 4278862199
421.674656 246742883 10466288 968930647 4278859255
421.681402 246745836 10466288 968595680 4278855604
421.688210 246748856 10466288 968244506 4278852395
421.694957 246751814 10466288 967900321 4278849393
421.701705 246754775 10466288 967557383 4278846217
421.708451 246757740 10466288 967213258 4278843140
421.715197 246760703 10466288 966876162 4278839718
421.721944 246763681 10466288 966536136 4278836545
421.728691 246766648 10466288 966190207 4278833427
421.735438 246769611 10466288 965843167 4278830392
421.742184 246772582 10466288 965495791 4278827285
421.748932 246775538 10466288 965156304 4278823836
421.755692 246778543 10466288 964810493 4278820692
421.762439 246781513 10466288 964460235 4278817609
421.769185 246784485 10466288 964111023 4278814546
421.775932 246787462 10466288 963759462 4278811491
421.782686 246790411 10466288 963420593 4278807995
421.789434 246793400 10466288 963072074 4278804877
421.796184 246796384 10466288 962715644 4278801912
421.802938 246799350 10466288 962360565 4278798879
421.809683 246802327 10466288 962003797 4278795791
421.816430 246805281 10466288 961659916 4278792146
421.823237 246808285 10466288 961313162 4278788792
421.829984 246811281 10466288 960951989 4278785892
421.836738 246814265 10466288 960596935 4278782757
421.843488 246817246 10466288 960242105 4278779726
421.850235 246820198 10466288 959906709 4278776028
421.856985 246823184 10466288 959560137 4278772964
421.863734 246826149 10466288 959184963 4278769977
421.870485 246829105 10466288 958812691 4278766921
421.877236 246832071 10466288 958441507 4278763993
421.883986 246835030 10466288 958084664 4278760402
421.890734 246838001 10466288 957721611 4278757360
421.897483 246840965 10466288 957355526 4278754309
421.904231 246843922 10466288 956992897 4278751256
421.910980 246846890 10466288 956630149 4278748215
421.917763 246849873 10466288 956277818 4278744713
421.924514 246852861 10466288 955919603 4278741619
421.931264 246855820 10466288 955558293 4278738580
421.938021 246858790 10466288 955196954 4278735667
421.944770 246861753 10466288 954837771 4278732770
421.951518 246864697 10466288 954492140 4278729249
421.958328 246867721 10466288 954131034 4278726395
421.965040 246870669 10466288 953776407 4278723288
421.971793 246873627 10466288 953416828 4278720189
421.978547 246876592 10466288 953056647 4278717089
421.985294 246879535 10466288 952714097 4278713427
421.992033 246882520 10466288 952364190 4278710471
421.998783 246885484 10466288 952004005 4278707539
422.005530 246888440 10466288 951644641 4278704430
422.012278 246891403 10466288 951281868 4278701397
422.019029 246894348 10466288 950932359 4278697734
422.025777 246897335 10466288 950572126 4278694787
422.032523 246900296 10466288 950209320 4278691733
422.039283 246903267 10466288 949843843 4278688724
422.046039 246906231 10466288 949486739 4278685381
422.052787 246909192 10466288 949140269 4278682020
422.059534 246912171 10466288 948773886 4278679134
422.066263 246915118 10466288 948413267 4278675992
422.073020 246918094 10466288 948050743 4278672883
422.079767 246921042 10466288 947695962 4278669669
422.086514 246924012 10466288 947359670 4278666235
422.093327 246927017 10466288 947024443 4278663232
422.100038 246929968 10466288 946698930 4278660205
422.106787 246932999 10466288 946353577 4278658010
422.113536 246935956 10466288 946032340 4278654641
422.120285 246938923 10466288 945685842 4278651328
422.127374 246942058 10466288 945310261 4278648209
422.134124 246945018 10466288 944955280 4278645161
422.140875 246947990 10466288 944597737 4278642156
422.147623 246950945 10466288 944248690 4278638891
422.154371 246953915 10466288 943901863 4278635613
422.161119 246956904 10466288 943543954 4278632714
422.167869 246959869 10466288 943190231 4278629632
422.174621 246962820 10466288 942838854 4278626562
422.181369 246965781 10466288 942488482 4278623400
422.188124 246968731 10466288 942148638 4278619902
422.194909 246971746 10466288 941789920 4278617106
422.201680 246974717 10466288 941438128 4278614114
422.209058 246977957 10466288 941053056 4278610814
422.215840 246980926 10466288 940715390 4278607189
422.223354 246984252 10466288 940319725 4278604009
422.230214 246987252 10466288 939960449 4278600920
422.236998 246990252 10466288 939598481 4278597920
422.243812 246993235 10466288 939237981 4278594864
422.251079 246996415 10466288 938864058 4278591012
422.257850 246999406 10466288 938504023 4278588034
422.264636 247002383 10466288 938143446 4278584946
422.271416 247005360 10466288 937781385 4278581827
422.278220 247008349 10466288 937416788 4278578816
422.285046 247011338 10466288 937068633 4278575219
422.291829 247014334 10466288 936708403 4278572203
422.298612 247017313 10466288 936344014 4278569113
422.305414 247020301 10466288 935980087 4278566066
422.312197 247023287 10466288 935618264 4278563051
422.319040 247026291 10466288 935270182 4278559571
422.325807 247029281 10466288 934920839 4278556478
422.334052 247032911 10466288 934488161 4278552800
422.340850 247035902 10466288 934133127 4278549724
422.347630 247038878 10466288 933785118 4278546405
422.354413 247041843 10466288 933451818 4278542783
422.361180 247044846 10466288 933101757 4278539917
422.368071 247047877 10466288 932747507 4278536899
422.375035 247050927 10466288 932393289 4278533811
422.381821 247053889 10466288 932054322 4278530261
422.389772 247057414 10466288 931644571 4278526663
422.396546 247060389 10466288 931299421 4278523725
422.403326 247063364 10466288 930956177 4278520755
422.410116 247066340 10466288 930610441 4278517723
422.417360 247069523 10466288 930249389 4278514007
422.424134 247072514 10466288 929900213 4278511060
422.430904 247075481 10466288 929550443 4278508012
422.437684 247078454 10466288 929199947 4278504885
422.445314 247081792 10466288 928804672 4278501303
422.452066 247084746 10466288 928471839 4278497673
422.458840 247087732 10466288 928124177 4278494862
422.465635 247090717 10466288 927773585 4278491884
422.473067 247093983 10466288 927390162 4278488529
422.479839 247096947 10466288 927042994 4278485271
422.486631 247099923 10466288 926705515 4278481602
422.493405 247102950 10466288 926345166 4278478827
422.501085 247106333 10466288 925942332 4278475372
422.507965 247109368 10466288 925579352 4278472206
422.514749 247112324 10466288 925231234 4278468835
422.521579 247115347 10466288 924879868 4278465530
422.528887 247118561 10466288 924495202 4278462151
422.535673 247121543 10466288 924140764 4278459044
422.542453 247124520 10466288 923788657 4278455946
422.549992 247127818 10466288 923411854 4278451984
422.556799 247130828 10466288 923063279 4278448814
422.563572 247133803 10466288 922711502 4278445686
422.570353 247136781 10466288 922363215 4278442605
422.577122 247139761 10466288 922012420 4278439628
422.583898 247142733 10466288 921674486 4278435996
422.590670 247145724 10466288 921327931 4278432973
422.597441 247148696 10466288 920981487 4278429910
422.604221 247151682 10466288 920632517 4278426784
422.611050 247154682 10466288 920282073 4278423728
422.618412 247157904 10466288 919914994 4278419826
422.625183 247160903 10466288 919563401 4278416882
422.632444 247164086 10466288 919189807 4278413667
422.639229 247167061 10466288 918841258 4278410624
422.646109 247170066 10466288 918493388 4278407383
422.652888 247173025 10466288 918157822 4278403767
422.659716 247176047 10466288 917803213 4278400898
422.666527 247179040 10466288 917452896 4278397980
422.673504 247182114 10466288 917091070 4278394731
422.680279 247185082 10466288 916745855 4278391645
422.688068 247188498 10466288 916358902 4278387639
422.694844 247191484 10466288 916014305 4278384658
422.701629 247194480 10466288 915665792 4278381533
422.708396 247197461 10466288 915316744 4278378543
422.715414 247200522 10466288 914963442 4278375112
422.722211 247203516 10466288 914620385 4278371853
422.729041 247206533 10466288 914269600 4278368794
422.735820 247209522 10466288 913920573 4278365597
422.743768 247213027 10466288 913506693 4278361863
422.750586 247216019 10466288 913167957 4278358241
422.757360 247219018 10466288 912814127 4278355283
422.764431 247222119 10466288 912451941 4278352055
422.771201 247225087 10466288 912102647 4278349008
422.777985 247228064 10466288 911754333 4278345891
422.784906 247231085 10466288 911416539 4278342058
422.791693 247234085 10466288 911064010 4278339186
422.798494 247237069 10466288 910714125 4278336069
422.806108 247240413 10466288 910320557 4278332543
422.812901 247243384 10466288 909976695 4278329204
422.819691 247246357 10466288 909641412 4278325771
422.827245 247249701 10466288 909252839 4278322537
422.834050 247252688 10466288 908904399 4278319514
422.840835 247255668 10466288 908555786 4278316492
422.847615 247258629 10466288 908216033 4278313205
422.854386 247261621 10466288 907869547 4278309963
422.861373 247264703 10466288 907508076 4278306833
422.868156 247267671 10466288 907161583 4278303794
422.874936 247270649 10466288 906814703 4278300706
422.882059 247273772 10466288 906453764 4278297255
422.888843 247276761 10466288 906112807 4278293837
422.895623 247279754 10466288 905760944 4278290894
422.902402 247282733 10466288 905411493 4278287848
422.909179 247285695 10466288 905063944 4278284778
422.915955 247288650 10466288 904723619 4278281329
422.922860 247291708 10466288 904367480 4278278032
422.929948 247294813 10466288 903997288 4278274865
422.936715 247297785 10466288 903638497 4278271726
422.943495 247300764 10466288 903278756 4278268674
422.950376 247303786 10466288 902924091 4278265082
422.957140 247306771 10466288 902568822 4278261923
422.963927 247309764 10466288 902206372 4278258862
422.970714 247312750 10466288 901842730 4278255777
422.977490 247315723 10466288 901479736 4278252758
422.985058 247319042 10466288 901091743 4278248828
422.991838 247322042 10466288 900729890 4278245814
422.998620 247325019 10466288 900370678 4278242718
423.005399 247327998 10466288 900012322 4278239700
423.013850 247331696 10466288 899572594 4278235662
423.020649 247334686 10466288 899222714 4278232445
423.027770 247337837 10466288 898845118 4278229182
423.034539 247340807 10466288 898484590 4278226155
423.042458 247344280 10466288 898065524 4278222692
423.049262 247347246 10466288 897715739 4278219335
423.056090 247350241 10466288 897372005 4278215952
423.062976 247353286 10466288 897006921 4278213103
423.069858 247356302 10466288 896648442 4278210105
423.076632 247359275 10466288 896297091 4278207001
423.083400 247362229 10466288 895954702 4278203413
423.090163 247365215 10466288 895604004 4278200454
423.097885 247368591 10466288 895203457 4278197183
423.104731 247371586 10466288 894848630 4278194050
423.111514 247374552 10466288 894500548 4278190710
423.118285 247377513 10466288 894159236 4278187186
423.125672 247380780 10466288 893769422 4278184003
423.132434 247383748 10466288 893415344 4278180954
423.139212 247386722 10466288 893063267 4278177918
423.145990 247389691 10466288 892715876 4278174611
423.153731 247393086 10466288 892323955 4278170746
423.160502 247396059 10466288 891963387 4278167825
423.167279 247399032 10466288 891600627 4278164734
423.174101 247402040 10466288 891234558 4278161642
423.181057 247405083 10466288 890868194 4278158218
423.187822 247408057 10466288 890518031 4278154674
423.194600 247411054 10466288 890151437 4278151700
423.201474 247414073 10466288 889779447 4278148664
423.209052 247417416 10466288 889369973 4278145194
423.215830 247420378 10466288 889016665 4278141675
423.222606 247423360 10466288 888665404 4278138303
423.229409 247426370 10466288 888295475 4278135429
423.236858 247429645 10466288 887896598 4278132133
423.243639 247432617 10466288 887536152 4278129061
423.250408 247435561 10466288 887188510 4278125541
423.257178 247438552 10466288 886835734 4278122551
423.264192 247441642 10466288 886462232 4278119401
423.270968 247444618 10466288 886103693 4278116398
423.277843 247447623 10466288 885744335 4278113191
423.284618 247450588 10466288 885400042 4278109593
423.291437 247453610 10466288 885036175 4278106680
423.298201 247456584 10466288 884676872 4278103704
423.305132 247459625 10466288 884310698 4278100693
423.311919 247462580 10466288 883955880 4278097513
423.318683 247465541 10466288 883608359 4278093841
423.325445 247468534 10466288 883248225 4278091022
423.332904 247471801 10466288 882857459 4278087777
423.340169 247474984 10466288 882480266 4278084418
423.346979 247477969 10466288 882127470 4278081140
423.354161 247481132 10466288 881760732 4278077420
423.360940 247484104 10466288 881404054 4278074512
423.367719 247487067 10466288 881050258 4278071376
423.374489 247490039 10466288 880696248 4278068361
423.381305 247493021 10466288 880343822 4278065120
423.388129 247496024 10466288 879997236 4278061575
423.394904 247499014 10466288 879640826 4278058731
423.401682 247501981 10466288 879275144 4278055709
423.408516 247504980 10466288 878904425 4278052610
423.415452 247508002 10466288 878535919 4278049239
423.422219 247510969 10466288 878180943 4278045660
423.429032 247513960 10466288 877809395 4278042771
423.435811 247516928 10466288 877439519 4278039664
423.443694 247520394 10466288 877007985 4278036066
423.450504 247523363 10466288 876656771 4278032343
423.457284 247526358 10466288 876288015 4278029358
423.464829 247529672 10466288 875876685 4278025919
423.471628 247532646 10466288 875509121 4278022818
423.478495 247535652 10466288 875145432 4278019538
423.485262 247538611 10466288 874810369 4278016064
423.492048 247541615 10466288 874468497 4278013196
423.500142 247545184 10466288 874077812 4278009535
423.506920 247548170 10466288 873752416 4278006428
423.513712 247551140 10466288 873426764 4278003058
423.520480 247554109 10466288 873075431 4277999652
423.527747 247557311 10466288 872687859 4277996460
423.534523 247560283 10466288 872325928 4277993386
423.541302 247563246 10466288 871965312 4277990364
423.548357 247566349 10466288 871596796 4277986782
423.555239 247569356 10466288 871241562 4277983337
423.562092 247572389 10466288 870873735 4277980490
423.568868 247575359 10466288 870515646 4277977486
423.575656 247578335 10466288 870155926 4277974406
423.582946 0 0 0 0
423.591062 0 0 0 0
423.597849 0 0 0 0
423.604635 0 0 0 0
423.611413 0 0 0 0
423.618306 0 0 0 0
423.625079 0 0 0 0
423.631921 0 0 0 0
423.638718 0 0 0 0
423.645508 0 0 0 0
423.652272 0 0 0 0
423.659247 0 0 0 0
423.666068 0 0 0 0
423.672862 0 0 0 0
423.679635 0 0 0 0
423.688351 5798 521 4294294460 4294967249
423.695115 12291 1035 4293501904 4294966893
423.701884 18789 1474 4292703922 4294966508
423.708672 25309 1806 4291908017 4294966114
423.715438 31800 2060 4291143300 4294965913
423.722209 38303 2189 4290386023 4294965851
423.729060 44879 2428 4289592399 4294965406
423.735865 51412 2647 4288809181 4294964882
423.742639 57915 2794 4288024415 4294964413
423.749409 64413 2898 4287257381 4294964107
425.417226 1665519 69806 4095732004 4294896910
425.424034 1672056 69816 4094944389 4294896700
425.430850 1678598 69823 4094146697 4294896386
425.437622 1685099 69837 4093361718 4294896062
425.444385 1691592 69864 4092570756 4294895746
425.451145 1698081 69894 4091815392 4294895690
425.457932 1704599 69966 4091050831 4294895485
425.464707 1711102 70097 4090276374 4294895103
425.471479 1717603 70240 4089498733 4294894732
425.478242 1724094 70452 4088717274 4294894564
425.485031 1730612 70915 4087952593 4294894507
425.491803 1737114 71364 4087159974 4294894234
425.498582 1743623 71874 4086364561 4294893875
425.505351 1750119 72588 4085569988 4294893520
425.512118 1756617 73760 4084771785 4294893160
425.518891 1763118 74838 4084010125 4294893096
425.525667 1769623 75646 4083228651 4294892946
425.532443 1776127 76341 4082434535 4294892612
425.539209 1782624 76941 4081642553 4294892244
425.545990 1789134 77402 4080850838 4294891887
425.552891 1795758 77730 4080075030 4294891786
425.560048 1802630 78023 4079256377 4294891560
425.566832 1809141 78281 4078457176 4294891158
425.573604 1815643 78501 4077663106 4294890730
425.580373 1822142 78693 4076886800 4294890336
425.587135 1828631 78784 4076124544 4294890215
425.594101 1835319 78918 4075340141 4294889813
425.601162 1842100 79076 4074537574 4294889195
425.607942 1848608 79165 4073761713 4294888651
425.614759 1855152 79195 4072994427 4294888437
425.621532 1861654 79206 4072229387 4294888359
425.628300 1868151 79252 4071447797 4294888009
425.635063 1874643 79282 4070669575 4294887674
425.641835 1881145 79300 4069887758 4294887348
425.648614 1887653 79309 4069121094 4294887150
425.655415 1894181 79309 4068349477 4294887110
425.662182 1900677 79319 4067561552 4294886784
425.668962 1907185 79341 4066769195 4294886397
425.675765 1913718 79360 4065977153 4294886054
425.682537 1920219 79402 4065210000 4294885827
425.689433 1926839 79449 4064433595 4294885777
425.696204 1933339 79569 4063653762 4294885409
425.702994 1939857 79723 4062871567 4294885038
425.709807 1946398 79987 4062077707 4294884671
425.716586 1952905 80479 4061310989 4294884463
425.723352 1959401 81123 4060544216 4294884417
425.730120 1965898 81646 4059750943 4294884052
425.736901 1972408 82442 4058962435 4294883701
425.743679 1978914 83707 4058173450 4294883335
425.750454 1985418 84740 4057403234 4294883127
425.757261 1991953 85579 4056632660 4294883081
425.764086 1998507 86156 4055837124 4294882763
425.770858 2005006 86664 4055052745 4294882404
425.777638 2011516 87127 4054275736 4294882054
425.784410 2018016 87496 4053536653 4294881987
425.791182 2024518 87737 4052764967 4294881745
425.797976 2031040 87964 4051983343 4294881343
425.804752 2037545 88134 4051205496 4294880940
425.811522 2044044 88281 4050428140 4294880470
425.818298 2050549 88331 4049675418 4294880408
425.827069 2058969 88455 4048676483 4294880023
425.833849 2065479 88538 4047905220 4294879637
425.840639 2071997 88582 4047131213 4294879256
425.847415 2078502 88601 4046376850 4294879068
425.854179 2084994 88611 4045617986 4294879003
425.860952 2091497 88653 4044843292 4294878694
425.867728 2098003 88676 4044068515 4294878383
425.874497 2104501 88696 4043297942 4294877998
425.882058 2111760 88703 4042445483 4294877728
425.888865 2118295 88704 4041692287 4294877685
425.895644 2124801 88716 4040913973 4294877402
425.902413 2131299 88743 4040140392 4294877039
425.909175 2137791 88779 4039364930 4294876700
425.915947 2144292 88846 4038594481 4294876434
425.922728 2150802 88920 4037845271 4294876382
425.929558 2157358 89064 4037062092 4294876063
425.936328 2163858 89289 4036275320 4294875690
425.943092 2170351 89601 4035489904 4294875326
425.949867 2176854 90168 4034730578 4294875251
425.956639 2183356 90789 4033952102 4294875079
425.963493 2189936 91404 4033148427 4294874723
425.970296 2196469 92404 4032353068 4294874368
425.977096 2202996 93479 4031558701 4294874033
425.983870 2209498 94515 4030801699 4294873970
425.990641 2215998 95238 4030030170 4294873813
425.997409 2222495 95841 4029239186 4294873488
426.004174 2228991 96344 4028448299 4294873136
426.011168 2235704 96838 4027636857 4294872740
426.017936 2242202 97118 4026879344 4294872637
426.024726 2248720 97348 4026117806 4294872437
426.031490 2255213 97577 4025353056 4294871986
426.038255 2261707 97764 4024586281 4294871532
426.045085 2268264 97949 4023822908 4294871104
426.051875 2274782 98013 4023076091 4294871008
426.058646 2281284 98085 4022312861 4294870711
426.065415 2287781 98149 4021550198 4294870324
426.072178 2294273 98179 4020794619 4294869933
426.078955 2300780 98227 4020036147 4294869567
426.085763 2307316 98245 4019298378 4294869440
426.092539 2313822 98267 4018544013 4294869284
426.099407 2320414 98303 4017777546 4294868930
426.106176 2326912 98310 4017019481 4294868601
426.112951 2333415 98317 4016270707 4294868307
426.119728 2339923 98321 4015543562 4294868250
426.126503 2346427 98334 4014779405 4294868012
426.133308 2352958 98355 4014007378 4294867688
426.140062 2359444 98399 4013240647 4294867351
426.146834 2365944 98437 4012483234 4294867113
426.153605 2372443 98507 4011730289 4294867058
426.160375 2378944 98651 4010956490 4294866707
426.167147 2385444 98855 4010191470 4294866298
426.173922 2391948 99125 4009421729 4294865922
426.180693 2398448 99615 4008668266 4294865629
426.187468 2404951 100449 4007931270 4294865565
426.194235 2411449 101059 4007155815 4294865237
426.201042 2417985 101983 4006378856 4294864836
426.207848 2424518 103013 4005600199 4294864457
426.214686 2431081 103957 4004834820 4294864185
426.221448 2437573 104813 4004101761 4294864135
426.228216 2444070 105392 4003344616 4294863740
426.235070 2450651 105903 4002574681 4294863265
426.241843 2457153 106393 4001818516 4294862818
426.248623 2463661 106739 4001071816 4294862462
426.255400 2470167 106946 4000329901 4294862349
426.262183 2476679 107202 3999576084 4294861906
426.268974 2483199 107425 3998828714 4294861364
426.277086 2490987 107609 3997930392 4294860759
426.283856 2497484 107677 3997202278 4294860609
426.290643 2504002 107734 3996446586 4294860435
426.297412 2510498 107805 3995691822 4294860024
426.304181 2516996 107847 3994934955 4294859633
426.310952 2523497 107885 3994177630 4294859290
426.317726 2529999 107898 3993450164 4294859230
426.324491 2536494 107928 3992704773 4294859036
426.331307 2543038 107955 3991952886 4294858663
426.338093 2549555 107972 3991201594 4294858278
426.344872 2556060 107985 3990454222 4294857916
426.351643 2562560 107990 3989717959 4294857858
426.358463 2569109 107996 3988953899 4294857659
426.365231 2575604 108009 3988203709 4294857319
426.372080 2582208 108046 3987430923 4294856976
426.378898 2588725 108123 3986669511 4294856596
426.385672 2595229 108194 3985938353 4294856518
426.392444 2601729 108321 3985176138 4294856299
426.399226 2608243 108568 3984400005 4294855915
426.406027 2614771 108858 3983623253 4294855541
426.412799 2621269 109247 3982843474 4294855190
426.420083 2628263 110035 3982024082 4294855135
426.426851 2634760 111140 3981274955 4294855090
426.433625 2641263 111955 3980474409 4294854860
426.440502 2647865 112916 3979677065 4294854513
426.447282 2654375 113784 3978890783 4294854179
426.454105 2660927 114693 3978132327 4294854123
426.460895 2667445 115298 3977350654 4294853896
426.467678 2673955 115764 3976559214 4294853531
426.474500 2680504 116210 3975758245 4294853160
426.481270 2687003 116559 3974988208 4294852947
426.489096 2694516 116760 3974098709 4294852758
426.497109 2702208 116984 3973166660 4294852259
426.503891 2708718 117145 3972386710 4294851798
426.510795 2715349 117329 3971594229 4294851313
426.517571 2721852 117370 3970847049 4294851226
426.524337 2728347 117405 3970082342 4294851043
426.531103 2734843 117453 3969299749 4294850698
426.537910 2741378 117503 3968505491 4294850346
426.544690 2747885 117553 3967713496 4294850021
426.551463 2754387 117568 3966943397 4294849952
426.558237 2760891 117578 3966166397 4294849819
426.565045 2767426 117601 3965383853 4294849493
426.571828 2773939 117614 3964606846 4294849143
426.578601 2780441 117614 3963825271 4294848835
426.585367 2786936 117616 3963070210 4294848751
426.592169 2793465 117631 3962299778 4294848587
426.600157 2801135 117659 3961378076 4294848182
426.606937 2807643 117705 3960593735 4294847846
426.613706 2814140 117792 3959806405 4294847522
426.622094 2822193 117928 3958874789 4294847447
426.628874 2828703 118109 3958106832 4294847137
426.635646 2835204 118357 3957332476 4294846728
426.642417 2841704 118727 3956552426 4294846345
426.649276 2848289 119436 3955784472 4294846121
426.658204 2856858 120559 3954766384 4294845943
426.665032 2863414 121586 3953964481 4294845571
426.671821 2869931 122483 3953170312 4294845210
426.678595 2876435 123340 3952388328 4294844918
426.685380 2882952 124159 3951630112 4294844875
426.692211 2889506 124719 3950842554 4294844611
426.698993 2896040 125215 3950055041 4294844230
426.705789 2902540 125584 3949274295 4294843851
426.712557 2909039 125866 3948509948 4294843492
426.719327 2915538 126069 3947762807 4294843422
426.726117 2922056 126292 3946976664 4294843119
426.732884 2928551 126508 3946188814 4294842661
426.739653 2935050 126661 3945402426 4294842238
426.746428 2941556 126805 3944621436 4294841821
426.753192 2948047 126827 3943866864 4294841768
426.759977 2954561 126865 3943080576 4294841551
426.766752 2961067 126910 3942289476 4294841234
426.773526 2967570 126976 3941497361 4294840875
426.780305 2974076 127009 3940709230 4294840580
426.788607 2982045 127019 3939771923 4294840524
426.795383 2988553 127026 3938974409 4294840291
426.802153 2995051 127033 3938176976 4294839992
426.808984 3001608 127041 3937380827 4294839682
426.815762 3008117 127050 3936600858 4294839434
426.822529 3014611 127071 3935863867 4294839358
426.829298 3021109 127092 3935086599 4294839113
426.836067 3027608 127127 3934303578 4294838770
426.842849 3034121 127192 3933514420 4294838434
426.849675 3040671 127284 3932749461 4294838327
426.856480 3047205 127438 3931969722 4294838193
426.863248 3053702 127659 3931181394 4294837841
426.870051 3060233 127958 3930390704 4294837484
426.876825 3066736 128333 3929602663 4294837105
426.883588 3073228 129318 3928845150 4294837009
426.890415 3079780 130205 3928063072 4294836877
426.897502 3086583 131382 3927233197 4294836495
426.904251 3093063 132253 3926444003 4294836128
426.911020 3099561 133044 3925660321 4294835753
426.917769 3106040 133840 3924913134 4294835664
426.924624 3112621 134378 3924134645 4294835512
426.931635 3119351 134859 3923322390 4294835095
426.938384 3125830 135284 3922542538 4294834709
426.945132 3132308 135600 3921760823 4294834283
426.951882 3138788 135836 3921013035 4294834128
426.958678 3145312 135995 3920232777 4294833919
426.965752 3152104 136197 3919413610 4294833348
426.972501 3158583 136385 3918638358 4294832776
426.979251 3165063 136534 3917855435 4294832332
426.986000 3171559 136574 3917095365 4294832218
426.992811 3178080 136607 3916314845 4294832058
426.999889 3184875 136663 3915494613 4294831718
427.006637 3191353 136708 3914710202 4294831423
427.013386 3197832 136743 3913946957 4294831195
427.020136 3204312 136756 3913190608 4294831138
427.026891 3210798 136775 3912399946 4294830830
427.034019 3217640 136791 3911567290 4294830477
427.040769 3224120 136798 3910773809 4294830187
427.047519 3230600 136811 3909997386 4294829982
427.054268 3237079 136817 3909225723 4294829933
427.061112 3243650 136852 3908494143 4294829545
427.068172 3250427 136909 3907734266 4294829128
427.074921 3256906 136998 3906943287 4294828799
427.081669 3263384 137119 3906164973 4294828595
427.088419 3269864 137282 3905391380 4294828501
427.095180 3276355 137479 3904587635 4294828175
427.102290 3283180 137814 3903744426 4294827806
427.109032 3289653 138291 3902946416 4294827448
427.115782 3296132 139091 3902174518 4294827227
427.122530 3302611 140098 3901418779 4294827182
427.129290 3309101 141283 3900621050 4294826864
427.136423 3315948 142174 3899783928 4294826485
427.143172 3322427 142989 3898989955 4294826125
427.149921 3328906 143771 3898221297 4294825905
427.156670 3335385 144312 3897458760 4294825853
427.163426 3341872 144732 3896672138 4294825511
427.170549 3348709 145157 3895842106 4294825106
427.177297 3355187 145441 3895064908 4294824700
427.184040 3361660 145633 3894309613 4294824563
427.190790 3368140 145748 3893536895 4294824414
427.197621 3374699 145966 3892745221 4294823954
427.204688 3381482 146184 3891922263 4294823468
427.211435 3387960 146358 3891139432 4294823051
427.218185 3394439 146399 3890411365 4294822954
427.224934 3400918 146425 3889632446 4294822753
427.231690 3407405 146472 3888844101 4294822409
427.238800 3414229 146516 3888019675 4294822069
427.245547 3420707 146557 3887238931 4294821764
427.252297 3427187 146568 3886478869 4294821706
427.259030 3433651 146575 3885699081 4294821506
427.265792 3440142 146578 3884917014 4294821193
427.272964 3447027 146586 3884080225 4294820848
427.279712 3453506 146590 3883299055 4294820580
427.286463 3459987 146598 3882542428 4294820523
427.293213 3466467 146627 3881750656 4294820297
427.299969 3473979 146689 3880829003 4294819943
427.307790 3480461 146776 3880028706 4294819616
427.314539 3486939 146899 3879239829 4294819312
427.321293 3493424 147064 3878474478 4294819258
427.328042 3499902 147217 3877680398 4294819095
427.334869 3506456 147612 3876884480 4294818725
427.341621 3512938 148004 3876082157 4294818374
427.348370 3519417 148698 3875282809 4294818047
427.355121 3525899 149893 3874511857 4294817995
427.361876 3532383 150983 3873711928 4294817753
427.368627 3538864 151835 3872907365 4294817424
427.375380 3545347 152628 3872110789 4294817075
427.382130 3551827 153376 3871352965 4294816939
427.388882 3558309 153902 3870592585 4294816834
427.395631 3564788 154350 3869810336 4294816470
427.402422 3571308 154740 3869023336 4294816074
427.409501 3578103 155058 3868203426 4294815639
427.416251 3584583 155241 3867449286 4294815447
427.423017 3591079 155376 3866684451 4294815299
427.429767 3597559 155572 3865909767 4294814840
427.436554 3604074 155754 3865133512 4294814355
427.443628 3610865 155967 3864323136 4294813868
427.450377 3617344 156037 3863574670 4294813683
427.457128 3623824 156053 3862809815 4294813584
427.463878 3630305 156104 3862032729 4294813224
427.470706 3636860 156164 3861253565 4294812859
427.477754 3643626 156220 3860445725 4294812503
427.484504 3650106 156233 3859692444 4294812374
427.491254 3656587 156237 3858932381 4294812284
427.498015 3663077 156243 3858154717 4294811953
427.504771 3669563 156251 3857372797 4294811651
427.511872 3676379 156265 3856548277 4294811311
427.518621 3682859 156276 3855785530 4294811207
427.525372 3689339 156295 3855009128 4294811082
427.532121 3695819 156344 3854225620 4294810710
427.538883 3702310 156437 3853443246 4294810347
427.546042 3709182 156560 3852630495 4294810079
427.552792 3715663 156742 3851888548 4294810018
427.559543 3722144 156993 3851114136 4294809697
427.566292 3728623 157318 3850336354 4294809315
427.573040 3735101 157736 3849555781 4294808898
427.580159 3741934 158586 3848746152 4294808608
427.586910 3748416 159738 3847989602 4294808567
427.593661 3754897 160987 3847200358 4294808251
427.600410 3761376 161842 3846409062 4294807908
427.607234 3767928 162656 3845609300 4294807579
427.614304 3774715 163414 3844801289 4294807321
427.621033 3781175 163927 3844051555 4294807271
427.627788 3787659 164358 3843265652 4294806959
427.634540 3794141 164766 3842484582 4294806582
427.641295 3800626 165066 3841705151 4294806200
427.648420 3807466 165320 3840893812 4294805895
427.655176 3813952 165407 3840150800 4294805816
427.661928 3820433 165603 3839395681 4294805336
427.668677 3826912 165757 3838641517 4294804813
427.675433 3833398 165893 3837891668 4294804341
427.682550 3840230 165968 3837117422 4294804019
427.689305 3846715 165977 3836377847 4294803973
427.696031 3853172 165999 3835621634 4294803658
427.702780 3859652 166050 3834875902 4294803295
427.709535 3866136 166105 3834125068 4294802915
427.716688 3873003 166132 3833348004 4294802749
427.723440 3879485 166139 3832611186 4294802633
427.730190 3885965 166151 3831857930 4294802261
427.736940 3892445 166165 3831105944 4294801877
427.743787 3899018 166176 3830343494 4294801518
427.750820 3905770 166192 3829575517 4294801451
427.757574 3912253 166211 3828826661 4294801241
427.764325 3918735 166257 3828071353 4294800837
427.771028 3925169 166317 3827317739 4294800447
427.777778 3931649 166426 3826558463 4294800056
427.784960 3938544 166637 3825775157 4294799984
427.791716 3945030 166902 3825013258 4294799771
427.798464 3951508 167261 3824246793 4294799391
427.805212 3957986 167695 3823486646 4294798977
427.811968 3964471 168281 3822722186 4294798588
427.819091 3971309 169506 3821948097 4294798521
427.825848 3977796 170622 3821195264 4294798300
427.832597 3984275 171448 3820427194 4294797887
427.839345 3990754 172170 3819664237 4294797459
427.846101 3997239 172845 3818903801 4294797037
427.853221 4004074 173520 3818124346 4294796930
427.859980 4010563 173980 3817346014 4294796676
427.866728 4017042 174402 3816530310 4294796177
427.873475 4023519 174770 3815714676 4294795743
427.880314 4030102 175045 3814889555 4294795302
427.887373 4036861 175183 3814091963 4294795139
427.894137 4043354 175292 3813293012 4294794905
427.900895 4049842 175491 3812488883 4294794431
427.907644 4056320 175630 3811693237 4294794009
427.914412 4062818 175700 3810926604 4294793792
427.921161 4069297 175731 3810174258 4294793689
427.927910 4075776 175766 3809386133 4294793379
427.934660 4082256 175802 3808598293 4294793066
427.941408 4088734 175837 3807808294 4294792778
427.948155 4095212 175851 3807036769 4294792607
427.954899 4101686 175860 3806261775 4294792557
427.961655 4108171 175865 3805466650 4294792278
427.968433 4114678 175883 3804671951 4294791966
427.975181 4121156 175892 3803886189 4294791667
427.982597 4128279 175905 3803037525 4294791468
427.990173 4135552 175921 3802175275 4294791370
427.998044 4143107 175984 3801256531 4294791006
428.004814 4149606 176076 3800463387 4294790702
428.011628 4156149 176212 3799663484 4294790334
428.018497 4162741 176412 3798894653 4294790235
428.025273 4169248 176709 3798129651 4294790061
428.034070 4177692 177170 3797087094 4294789598
428.040876 4184225 177652 3796280444 4294789240
428.047645 4190724 178368 3795478310 4294788874
428.054428 4197236 179619 3794708137 4294788824
428.061228 4203764 180696 3793908317 4294788612
428.068031 4210295 181483 3793098829 4294788275
428.074810 4216802 182185 3792294737 4294787886
428.081583 4223304 182917 3791522216 4294787710
428.088370 4229820 183388 3790742438 4294787599
428.095144 4236324 183835 3789939973 4294787164
428.101917 4242824 184186 3789142502 4294786704
428.108691 4249327 184501 3788350260 4294786222
428.115484 4255849 184697 3787577514 4294785986
428.122283 4262376 184800 3786810607 4294785833
428.129073 4268895 184993 3786021993 4294785270
428.135877 4275426 185140 3785224418 4294784801
428.142651 4281930 185219 3784432565 4294784367
428.149423 4288432 185249 3783658845 4294784189
428.156273 4295008 185272 3782870179 4294784085
428.163105 4301566 185319 3782070643 4294783760
428.169911 4308100 185365 3781278536 4294783419
428.176683 4314602 185385 3780490307 4294783135
428.183454 4321101 185398 3779723010 4294782986
428.190223 4327598 185406 3778975782 4294782930
428.197022 4334131 185419 3778205971 4294782569
428.203809 4340641 185436 3777433079 4294782205
428.210577 4347139 185454 3776661147 4294781853
428.217349 4353640 185467 3775902159 4294781682
428.224109 4360129 185484 3775150614 4294781613
428.230901 4366649 185546 3774384097 4294781226
428.237679 4373156 185642 3773620166 4294780815
428.244466 4379671 185795 3772848681 4294780382
428.251242 4386177 186077 3772105876 4294780264
428.258037 4392700 186417 3771337147 4294780073
428.264815 4399208 186795 3770557308 4294779663
428.271586 4405707 187308 3769780481 4294779275
428.279071 4412893 188262 3768933748 4294778938
428.285845 4419396 189538 3768184975 4294778864
428.292713 4425989 190663 3767398102 4294778566
428.299482 4432487 191427 3766615262 4294778174
428.306278 4439013 192136 3765833218 4294777760
428.313069 4445532 192761 3765070884 4294777436
428.319847 4452038 193217 3764323798 4294777346
428.326623 4458543 193632 3763565493 4294776994
428.333408 4465055 193961 3762809199 4294776500
428.340174 4471551 194233 3762048723 4294776012
428.346955 4478062 194456 3761295998 4294775581
428.353754 4484589 194538 3760548778 4294775478
428.360558 4491120 194667 3759779226 4294775115
428.367353 4497644 194836 3759014710 4294774597
428.374141 4504159 194943 3758255702 4294774124
428.380914 4510663 195011 3757507695 4294773766
428.387686 4517164 195034 3756774612 4294773666
428.394455 4523662 195064 3756020245 4294773415
428.401263 4530197 195122 3755264584 4294773025
428.408086 4536748 195160 3754501866 4294772693
428.414865 4543255 195186 3753753318 4294772387
428.421643 4549762 195192 3753023482 4294772325
428.428502 4556347 195202 3752254170 4294772102
428.435307 4562879 195208 3751493116 4294771768
428.442062 4569364 195224 3750739280 4294771415
428.448860 4575890 195247 3749994959 4294771258
428.455630 4582390 195275 3749234741 4294771129
428.463050 4589512 195349 3748397830 4294770678
428.469825 4596017 195459 3747627861 4294770315
428.476599 4602519 195592 3746866082 4294769954
428.484130 4609751 195849 3746041376 4294769811
428.490912 4616261 196227 3745288762 4294769585
428.497706 4622782 196661 3744516513 4294769190
428.504478 4629285 197194 3743742007 4294768760
428.511252 4635787 197898 3742965078 4294768376
428.518071 4642334 199276 3742215795 4294768286
428.524844 4648835 200299 3741441401 4294768133
428.531658 4655376 201072 3740647135 4294767765
428.538434 4661882 201741 3739857550 4294767408
428.545211 4668388 202297 3739064640 4294767053
428.552050 4674953 202757 3738296331 4294766951
428.558842 4681473 203111 3737513306 4294766780
428.565746 4688101 203432 3736715754 4294766354
428.572518 4694603 203687 3735943744 4294765902
428.579285 4701099 203930 3735173415 4294765434
428.586091 4707632 204045 3734420076 4294765275
428.592880 4714151 204125 3733652627 4294765052
428.599646 4720645 204290 3732878312 4294764525
428.606411 4727139 204377 3732103111 4294764123
428.613174 4733632 204415 3731341259 4294763891
428.619964 4740150 204424 3730581239 4294763843
428.626739 4746654 204468 3729797487 4294763552
428.633515 4753159 204513 3729012036 4294763229
428.640293 4759666 204552 3728233107 4294762898
428.647108 4766208 204573 3727463997 4294762675
428.653883 4772714 204578 3726699385 4294762617
428.660659 4779218 204593 3725912582 4294762309
428.667443 4785731 204598 3725132403 4294762004
428.674213 4792229 204608 3724346575 4294761706
428.680984 4798730 204627 3723576708 4294761481
428.687755 4805230 204645 3722823482 4294761420
428.694527 4811731 204700 3722036420 4294761142
428.701394 4818323 204781 3721237456 4294760761
428.708165 4824824 204945 3720452231 4294760372
428.716087 4832430 205295 3719560408 4294760108
428.722915 4838984 205686 3718793580 4294760061
428.729689 4845487 206112 3718002679 4294759698
428.736485 4852010 206685 3717197034 4294759338
428.743246 4858501 207373 3716392792 4294758982
428.750054 4865037 208710 3715604147 4294758767
428.756839 4871551 209779 3714824951 4294758716
428.763644 4878083 210532 3714020131 4294758385
428.770412 4884580 211178 3713223148 4294758025
428.777175 4891074 211779 3712439115 4294757706
428.783950 4897577 212243 3711685917 4294757659
428.790731 4904087 212583 3710893953 4294757420
428.797508 4910595 212925 3710092199 4294756997
428.804310 4917122 213154 3709289334 4294756603
428.811105 4923645 213364 3708486142 4294756209
428.817876 4930146 213464 3707722054 4294756128
428.824651 4936650 213570 3706940985 4294755830
428.831449 4943177 213705 3706144019 4294755421
428.838311 4949763 213779 3705339802 4294755063
428.846054 4957197 213841 3704443124 4294754690
428.852824 4963697 213857 3703675887 4294754627
428.859603 4970204 213892 3702885145 4294754417
428.866373 4976703 213933 3702094873 4294754111
428.873141 4983200 213958 3701311110 4294753787
428.879919 4989707 213973 3700535558 4294753509
428.886718 4996236 213977 3699781447 4294753463
428.894092 5003313 213983 3698935591 4294753218
428.901102 5010044 214000 3698127091 4294752867
428.907921 5016590 214024 3697340982 4294752520
428.914698 5023095 214046 3696568301 4294752260
428.921467 5029593 214065 3695807632 4294752199
428.928234 5036089 214130 3695031936 4294751963
428.935033 5042618 214272 3694250650 4294751584
428.943069 5050333 214491 3693320577 4294751150
428.949846 5056837 214801 3692548697 4294750876
428.956654 5063372 215335 3691779708 4294750808
428.963428 5069878 215781 3690987735 4294750480
428.970198 5076375 216392 3690199250 4294750128
428.977083 5082985 217170 3689390689 4294749751
428.983866 5089497 218550 3688638386 4294749707
428.991121 5096462 219506 3687800168 4294749501
428.997886 5102957 220187 3687000526 4294749124
429.004658 5109458 220760 3686202177 4294748772
429.011438 5115966 221266 3685402529 4294748397
429.018208 5122466 221716 3684646701 4294748339
429.024984 5128971 221972 3683877230 4294748112
429.031793 5135507 222228 3683095654 4294747695
429.038574 5142017 222474 3682315867 4294747247
429.045362 5148532 222650 3681538297 4294746788
429.052126 5155026 222711 3680790993 4294746692
429.058903 5161532 222799 3680016644 4294746462
429.065686 5168046 222903 3679243349 4294746016
429.072500 5174586 222976 3678468239 4294745645
429.079270 5181085 223009 3677694304 4294745311
429.086077 5187619 223023 3676942743 4294745247
429.092852 5194124 223057 3676185063 4294745049
429.099624 5200625 223121 3675412393 4294744672
429.106440 5207168 223154 3674629493 4294744332
429.113422 5213871 223169 3673825265 4294743999
429.120192 5218151 223179 3673331395 4294743929
429.126973 5224661 223188 3672611031 4294743727
429.133740 5231157 223199 3671902083 4294743380
429.140892 5238023 223241 3671140025 4294742959
429.147859 5244710 223277 3670339857 4294742759
429.155119 5251681 223308 3669505174 4294742643
429.161890 5258181 223410 3668709280 4294742238
429.168836 5264851 223575 3667895285 4294741747
429.177057 5272742 223852 3666934198 4294741260
429.183844 5279269 224275 3666172168 4294741167
429.190637 5285780 224786 3665398151 4294740997
429.197400 5292270 225313 3664601402 4294740625
429.204200 5298799 225968 3663793091 4294740212
429.210969 5305297 227019 3662992106 4294739848
429.217734 5311791 228213 3662230680 4294739775
429.224554 5318338 229121 3661440032 4294739623
429.231327 5324840 229854 3660636510 4294739267
429.238088 5331331 230447 3659838365 4294738917
429.245799 5338733 231015 3658923431 4294738486
429.252690 5345349 231379 3658145576 4294738406
429.259461 5351850 231652 3657353760 4294738155
429.266238 5358355 231952 3656556542 4294737725
429.273040 5364916 232169 3655758373 4294737258
429.280061 5371625 232333 3654941338 4294736819
429.287092 5378377 232415 3654167883 4294736721
429.293867 5384878 232481 3653394260 4294736481
429.301276 5391997 232564 3652533285 4294736083
429.308059 5398503 232609 3651753673 4294735714
429.314829 5405002 232650 3650987081 4294735458
429.321605 5411509 232679 3650229528 4294735372
429.328375 5418007 232721 3649457323 4294735075
429.335214 5424573 232763 3648675088 4294734754
429.341989 5431076 232781 3647896271 4294734445
429.348790 5437606 232790 3647138985 4294734315
429.355566 5444111 232797 3646372961 4294734213
429.362346 5450619 232812 3645595659 4294733863
429.369112 5457115 232832 3644818815 4294733480
429.380095 5467658 232879 3643570736 4294732983
429.386871 5474164 232915 3642820544 4294732927
429.393767 5480784 232995 3642032701 4294732630
429.400548 5487293 233142 3641247965 4294732186
429.407313 5493789 233370 3640464430 4294731839
429.414085 5500292 233693 3639693510 4294731540
429.421582 5507487 234365 3638852585 4294731473
429.428354 5513987 234890 3638066035 4294731141
429.435125 5520488 235504 3637279724 4294730783
429.443336 5528369 236844 3636323786 4294730326
429.450107 5534872 237932 3635554430 4294730136
429.456925 5541432 238877 3634780997 4294730086
429.463715 5547933 239567 3633991502 4294729737
429.470476 5554424 240155 3633201274 4294729362
429.479277 5562872 240828 3632185564 4294728919
429.486061 5569386 241148 3631442452 4294728854
429.492839 5575893 241373 3630671087 4294728599
429.499607 5582393 241687 3629890939 4294728170
429.506377 5588889 241946 3629118262 4294727691
429.513146 5595388 242101 3628360204 4294727345
429.519944 5601914 242143 3627606239 4294727278
429.526705 5608404 242298 3626831138 4294726834
429.533572 5614997 242370 3626057086 4294726452
429.540365 5621518 242419 3625287382 4294726081
429.547141 5628021 242439 3624534562 4294725827
429.553917 5634529 242454 3623790226 4294725759
429.560647 5640988 242496 3623020085 4294725477
429.567427 5647499 242530 3622239657 4294725157
429.574509 5654297 242558 3621424141 4294724813
429.583385 5662817 242573 3620417282 4294724545
429.590164 5669325 242576 3619646267 4294724460
429.596947 5675836 242586 3618869067 4294724144
429.604903 5683475 242606 3617950065 4294723738
429.611671 5689971 242640 3617163465 4294723417
429.618440 5696469 242684 3616404315 4294723315
429.625202 5702961 242746 3615629279 4294723180
429.631972 5709461 242874 3614840689 4294722820
429.638752 5715969 243070 3614051964 4294722437
429.645520 5722466 243385 3613263455 4294722066
429.652284 5728960 243965 3612509446 4294721932
429.659582 5735965 244595 3611672655 4294721793
429.666372 5742484 245189 3610869375 4294721432
429.674085 5749889 246276 3609956290 4294721033
429.680909 5756440 247480 3609171857 4294720851
429.687982 5763231 248486 3608363709 4294720766
429.694749 5769725 249188 3607564147 4294720410
429.701519 5776224 249811 3606771321 4294720045
429.708291 5782729 250294 3605984127 4294719667
429.716179 5790298 250741 3605102632 4294719447
429.722943 5796791 250966 3604339045 4294719286
429.729724 5803302 251289 3603551766 4294718873
429.736890 5810181 251506 3602721126 4294718456
429.743650 5816670 251698 3601934752 4294718049
429.750401 5823150 251784 3601174101 4294717905
429.757152 5829631 251845 3600399631 4294717746
429.763902 5836111 251921 3599617268 4294717365
429.770651 5842590 251966 3598830456 4294717043
429.777513 5849178 252015 3598033203 4294716696
429.784261 5855656 252039 3597276582 4294716577
429.791029 5862153 252052 3596502000 4294716476
429.797778 5868632 252088 3595714309 4294716134
429.804526 5875110 252110 3594931269 4294715800
429.811648 5881947 252114 3594101709 4294715460
429.818396 5888425 252117 3593354712 4294715333
429.825146 5894906 252124 3592611050 4294715219
429.831895 5901385 252133 3591819924 4294714911
429.838643 5907863 252156 3591026916 4294714597
429.845766 5914701 252193 3590192441 4294714280
429.852515 5921180 252245 3589427175 4294714231
429.859263 5927658 252337 3588636294 4294714029
429.866020 5934145 252490 3587839299 4294713669
429.872768 5940623 252713 3587041692 4294713318
429.879896 5947465 253155 3586219670 4294713049
429.886645 5953944 253758 3585468142 4294712993
429.893392 5960422 254238 3584670066 4294712687
429.900141 5966901 254888 3583868920 4294712332
429.906889 5973378 256000 3583069268 4294711968
429.914051 5980254 257092 3582237050 4294711699
429.920798 5986731 258059 3581479849 4294711650
429.927547 5993211 258669 3580694936 4294711315
429.934295 5999689 259276 3579906868 4294710970
429.941030 6006154 259742 3579120304 4294710609
429.948186 6013024 260120 3578304605 4294710341
429.954936 6019504 260336 3577547719 4294710283
429.961685 6025984 260527 3576762569 4294709947
429.968433 6032462 260731 3575984597 4294709535
429.975181 6038939 260907 3575211095 4294709132
429.982314 6045786 261035 3574403824 4294708826
429.989034 6052238 261102 3573663891 4294708710
429.995785 6058720 261188 3572905505 4294708387
430.002533 6065198 261236 3572144980 4294708034
430.009281 6071675 261275 3571385859 4294707659
430.016442 6078550 261327 3570588482 4294707358
430.023191 6085029 261331 3569840171 4294707319
430.029941 6091509 261367 3569071940 4294707035
430.036689 6097987 261380 3568310750 4294706715
430.043438 6104466 261388 3567546733 4294706394
430.050592 6111334 261399 3566765549 4294706321
430.057341 6117813 261406 3566000977 4294706132
430.064089 6124291 261418 3565220989 4294705807
430.070837 6130769 261439 3564437461 4294705481
430.077585 6137247 261476 3563656101 4294705155
430.084701 6144078 261529 3562856799 4294705076
430.091450 6150558 261621 3562085233 4294704899
430.098199 6157036 261746 3561302099 4294704558
430.104947 6163515 261959 3560514860 4294704173
430.111695 6169993 262265 3559723894 4294703790
430.118834 6176847 262895 3558920972 4294703713
430.125583 6183325 263519 3558134605 4294703519
430.132332 6189804 264217 3557336270 4294703181
430.139078 6196281 265284 3556540386 4294702828
430.145827 6202760 266122 3555741781 4294702472
430.152963 6209609 267112 3554944223 4294702411
430.159711 6216088 267777 3554170504 4294702223
430.166459 6222566 268372 3553377820 4294701844
430.173207 6229044 268893 3552583172 4294701477
430.179955 6235522 269258 3551794622 4294701080
430.187115 6242396 269558 3550986266 4294700988
430.193864 6248875 269776 3550204083 4294700766
430.200613 6255355 270027 3549415790 4294700356
430.207361 6261832 270245 3548623765 4294699923
430.214108 6268309 270383 3547854301 4294699648
430.221272 6275187 270453 3547038372 4294699516
430.228031 6281676 270534 3546245860 4294699145
430.234781 6288156 270599 3545457196 4294698803
430.241530 6294635 270654 3544673265 4294698452
430.248280 6301114 270684 3543919941 4294698294
430.255393 6307943 270702 3543113521 4294698213
430.262142 6314422 270731 3542333451 4294697895
430.268891 6320901 270748 3541558205 4294697600
430.275639 6327379 270761 3540779576 4294697294
430.282386 6333856 270764 3540017807 4294697152
430.289530 6340714 270773 3539208396 4294697076
430.296279 6347193 270786 3538426362 4294696745
430.303040 6353684 270809 3537643405 4294696427
430.309788 6360162 270859 3536863517 4294696048
430.316535 6366639 270910 3536101661 4294695876
430.323668 6373487 270986 3535302357 4294695769
430.330417 6379966 271125 3534529893 4294695419
430.337165 6386444 271388 3533749536 4294695048
430.343913 6392922 271692 3532968343 4294694685
430.350661 6399401 272225 3532211883 4294694505
430.357779 6406233 273041 3531408619 4294694416
430.364528 6412713 273749 3530625976 4294694062
430.371277 6419192 274866 3529850308 4294693672
430.378030 6425674 275758 3529069549 4294693288
430.384778 6432153 276738 3528325405 4294693219
430.391905 6438995 277555 3527517348 4294693051
430.398655 6445475 278195 3526731031 4294692701
430.405403 6451953 278727 3525950163 4294692323
430.412151 6458431 279182 3525184602 4294692008
430.418899 6464909 279448 3524432941 4294691923
430.426062 6471785 279712 3523604165 4294691599
430.432810 6478264 279985 3522825448 4294691153
430.439559 6484743 280173 3522044386 4294690757
430.446307 6491220 280309 3521270288 4294690391
430.453032 6497677 280354 3520515944 4294690319
430.460196 6504554 280438 3519694690 4294690005
430.466945 6511033 280491 3518908750 4294689665
430.473693 6517511 280524 3518124183 4294689341
430.480440 6523988 280564 3517351565 4294689066
430.487189 6530467 280575 3516603852 4294689013
430.494325 6537318 280609 3515841157 4294688714
430.501033 6543757 280641 3515140302 4294688385
430.507782 6550237 280656 3514432829 4294688027
430.514529 6556714 280666 3513723030 4294687721
430.521279 6563194 280668 3512954115 4294687676
430.528451 6570079 280681 3512115397 4294687446
430.535200 6576558 280698 3511325055 4294687123
430.541948 6583036 280739 3510535592 4294686787
430.548696 6589514 280786 3509752875 4294686466
430.555445 6595993 280863 3509014717 4294686388
430.562597 6602859 281026 3508179981 4294686094
430.569345 6609337 281242 3507380145 4294685760
430.576094 6615816 281530 3506578231 4294685393
430.582842 6622294 282109 3505812573 4294685284
430.589591 6628773 282763 3505026103 4294685152
430.596699 6635597 283483 3504182684 4294684796
430.603448 6642076 284570 3503389199 4294684440
430.610196 6648554 285452 3502595775 4294684097
430.616944 6655032 286488 3501837139 4294684002
430.623692 6661511 287242 3501060325 4294683869
430.630839 6668371 287872 3500221923 4294683491
430.637587 6674850 288340 3499431210 4294683139
430.644335 6681328 288772 3498645682 4294682756
430.651082 6687805 289037 3497893556 4294682634
430.657832 6694285 289270 3497116873 4294682444
430.664968 6701135 289546 3496279004 4294682007
430.671716 6707613 289768 3495489826 4294681502
430.678464 6714091 289948 3494702136 4294681071
430.685211 6720568 290029 3493945537 4294680910
430.691960 6727048 290083 3493171294 4294680707
430.699121 6733922 290154 3492339851 4294680285
430.705870 6740401 290192 3491558452 4294679931
430.712617 6746878 290247 3490782863 4294679574
430.719364 6753356 290263 3490039508 4294679483
430.726113 6759834 290285 3489284347 4294679341
430.733257 6766693 290303 3488455729 4294678994
430.740023 6773188 290314 3487669873 4294678655
430.746774 6779670 290322 3486899639 4294678443
430.753525 6786150 290323 3486130836 4294678387
430.760276 6792631 290339 3485344294 4294678048
430.767383 6799454 290363 3484514909 4294677695
430.774132 6805933 290399 3483730877 4294677366
430.780880 6812411 290456 3482969739 4294677166
430.787631 6818892 290515 3482212992 4294677107
430.794381 6825372 290691 3481427103 4294676778
430.801517 6832223 290937 3480601034 4294676388
430.808265 6838700 291256 3479813813 4294676018
430.815025 6845190 291848 3479045378 4294675762
430.821774 6851669 292607 3478278837 4294675724
430.828523 6858149 293241 3477478339 4294675388
430.835643 6864983 294335 3476633069 4294675035
430.842391 6871461 295295 3475829715 4294674685
430.849147 6877948 296276 3475051457 4294674478
430.856162 6884684 297064 3474251862 4294674428
430.863122 6891365 297631 3473431844 4294674049
430.869898 6897869 298139 3472630638 4294673672
430.876658 6904360 298588 3471830133 4294673285
430.884298 6911694 298965 3470948595 4294673030
430.891062 6918187 299164 3470198732 4294672900
430.897924 6924775 299414 3469387119 4294672424
430.907816 6934271 299700 3468212503 4294671786
430.914580 6940764 299858 3467430039 4294671425
430.921351 6947265 299902 3466658510 4294671358
430.928129 6953773 299962 3465862317 4294671046
430.935040 6960406 300025 3465057294 4294670682
430.941931 6967024 300073 3464253907 4294670361
430.948885 6973697 300092 3463466017 4294670225
430.955658 6980203 300105 3462711045 4294670130
430.962446 6986718 300119 3461917605 4294669838
430.970035 6994003 300135 3461030444 4294669481
430.977996 7001684 300144 3460087130 4294669147
430.986528 7009860 300149 3459117720 4294669074
430.993322 7016356 300163 3458320838 4294668838
431.000068 7022834 300188 3457525229 4294668506
431.006880 7029373 300237 3456724902 4294668162
431.013670 7035894 300296 3455934252 4294667865
431.020916 7042849 300376 3455114006 4294667805
431.027695 7049355 300519 3454329514 4294667520
431.034485 7055874 300730 3453533535 4294667137
431.042065 7063151 301053 3452652017 4294666723
431.048950 7069761 301633 3451862837 4294666460
431.055725 7076265 302528 3451109992 4294666407
431.063064 7083311 303220 3450269700 4294666042
431.069833 7089807 304494 3449494598 4294665655
431.076603 7096308 305361 3448723562 4294665253
431.083364 7102797 306339 3447979290 4294665115
431.090139 7109304 307042 3447218306 4294665011
431.096927 7115818 307636 3446441946 4294664645
431.103713 7122334 308095 3445668709 4294664245
431.110569 7128914 308502 3444879268 4294663851
431.119053 7137060 308829 3443939203 4294663764
431.125829 7143565 309032 3443166634 4294663468
431.132616 7150082 309238 3442387222 4294663066
431.140913 7158047 309485 3441428846 4294662555
431.147685 7164545 309638 3440668330 4294662235
431.154463 7171054 309676 3439907315 4294662162
431.161855 7178149 309740 3439054674 4294661793
431.168639 7184662 309763 3438282438 4294661470
431.175414 7191166 309798 3437517878 4294661118
431.182182 7197664 309842 3436771016 4294660900
431.189105 7204310 309854 3436004994 4294660825
431.198695 7213516 309907 3434936996 4294660291
431.205473 7220023 309931 3434179196 4294659890
431.213540 7227766 309947 3433282004 4294659507
431.220306 7234262 309953 3432548683 4294659437
431.227065 7240753 309965 3431788889 4294659211
431.233844 7247259 309992 3431024605 4294658855
431.243174 7256215 310068 3429972387 4294658344
431.249955 7262725 310153 3429224323 4294658084
431.256741 7269243 310267 3428475191 4294658021
431.263682 7275903 310466 3427682627 4294657642
431.272074 7283959 310870 3426726101 4294657133
431.278866 7290481 311331 3425964742 4294656838
431.285655 7296998 312124 3425219207 4294656779
431.292418 7303489 312793 3424460502 4294656438
431.299179 7309980 313680 3423695907 4294656028
431.305957 7316488 314770 3422918946 4294655633
431.312760 7323019 315615 3422152033 4294655315
431.320115 7330079 316563 3421341379 4294655244
431.326892 7336585 317187 3420562221 4294654930
431.333780 7343198 317674 3419778106 4294654544
431.340843 7349977 318176 3418977248 4294654042
431.347609 7356472 318495 3418225651 4294653723
431.354340 7362934 318701 3417493159 4294653611
431.362173 7370454 318985 3416607801 4294653052
431.368950 7376962 319134 3415822878 4294652644
431.375924 7383655 319326 3415028728 4294652091
431.384195 7391596 319458 3414110822 4294651743
431.390971 7398103 319487 3413348708 4294651619
431.397745 7404605 319534 3412581503 4294651251
431.404833 7411408 319561 3411774324 4294650886
431.411603 7417907 319624 3411003250 4294650514
431.418372 7424405 319657 3410251320 4294650373
431.425141 7430904 319668 3409488962 4294650284
431.431919 7437411 319690 3408708754 4294649933
431.438949 7444161 319705 3407900692 4294649607
431.445725 7450665 319717 3407120312 4294649296
431.452655 7457317 319722 3406346561 4294649245
431.459455 7463846 319743 3405568818 4294649024
431.466229 7470350 319764 3404785655 4294648688
431.473945 7477756 319803 3403891850 4294648290
431.480719 7484259 319874 3403124221 4294648067
431.487529 7490799 319951 3402353681 4294648025
431.494383 7497376 320118 3401548731 4294647661
431.501160 7503881 320342 3400746893 4294647303
431.507927 7510378 320633 3399944226 4294646961
431.514697 7516878 321259 3399164343 4294646737
431.521499 7523408 322066 3398399631 4294646696
431.529114 7530717 322906 3397508284 4294646314
431.535884 7537217 324109 3396716385 4294645964
431.542667 7543730 324942 3395921782 4294645620
431.549586 7550370 325810 3395138188 4294645458
431.556426 7556938 326445 3394360810 4294645390
431.563193 7563434 326998 3393575871 4294645045
431.569977 7569948 327457 3392796314 4294644650
431.576754 7576454 327810 3392021091 4294644244
431.584927 7584300 328126 3391106851 4294643990
431.591706 7590806 328289 3390341141 4294643841
431.598482 7597313 328499 3389556660 4294643383
431.605291 7603847 328693 3388773447 4294642928
431.612136 7610418 328855 3387983105 4294642451
431.618911 7616924 328943 3387219013 4294642266
431.626801 7624499 328975 3386312309 4294642070
431.633572 7630997 329031 3385529318 4294641656
431.640351 7637507 329077 3384750539 4294641296
431.648874 7645689 329106 3383797205 4294641089
431.655658 7652202 329117 3383031235 4294640973
431.662444 7658717 329142 3382255306 4294640655
431.669723 7665702 329149 3381420264 4294640322
431.676497 7672206 329155 3380642813 4294639991
431.683285 7678723 329157 3379891285 4294639878
431.691098 7686224 329165 3379010626 4294639698
431.697883 7692739 329195 3378242812 4294639322
431.704657 7699240 329246 3377470684 4294638967
431.712634 7706897 329332 3376562740 4294638577
431.719412 7713407 329426 3375808525 4294638505
431.726192 7719915 329575 3375026799 4294638296
431.733031 7726480 329807 3374234905 4294637940
431.739799 7732975 330155 3373443918 4294637594
431.746565 7739470 330644 3372650245 4294637247
431.755157 7747719 331829 3371691336 4294637188
431.761933 7754226 332505 3370895419 4294636904
431.768712 7760733 333699 3370093151 4294636533
431.776300 7768016 334565 3369194094 4294636156
431.783100 7774545 335442 3368406516 4294635921
431.789887 7781060 336170 3367649776 4294635872
431.796658 7787561 336666 3366851965 4294635554
431.803437 7794070 337134 3366056408 4294635183
431.810425 7800777 337450 3365240585 4294634789
431.819080 7809086 337719 3364276023 4294634698
431.825846 7815580 337922 3363489132 4294634372
431.832614 7822079 338125 3362701053 4294633926
431.839386 7828578 338267 3361917248 4294633487
431.849298 7838096 338421 3360796110 4294633121
431.856065 7844592 338458 3360032808 4294633000
431.862855 7851111 338484 3359253088 4294632644
431.869903 7857875 338529 3358441891 4294632264
431.876668 7864369 338589 3357666414 4294631905
431.883450 7870881 338614 3356904443 4294631763
431.891057 7878185 338628 3356033197 4294631621
431.897926 7884778 338650 3355239500 4294631283
431.904698 7891278 338661 3354455313 4294630972
431.911466 7897776 338662 3353667848 4294630664
431.918235 7904276 338670 3352925973 4294630548
431.925782 7911521 338675 3352064207 4294630398
431.934053 7919459 338708 3351101556 4294630010
431.940835 7925971 338763 3350310160 4294629672
431.947621 7932487 338849 3349521166 4294629352
431.956191 7940712 339021 3348552719 4294629274
431.962966 7947217 339235 3347756391 4294628969
431.969742 7953722 339557 3346961747 4294628601
431.976519 7960227 339961 3346164389 4294628269
431.983286 7966724 340730 3345402673 4294628095
431.990131 7973295 341624 3344631198 4294627998
431.996905 7979798 342594 3343824659 4294627644
432.003678 7986301 343655 3343020853 4294627308
432.010458 7992810 344434 3342224623 4294626961
432.017218 7999298 345314 3341462705 4294626906
432.024023 8005831 345976 3340684450 4294626727
432.031864 8013359 346506 3339786389 4294626288
432.038769 8019987 346921 3338997350 4294625868
432.046175 8027098 347279 3338165829 4294625502
432.052949 8033600 347458 3337419942 4294625424
432.059749 8040128 347662 3336644260 4294625110
432.066517 8046625 347852 3335865274 4294624687
432.073287 8053125 348023 3335085377 4294624266
432.080069 8059636 348165 3334314753 4294623892
432.087186 8066467 348192 3333521603 4294623811
432.093949 8072960 348247 3332796966 4294623506
432.101042 8079769 348268 3332070563 4294623128
432.107807 8086263 348316 3331351204 4294622740
432.114574 8092760 348368 3330576113 4294622459
432.121764 8099662 348378 3329766659 4294622409
432.128530 8106157 348389 3328982810 4294622171
432.135307 8112665 348399 3328196045 4294621863
432.142919 8119971 348406 3327314901 4294621492
432.151052 8127780 348423 3326393659 4294621253
432.157972 8134421 348436 3325626613 4294621172
432.164749 8140928 348460 3324848141 4294620832
432.171513 8147422 348501 3324069410 4294620507
432.179185 8154786 348583 3323188706 4294620169
432.185994 8161323 348680 3322424638 4294620118
432.192785 8167842 348850 3321631490 4294619823
432.199987 8174758 349180 3320791396 4294619403
432.207146 8181629 349594 3319946331 4294619009
432.213923 8188135 350198 3319162646 4294618743
432.220776 8194715 351183 3318405691 4294618694
432.227595 8201261 351842 3317662231 4294618321
432.234376 8207772 352886 3316937357 4294617927
432.241903 8214995 353798 3316136057 4294617495
432.248677 8221500 354664 3315413917 4294617267
432.255457 8228009 355288 3314635607 4294617228
432.262799 8235056 355830 3313762566 4294616832
432.269576 8241563 356224 3312961784 4294616481
432.276346 8248061 356542 3312164256 4294616092
432.283121 8254566 356794 3311382927 4294615871
432.289979 8261151 356949 3310607287 4294615764
432.297078 8267964 357148 3309771282 4294615342
432.303844 8274459 357315 3308976007 4294614951
432.310615 8280960 357454 3308186632 4294614572
432.317465 8287535 357536 3307412409 4294614333
432.324247 8294046 357561 3306643623 4294614282
432.331048 8300576 357610 3305848473 4294613946
432.337964 8307215 357661 3305044920 4294613599
432.344750 8313730 357690 3304258671 4294613340
432.351577 8320283 357704 3303488691 4294613293
432.358356 8326791 357724 3302700753 4294613088
432.365122 8333286 357735 3301907523 4294612771
432.371890 8339784 357740 3301114131 4294612485
432.378677 8346301 357749 3300330661 4294612213
432.385463 8352814 357751 3299575598 4294612173
432.392264 8359344 357760 3298781125 4294611963
432.400104 8366869 357806 3297859646 4294611556
432.406991 8373481 357871 3297044945 4294611206
432.413937 8380149 357950 3296246017 4294611031
432.420712 8386654 358076 3295467799 4294610944
432.427491 8393161 358284 3294666198 4294610533
432.434269 8399669 358595 3293866484 4294610102
432.441072 8406200 359016 3293066208 4294609645
432.448043 8412890 359698 3292266667 4294609402
432.454910 8419483 360620 3291484546 4294609317
432.463057 8427303 361764 3290518412 4294608783
432.469827 8433803 362706 3289714519 4294608440
432.476702 8440404 363521 3288897923 4294608077
432.483485 8446915 364362 3288123552 4294607882
432.490259 8453419 364983 3287351661 4294607835
432.497041 8459928 365467 3286567067 4294607478
432.503820 8466438 365876 3285787589 4294607074
432.512110 8474393 366196 3284850576 4294606684
432.518892 8480905 366351 3284099864 4294606602
432.525660 8487403 366524 3283316394 4294606284
432.532426 8493898 366681 3282528483 4294605859
432.539187 8500388 366815 3281743773 4294605480
432.546216 8507136 366910 3280940334 4294605178
432.553296 8513942 366932 3280146635 4294605120
432.560077 8520444 366984 3279358911 4294604820
432.566864 8526960 367034 3278568525 4294604470
432.575161 8534924 367086 3277596578 4294604111
432.581945 8541439 367111 3276819108 4294603944
432.588799 8548017 367121 3276040249 4294603884
432.595762 8554701 367133 3275228695 4294603568
432.602541 8561210 367136 3274437725 4294603237
432.609309 8567707 367150 3273650535 4294602905
432.616043 8574170 367160 3272889381 4294602735
432.622821 8580679 367164 3272131760 4294602687
432.629606 8587192 367182 3271352154 4294602367
432.636371 8593684 367216 3270578501 4294602020
432.643134 8600179 367277 3269800056 4294601649
432.650100 8606865 367394 3269020017 4294601400
432.656897 8613391 367550 3268252059 4294601334
432.663655 8619877 367809 3267471550 4294600937
432.670405 8626356 368156 3266688927 4294600550
432.677154 8632835 368687 3265913037 4294600214
432.683902 8639314 369652 3265172298 4294600173
432.690652 8645793 370419 3264392312 4294599926
432.697430 8652300 371556 3263596538 4294599589
432.704456 8659045 372424 3262777002 4294599206
432.711203 8665522 373204 3261992471 4294598885
432.717953 8672003 374048 3261240988 4294598833
432.724702 8678481 374579 3260462947 4294598609
432.731569 8685074 375036 3259671654 4294598258
432.738577 8691801 375478 3258867424 4294597829
432.745325 8698280 375767 3258102167 4294597461
432.752039 8704725 375966 3257361987 4294597370
432.758788 8711204 376154 3256581869 4294597116
432.765537 8717683 376376 3255796937 4294596661
432.772696 8724556 376551 3254968051 4294596217
432.779444 8731034 376713 3254191497 4294595834
432.786192 8737512 376740 3253437183 4294595755
432.792942 8743992 376762 3252667337 4294595543
432.799691 8750471 376793 3251893385 4294595185
432.806830 8757324 376850 3251073788 4294594790
432.813579 8763803 376907 3250304827 4294594484
432.820283 8770239 376914 3249560230 4294594428
432.827029 8776716 376927 3248785148 4294594220
432.833778 8783194 376941 3248008258 4294593869
432.840963 8790092 376953 3247176848 4294593515
432.847710 8796569 376959 3246396619 4294593245
432.854459 8803049 376967 3245657818 4294593187
432.861208 8809527 376991 3244891377 4294592968
432.868032 8816079 377028 3244094700 4294592630
432.875118 8822881 377104 3243267012 4294592267
432.881866 8829359 377179 3242501741 4294592123
432.888615 8835838 377321 3241722955 4294591999
432.895364 8842317 377558 3240931501 4294591632
432.902113 8848797 377882 3240139456 4294591282
432.909258 8855656 378285 3239296586 4294590879
432.916026 8862153 379131 3238545712 4294590740
432.922775 8868633 380044 3237809640 4294590623
432.929524 8875111 381254 3237086925 4294590229
432.936272 8881589 382148 3236367671 4294589871
432.943376 8888408 383035 3235614694 4294589470
432.950123 8894886 383914 3234922803 4294589329
432.956871 8901364 384460 3234215671 4294589209
432.963621 8907844 384930 3233433975 4294588839
432.970368 8914321 385352 3232648276 4294588457
432.977511 8921178 385654 3231821080 4294588054
432.984259 8927656 385839 3231072555 4294587889
432.991026 8934153 385976 3230310714 4294587727
432.997776 8940633 386173 3229544428 4294587300
433.004627 8947210 386358 3228768816 4294586834
433.011642 8953944 386520 3227974348 4294586343
433.018390 8960422 386580 3227232790 4294586186
433.025138 8966901 386607 3226482666 4294586077
433.031887 8973380 386637 3225729175 4294585722
433.038635 8979857 386685 3224970471 4294585362
433.045760 8986698 386739 3224170151 4294585022
433.052509 8993177 386751 3223434543 4294584971
433.059259 8999656 386761 3222669273 4294584786
433.066022 9006149 386772 3221901375 4294584424
433.072770 9012627 386782 3221140582 4294584090
433.079896 9019468 386793 3220346724 4294583822
433.086645 9025947 386802 3219611880 4294583754
433.093394 9032426 386828 3218857090 4294583424
433.100141 9038903 386868 3218100396 4294583067
433.106889 9045382 386920 3217340839 4294582677
433.114046 9052252 387026 3216545276 4294582361
433.120795 9058731 387159 3215798459 4294582294
433.127543 9065210 387366 3215023469 4294581949
433.134291 9071688 387663 3214252187 4294581564
433.141113 9078251 388056 3213464189 4294581163
433.148186 9085027 388758 3212667909 4294580884
433.154936 9091506 389839 3211929816 4294580843
433.161687 9097987 391027 3211158142 4294580510
433.168435 9104465 391896 3210385247 4294580138
433.175183 9110944 392654 3209615540 4294579762
433.182312 9117787 393459 3208818177 4294579466
433.189034 9124241 394124 3208078758 4294579405
433.195783 9130720 394601 3207320494 4294579013
433.202532 9137199 394993 3206565663 4294578517
433.209279 9143676 395293 3205810251 4294578068
433.216442 9150553 395545 3205023002 4294577678
433.223191 9157032 395666 3204287829 4294577575
433.229940 9163511 395853 3203525652 4294577141
433.236689 9169989 396025 3202765843 4294576659
433.243436 9176467 396174 3202010786 4294576179
433.250572 9183317 396210 3201233542 4294576083
433.257321 9189796 396238 3200475008 4294575869
433.264040 9196246 396259 3199708487 4294575512
433.270788 9202724 396311 3198936133 4294575137
433.277607 9209271 396367 3198155071 4294574792
433.284694 9216074 396385 3197367898 4294574708
433.291443 9222553 396394 3196594626 4294574553
433.298191 9229031 396400 3195823470 4294574224
433.304939 9235509 396409 3195051861 4294573871
433.311687 9241987 396416 3194277930 4294573553
433.318829 9248844 396419 3193488651 4294573501
433.325578 9255323 396432 3192727564 4294573317
433.332327 9261802 396469 3191954366 4294572985
433.339028 9268235 396526 3191183925 4294572615
433.345775 9274712 396615 3190409546 4294572265
433.352957 9281607 396786 3189607271 4294572160
433.359707 9288087 397028 3188832230 4294571981
433.366455 9294565 397326 3188045052 4294571628
433.373203 9301043 397693 3187258359 4294571243
433.379951 9307521 398230 3186471007 4294570887
433.387116 9314400 399329 3185674650 4294570812
433.393866 9320880 400527 3184894749 4294570637
433.400616 9327359 401501 3184100190 4294570305
433.407367 9333841 402354 3183309015 4294569955
433.414177 9340393 403168 3182533659 4294569805
433.421256 9347175 403833 3181739389 4294569705
433.428023 9353671 404375 3180954082 4294569361
433.434772 9360149 404751 3180170627 4294569000
433.441519 9366626 405085 3179383363 4294568616
433.448266 9373103 405337 3178616887 4294568408
433.455389 9379942 405511 3177807348 4294568265
433.462138 9386421 405731 3177022337 4294567781
433.468888 9392901 405885 3176240980 4294567293
433.475636 9399378 406029 3175461812 4294566830
433.482383 9405856 406092 3174702064 4294566642
433.489527 9412714 406108 3173906121 4294566556
433.496276 9419193 406126 3173144431 4294566210
433.503038 9425685 406170 3172378297 4294565848
433.509786 9432162 406219 3171612147 4294565509
433.516533 9438640 406245 3170861958 4294565356
433.523654 9445476 406252 3170061747 4294565289
433.530403 9451955 406259 3169289780 4294564956
433.537151 9458433 406261 3168526884 4294564645
433.543899 9464911 406266 3167764025 4294564306
433.550735 9471474 406273 3167009008 4294564135
433.557780 9478237 406280 3166237668 4294564047
433.564529 9484717 406319 3165476795 4294563693
433.571278 9491195 406389 3164710702 4294563354
433.578030 9497677 406478 3163944759 4294562989
433.584777 9504154 406617 3163203562 4294562861
433.591908 9511000 406854 3162400409 4294562631
433.598657 9517479 407135 3161639012 4294562216
433.605404 9523956 407539 3160876328 4294561839
433.612152 9530434 408172 3160119886 4294561507
433.618900 9536912 409202 3159379403 4294561438
433.626061 9543787 410394 3158568101 4294561138
433.632809 9550265 411304 3157792924 4294560757
433.639557 9556743 412122 3157020810 4294560383
433.646305 9563221 412846 3156265024 4294560067
433.653032 9569679 413487 3155524935 4294560008
433.660231 9576591 414049 3154707477 4294559682
433.666982 9583071 414526 3153941177 4294559263
433.673730 9589549 414860 3153178997 4294558852
433.680477 9596026 415133 3152425093 4294558524
433.687391 9602664 415264 3151663820 4294558440
433.694343 9609338 415425 3150881366 4294558104
433.701093 9615818 415623 3150112046 4294557612
433.707843 9622298 415797 3149345603 4294557106
433.714591 9628776 415887 3148593866 4294556742
433.721341 9635256 415914 3147845308 4294556671
433.728461 9642091 415948 3147046588 4294556378
433.735210 9648570 415986 3146298834 4294556043
433.741959 9655049 416042 3145553316 4294555635
433.748707 9661527 416085 3144808180 4294555357
433.755456 9668006 416094 3144068777 4294555309
433.762584 9674849 416106 3143271665 4294555038
433.769332 9681328 416117 3142514211 4294554683
433.776080 9687805 416126 3141758393 4294554343
433.782828 9694284 416131 3141025455 4294554251
433.789579 9700764 416145 3140266944 4294554065
433.796698 9707599 416185 3139453289 4294553719
433.803489 9714119 416228 3138677784 4294553346
433.810570 9720916 416296 3137862891 4294552971
433.817350 9727427 416451 3137104890 4294552865
433.824227 9734029 416629 3136321557 4294552679
433.834184 9743588 417071 3135169739 4294552104
433.840952 9750084 417525 3134389139 4294551702
433.847723 9756585 418307 3133625268 4294551445
433.854492 9763083 419491 3132883443 4294551387
433.861255 9769575 420608 3132103251 4294551088
433.868533 9776564 421491 3131256204 4294550735
433.875310 9783070 422321 3130470846 4294550373
433.882066 9789553 423065 3129710230 4294550104
433.888836 9796052 423643 3128959027 4294550050
433.895602 9802549 424035 3128174027 4294549720
433.902374 9809050 424418 3127402138 4294549316
433.910124 9816489 424780 3126514638 4294548843
433.916900 9822995 425034 3125762658 4294548582
433.923678 9829502 425155 3125007504 4294548495
433.931392 9836909 425345 3124108665 4294548018
433.938162 9843406 425479 3123323727 4294547590
433.944937 9849911 425595 3122549581 4294547200
433.951722 9856425 425622 3121788048 4294547141
433.959182 9863584 425653 3120932331 4294546846
433.966104 9870233 425689 3120136523 4294546492
433.973779 9877598 425747 3119251168 4294546106
433.980552 9884101 425783 3118492406 4294545883
433.987332 9890611 425799 3117741981 4294545804
433.994098 9897105 425805 3116963935 4294545515
434.004239 9906839 425820 3115800928 4294545003
434.011043 9913372 425827 3115016013 4294544676
434.017814 9919873 425837 3114257436 4294544581
434.024580 9926367 425847 3113484266 4294544432
434.031359 9932877 425891 3112700129 4294544080
434.038125 9939371 425958 3111916383 4294543710
434.044903 9945878 426078 3111132513 4294543303
434.051682 9952386 426257 3110375871 4294543195
434.059105 9959511 426490 3109526430 4294542986
434.065875 9966010 426810 3108735911 4294542615
434.072659 9972525 427279 3107936809 4294542256
434.080151 9979715 427894 3107054878 4294541861
434.086929 9986223 428992 3106290256 4294541809
434.093706 9992728 430223 3105502091 4294541607
434.100477 9999230 431168 3104709085 4294541266
434.107381 10005858 431969 3103906116 4294540902
434.114188 10012390 432773 3103126223 4294540632
434.120965 10018898 433389 3102382217 4294540590
434.127743 10025405 433873 3101606944 4294540297
434.134525 10031917 434320 3100819745 4294539900
434.141298 10038419 434614 3100033183 4294539492
434.149102 10045910 434845 3099153270 4294539247
434.155877 10052412 434983 3098375675 4294539088
434.162658 10058923 435208 3097589565 4294538624
434.170067 10066037 435431 3096733592 4294538115
434.178564 10074192 435593 3095760756 4294537565
434.185344 10080700 435614 3095016032 4294537504
434.192118 10087205 435631 3094248164 4294537302
434.198938 10093752 435653 3093466651 4294536972
434.205719 10100263 435700 3092690657 4294536647
434.212514 10106784 435741 3091918074 4294536343
434.220660 10114607 435758 3091011823 4294536277
434.227431 10121104 435762 3090238710 4294536058
434.234255 10127656 435768 3089454334 4294535714
434.241058 10134187 435777 3088670164 4294535405
434.247938 10140792 435792 3087884763 4294535142
434.255087 10147653 435805 3087087147 4294535074
434.261924 10154218 435832 3086304452 4294534792
434.268696 10160719 435880 3085519608 4294534446
434.276660 10168365 435972 3084599007 4294534000
434.283434 10174867 436144 3083835779 4294533821
434.290207 10181371 436361 3083065574 4294533696
434.298048 10188897 436726 3082154552 4294533230
434.306494 10197005 437215 3081166090 4294532737
434.313267 10203508 437968 3080397688 4294532507
434.320093 10210062 439059 3079640950 4294532471
434.327251 10216932 440120 3078790371 4294532100
434.334341 10223739 441023 3077951028 4294531689
434.341071 10230200 441820 3077153294 4294531340
434.349044 10237853 442700 3076237252 4294531131
434.355816 10244355 443248 3075458733 4294531054
434.362593 10250861 443768 3074658018 4294530666
434.370146 10258111 444211 3073771734 4294530256
434.379055 10266665 444665 3072732607 4294529713
434.385836 10273175 444809 3071979693 4294529620
434.392742 10279805 444971 3071186731 4294529347
434.400135 10286900 445207 3070333541 4294528831
434.409031 10295440 445422 3069305809 4294528251
434.415810 10301948 445486 3068537126 4294527966
434.422578 10308445 445514 3067778804 4294527904
434.429944 10315517 445547 3066920267 4294527567
434.436725 10322027 445606 3066134647 4294527211
434.443497 10328528 445653 3065355964 4294526890
434.451611 10336317 445681 3064439484 4294526673
434.458387 10342822 445685 3063671513 4294526582
434.465161 10349325 445700 3062886557 4294526283
434.471942 10355835 445707 3062102790 4294525962
434.478723 10362346 445721 3061329635 4294525675
434.485565 10368913 445724 3060558459 4294525633
434.492337 10375414 445741 3059776720 4294525387
434.499073 10381882 445785 3059001809 4294525051
434.507150 10389635 445887 3058065544 4294524656
434.513933 10396147 446001 3057295963 4294524422
434.520713 10402658 446165 3056532443 4294524359
434.528164 10409808 446402 3055659236 4294523997
434.535093 10416460 446733 3054847823 4294523657
434.541876 10422974 447183 3054056212 4294523282
434.549303 10430101 448049 3053215131 4294523080
434.556081 10436609 449103 3052451998 4294523002
434.562858 10443114 450285 3051650441 4294522654
434.569633 10449619 451152 3050847804 4294522314
434.576404 10456119 451937 3050045950 4294521966
434.583180 10462625 452678 3049269136 4294521789
434.590211 10469374 453229 3048466405 4294521717
434.597051 10475942 453714 3047662494 4294521353
434.603828 10482446 454132 3046872015 4294520981
434.610613 10488962 454436 3046086832 4294520576
434.618056 10496106 454690 3045247871 4294520335
434.626587 10504295 454883 3044297039 4294520065
434.633363 10510800 455094 3043525758 4294519515
434.640141 10517308 455292 3042749118 4294518878
434.646931 10523826 455398 3041986896 4294518480
434.653768 10530389 455426 3041220642 4294518402
434.660658 10537003 455459 3040435488 4294518120
434.667429 10543503 455510 3039663432 4294517775
434.674304 10550104 455561 3038886367 4294517446
434.681928 10557421 455594 3038039648 4294517253
434.688699 10563922 455602 3037289175 4294517177
434.695477 10570430 455612 3036529144 4294516836
434.702856 10577515 455626 3035704033 4294516440
434.709629 10584015 455639 3034947801 4294516107
434.716715 10590819 455643 3034172654 4294515976
434.724337 10598133 455656 3033311307 4294515831
434.731097 10604625 455695 3032533693 4294515500
434.737963 10611217 455748 3031748692 4294515158
434.744744 10617727 455834 3030970282 4294514816
434.751524 10624236 455971 3030220922 4294514711
434.759266 10631668 456203 3029340860 4294514482
434.766057 10638186 456505 3028555305 4294514088
434.772838 10644698 456944 3027772432 4294513681
434.779975 10651546 457506 3026944299 4294513287
434.786752 10658054 458636 3026194451 4294513244
434.793574 10664603 459845 3025445403 4294513031
434.801852 10672550 460943 3024568426 4294512563
434.808624 10679050 461681 3023824901 4294512164
434.815495 10685647 462453 3023038105 4294511968
434.823156 10693001 463045 3022165505 4294511870
434.829942 10699516 463532 3021367901 4294511478
434.836717 10706019 463928 3020573085 4294511086
434.843505 10712535 464296 3019781422 4294510679
434.850312 10719070 464465 3019020406 4294510578
434.857058 10725548 464609 3018259471 4294510347
434.863838 10732056 464756 3017490813 4294509861
434.870607 10738555 464902 3016715338 4294509368
434.878252 10745893 465015 3015841159 4294508905
434.885052 10752421 465040 3015093931 4294508832
434.891834 10758932 465069 3014321895 4294508619
434.898608 10765435 465106 3013551349 4294508256
434.906090 10772617 465161 3012702765 4294507892
434.912866 10779122 465208 3011938112 4294507549
434.920889 10786825 465210 3011055851 4294507496
434.927670 10793335 465218 3010289413 4294507239
434.934437 10799831 465224 3009526042 4294506903
434.941211 10806335 465236 3008760224 4294506537
434.947996 10812883 465252 3007999105 4294506233
434.958844 10823269 465274 3006790669 4294506048
434.965625 10829771 465320 3006017937 4294505685
434.972399 10836275 465394 3005245468 4294505308
434.979166 10842771 465510 3004479232 4294504927
434.985992 10849324 465691 3003734434 4294504793
434.992790 10855849 465913 3002960835 4294504632
435.000075 10862843 466279 3002114634 4294504246
435.006856 10869354 466729 3001319831 4294503885
435.013645 10875870 467653 3000545943 4294503693
435.020421 10882376 468644 2999770638 4294503646
435.027252 10888932 469927 2998968516 4294503280
435.034036 10895445 470803 2998178541 4294502932
435.040838 10901976 471585 2997391777 4294502586
435.047600 10908467 472383 2996635225 4294502374
435.054382 10914981 472928 2995881566 4294502320
435.061297 10921616 473414 2995088822 4294501932
435.068055 10928104 473854 2994320997 4294501505
435.074848 10934625 474173 2993547299 4294501092
435.082166 10941651 474376 2992741123 4294500803
435.089113 10948319 474516 2991966148 4294500688
435.096000 10954967 474715 2991194487 4294500130
435.102805 10961464 474869 2990449583 4294499589
435.109578 10967968 474960 2989701831 4294499175
435.116349 10974466 475013 2988968200 4294498943
435.124080 10981889 475034 2988120933 4294498808
435.130905 10988441 475082 2987363400 4294498412
435.137683 10994948 475139 2986617749 4294498011
435.144541 11001530 475183 2985861987 4294497637
435.151309 11008028 475212 2985125780 4294497468
435.159456 11015849 475218 2984231795 4294497329
435.166228 11022351 475236 2983484825 4294496950
435.173020 11028871 475246 2982733011 4294496571
435.179804 11035385 475256 2981985725 4294496264
435.186584 11041893 475269 2981250423 4294496193
435.193375 11048476 475302 2980482405 4294495958
435.200219 11054982 475357 2979725464 4294495580
435.206999 11061516 475446 2978956707 4294495208
435.213798 11068017 475584 2978210229 4294494962
435.220576 11074526 475789 2977472123 4294494884
435.227392 11081069 476033 2976702705 4294494482
435.234777 11088156 476424 2975871425 4294494058
435.241545 11094655 476907 2975107778 4294493652
435.248317 11101157 477827 2974363776 4294493413
435.256079 11108608 478960 2973495848 4294493313
435.262909 11115166 480072 2972712584 4294492936
435.271171 11123095 481024 2971764442 4294492474
435.277944 11129599 481755 2970991834 4294492110
435.284731 11136114 482488 2970250674 4294492015
435.291511 11142665 482939 2969486568 4294491867
435.298354 11149191 483421 2968710490 4294491431
435.306137 11156663 483857 2967828516 4294490900
435.312952 11163235 484167 2967064269 4294490496
435.320139 11170105 484316 2966279084 4294490407
435.326931 11176628 484488 2965503499 4294490008
435.333903 11183317 484729 2964721956 4294489437
435.340687 11189834 484907 2963960127 4294488929
435.347466 11196339 485006 2963218485 4294488562
435.354241 11202843 485037 2962480111 4294488436
435.361054 11209383 485088 2961665413 4294488098
435.367827 11215888 485125 2960853126 4294487769
435.374713 11222545 485159 2960026890 4294487450
435.381529 11229039 485173 2959245414 4294487285
435.389344 11236541 485185 2958338152 4294487160
435.396297 11243217 485192 2957520099 4294486874
435.403065 11249715 485201 2956729558 4294486567
435.409851 11256230 485206 2955939103 4294486262
435.416635 11262742 485211 2955179277 4294486159
435.423410 11269246 485223 2954405495 4294486034
435.430178 11276003 485267 2953583368 4294485694
435.437225 11282509 485343 2952798621 4294485342
435.444033 11289043 485445 2952009303 4294484986
435.450805 11295544 485598 2951248389 4294484866
435.457578 11302047 485806 2950466807 4294484719
435.464567 11308757 486139 2949649304 4294484314
435.471341 11315259 486569 2948858985 4294483943
435.478103 11321751 487124 2948075034 4294483579
435.484995 11328366 488220 2947315339 4294483464
435.491796 11334896 489384 2946540583 4294483341
435.498722 11341544 490297 2945726063 4294483009
435.505764 11348306 491103 2944899965 4294482636
435.513925 11356139 491933 2943944075 4294482224
435.520690 11362633 492615 2943186778 4294482171
435.527548 11369217 493025 2942393026 4294481939
435.534325 11375726 493378 2941612052 4294481518
435.541314 11382433 493683 2940802904 4294481071
435.548073 11388922 493851 2940043087 4294480874
435.554854 11395432 493964 2939302174 4294480718
435.561636 11401943 494133 2938510726 4294480240
435.568419 11408455 494273 2937713266 4294479758
435.577085 11416776 494479 2936700772 4294479167
435.583989 11423401 494509 2935919395 4294479060
435.590838 11429978 494538 2935123516 4294478918
435.597619 11436486 494593 2934326189 4294478580
435.604423 11443018 494646 2933533200 4294478261
435.611322 11449641 494686 2932729879 4294477938
435.618215 11456258 494692 2931958093 4294477867
435.624993 11462808 494697 2931203782 4294477727
435.631820 11469319 494704 2930411878 4294477388
435.638602 11475831 494720 2929617914 4294477051
435.645376 11482334 494732 2928827584 4294476749
435.652243 11488926 494738 2928050956 4294476669
435.659049 11495458 494756 2927272433 4294476517
435.665828 11501968 494803 2926487239 4294476135
435.672610 11508480 494895 2925696979 4294475761
435.679666 11515251 495029 2924871493 4294475400
435.686519 11521829 495193 2924101979 4294475310
435.693286 11528328 495437 2923323190 4294475120
435.700075 11534844 495807 2922519376 4294474758
435.706848 11541346 496268 2921717980 4294474374
435.713630 11547856 496983 2920933965 4294474073
435.720403 11554359 498060 2920169084 4294474037
435.727223 11560905 499280 2919387970 4294473774
435.734034 11567444 500102 2918604325 4294473375
435.740805 11573945 500871 2917824342 4294473001
435.747580 11580450 501614 2917068133 4294472800
435.755235 11587798 502228 2916214999 4294472684
435.762056 11594346 502651 2915434543 4294472263
435.768838 11600858 503034 2914663069 4294471797
435.775607 11607355 503334 2913898838 4294471358
435.783955 11615370 503579 2912984267 4294471104
435.792174 11623258 503735 2912069964 4294470807
435.798962 11629775 503902 2911312037 4294470314
435.805935 11636469 504073 2910534627 4294469784
435.812735 11642998 504184 2909782698 4294469327
435.819559 11649548 504199 2909042595 4294469262
435.826336 11656055 504225 2908276966 4294469023
435.833103 11662551 504261 2907520910 4294468668
435.839899 11669077 504315 2906761243 4294468322
435.846672 11675578 504357 2906002746 4294467987
435.853466 11682101 504367 2905272241 4294467938
435.860243 11688609 504377 2904522339 4294467747
435.868155 11696200 504390 2903638818 4294467352
435.874920 11702694 504400 2902885081 4294466997
435.884076 11711486 504426 2901878695 4294466643
435.890877 11718016 504443 2901121475 4294466577
435.897654 11724519 504503 2900357635 4294466190
435.904423 11731017 504571 2899592276 4294465813
435.911233 11737555 504689 2898832032 4294465480
435.918049 11744100 504833 2898098360 4294465406
435.924829 11750608 505049 2897340546 4294465128
435.931747 11757248 505409 2896558518 4294464726
435.938523 11763753 505857 2895796377 4294464260
435.945289 11770250 506467 2895033735 4294463888
435.953774 11778395 507887 2894100254 4294463813
435.960554 11784904 509043 2893317328 4294463506
435.967332 11791412 509871 2892539620 4294463094
435.974467 11798261 510685 2891723798 4294462723
435.981241 11804762 511441 2890968507 4294462464
435.988038 11811290 512031 2890232836 4294462402
435.995886 11818822 512493 2889334699 4294462003
436.002660 11825326 512887 2888564447 4294461549
436.009429 11831824 513214 2887795382 4294461089
436.016196 11838321 513425 2887045577 4294460765
436.022980 11844835 513512 2886284413 4294460685
436.029952 11851526 513716 2885488799 4294460133
436.036724 11858027 513895 2884725284 4294459577
436.043505 11864540 514017 2883968541 4294459099
436.050268 11871028 514058 2883232234 4294458871
436.057027 11877517 514071 2882493108 4294458802
436.063782 11884001 514107 2881728847 4294458446
436.070823 11890761 514173 2880940132 4294458051
436.077574 11897241 514214 2880186078 4294457737
436.084324 11903722 514235 2879445942 4294457660
436.091030 11910159 514240 2878689032 4294457458
436.097780 11916639 514254 2877934088 4294457112
436.104951 11923523 514261 2877129430 4294456763
436.111699 11930001 514266 2876385811 4294456428
436.118449 11936481 514276 2875661562 4294456373
436.125199 11942961 514292 2874904187 4294456151
436.131949 11949441 514342 2874141371 4294455776
436.139102 11956308 514427 2873332508 4294455378
436.145852 11962788 514552 2872574592 4294455017
436.152602 11969268 514730 2871837287 4294454934
436.159352 11975748 514970 2871065147 4294454694
436.166101 11982227 515294 2870298650 4294454313
436.173240 11989081 515739 2869479878 4294453894
436.179993 11995563 516375 2868717465 4294453539
436.186758 12002059 517583 2867984556 4294453482
436.193509 12008539 518705 2867216700 4294453245
436.200258 12015019 519546 2866444394 4294452861
436.207366 12021842 520314 2865632815 4294452445
436.214115 12028320 521015 2864866726 4294452074
436.220866 12034802 521649 2864130358 4294452002
436.227617 12041283 521949 2863346875 4294451875
436.234367 12047763 522327 2862578155 4294451473
436.241499 12054610 522693 2861769238 4294451011
436.248248 12061089 522955 2861024685 4294450686
436.255000 12067585 523088 2860283766 4294450589
436.261766 12074066 523296 2859512656 4294450064
436.268517 12080547 523491 2858751363 4294449470
436.275623 12087368 523641 2857946733 4294448894
436.282372 12093847 523687 2857204044 4294448722
436.289122 12100327 523702 2856444627 4294448607
436.295872 12106807 523732 2855680265 4294448227
436.302621 12113287 523788 2854911790 4294447864
436.309748 12120129 523841 2854097142 4294447525
436.316496 12126607 523862 2853348822 4294447407
436.323246 12133086 523865 2852588039 4294447326
436.329996 12139582 523880 2851815240 4294446964
436.336761 12146061 523884 2851046638 4294446647
436.343888 12152904 523900 2850230782 4294446277
436.350638 12159383 523910 2849481913 4294446140
436.357389 12165864 523922 2848720130 4294446024
436.364138 12172343 523969 2847941468 4294445633
436.370888 12178823 524028 2847157410 4294445269
436.378028 12185677 524147 2846324129 4294444891
436.384778 12192157 524306 2845562654 4294444747
436.391528 12198637 524549 2844786039 4294444615
436.398278 12205118 524884 2843991055 4294444275
436.405029 12211598 525313 2843195766 4294443922
436.412168 12218451 525853 2842349209 4294443553
436.418916 12224929 526601 2841562770 4294443432
436.425668 12231412 527761 2840797253 4294443397
436.432419 12237893 528451 2840030286 4294443230
436.439169 12244373 529188 2839292442 4294442754
436.446298 12251216 529954 2838536776 4294442409
436.453033 12257683 530561 2837764067 4294442342
436.459785 12264164 530992 2836956405 4294441993
436.466534 12270643 531432 2836152169 4294441562
436.473282 12277122 531817 2835355132 4294441114
436.480433 12283987 532125 2834530814 4294440765
436.487183 12290467 532243 2833774998 4294440686
436.493935 12296949 532461 2833044068 4294440159
436.500685 12303428 532688 2832330774 4294439483
436.507434 12309907 532841 2831621591 4294438943
436.514559 12316747 532911 2830866720 4294438604
436.521310 12323229 532919 2830103117 4294438565
436.528039 12329689 532945 2829388561 4294438226
436.534789 12336168 532987 2828656637 4294437903
436.541538 12342647 533021 2827859913 4294437588
436.548679 12349502 533051 2827032391 4294437319
436.555429 12355982 533053 2826275456 4294437277
436.562179 12362463 533067 2825487397 4294437003
436.568929 12368943 533085 2824700735 4294436658
436.575679 12375423 533090 2823918004 4294436317
436.582817 12382275 533101 2823098942 4294436070
436.589567 12388755 533115 2822337797 4294436008
436.596318 12395235 533167 2821552562 4294435717
436.603028 12401678 533239 2820767633 4294435354
436.609777 12408156 533342 2819974501 4294435029
436.616952 12415044 533527 2819165721 4294434940
436.623703 12421526 533761 2818380648 4294434764
436.630453 12428006 534078 2817580054 4294434403
436.637203 12434486 534521 2816782628 4294434044
436.643952 12440964 535063 2815990145 4294433702
436.651100 12447826 536199 2815205358 4294433639
436.657851 12454308 537404 2814469891 4294433417
436.664601 12460788 538293 2813747962 4294433033
436.671352 12467269 539106 2812969774 4294432695
436.678101 12473748 539860 2812171098 4294432330
436.685230 12480592 540554 2811362376 4294432244
436.691983 12487074 540997 2810573524 4294432028
436.698733 12493554 541424 2809779602 4294431620
436.705482 12500034 541747 2808987174 4294431204
436.712231 12506512 542033 2808193736 4294430776
436.719362 12513358 542169 2807395737 4294430675
436.726113 12519839 542287 2806629588 4294430361
436.732864 12526321 542444 2805845151 4294429816
436.739613 12532800 542622 2805061115 4294429247
436.746361 12539278 542711 2804285140 4294428830
436.753497 12546128 542736 2803484709 4294428735
436.760248 12552610 542767 2802710987 4294428539
436.767000 12559109 542816 2801933248 4294428176
436.773769 12565589 542865 2801156273 4294427822
436.780517 12572068 542887 2800385856 4294427608
436.787635 12578901 542895 2799589185 4294427546
436.794386 12585381 542912 2798809457 4294427247
436.801135 12591861 542925 2798025513 4294426924
436.807884 12598340 542929 2797243272 4294426614
436.814634 12604820 542938 2796478394 4294426450
436.821760 12611660 542952 2795665096 4294426363
436.828509 12618139 542995 2794881346 4294426020
436.835258 12624619 543070 2794094217 4294425688
436.842018 12631108 543173 2793295602 4294425366
436.848767 12637588 543333 2792518820 4294425181
436.855898 12644433 543567 2791706188 4294425099
436.862648 12650913 543891 2790902440 4294424767
436.869399 12657393 544302 2790099142 4294424419
436.876148 12663873 544842 2789300546 4294424059
436.882897 12670353 545834 2788529299 4294423889
436.890051 12677221 547065 2787715150 4294423825
436.896803 12683701 547937 2786928937 4294423478
436.903552 12690181 548711 2786143971 4294423136
436.910301 12696659 549480 2785355076 4294422790
436.917028 12703118 550124 2784590853 4294422626
436.924193 12709997 550627 2783779058 4294422550
436.930944 12716478 551074 2782995314 4294422189
436.937696 12722959 551447 2782218013 4294421822
436.944444 12729437 551755 2781448251 4294421383
436.951193 12735916 551972 2780694024 4294421163
436.958319 12742757 552069 2779894119 4294421042
436.965034 12749203 552240 2779115542 4294420583
436.971783 12755682 552382 2778328551 4294420187
436.978531 12762161 552463 2777556274 4294419855
436.985281 12768640 552490 2776795702 4294419796
436.992434 12775507 552532 2775966255 4294419522
436.999186 12781990 552582 2775183787 4294419180
437.005937 12788471 552623 2774405286 4294418876
437.012687 12794951 552651 2773630074 4294418609
437.019437 12801430 552656 2772894465 4294418555
437.026743 12808445 552671 2772058602 4294418278
437.033513 12814946 552678 2771277063 4294417962
437.040283 12821444 552688 2770490506 4294417638
437.047072 12827962 552697 2769714907 4294417393
437.053844 12834463 552706 2768946169 4294417339
437.061088 12841416 552737 2768105596 4294417069
437.068107 12848157 552815 2767290190 4294416691
437.074878 12854655 552920 2766493858 4294416348
437.081637 12861144 553102 2765711775 4294416101
437.088411 12867648 553335 2764949021 4294416034
437.095169 12874134 553623 2764153438 4294415733
437.101941 12880637 554017 2763349242 4294415396
437.110309 12888668 554668 2762355160 4294414963
437.117063 12895154 555677 2761581912 4294414759
437.123843 12901664 557170 2760812136 4294414708
437.130874 12908413 558095 2759979910 4294414352
437.140057 12917227 559206 2758904590 4294413862
437.146830 12923729 559984 2758135101 4294413653
437.153610 12930240 560537 2757370176 4294413608
437.160978 12937311 561065 2756512961 4294413199
437.169039 12945050 561495 2755579558 4294412746
437.175817 12951557 561750 2754802276 4294412339
437.182587 12958056 561929 2754050595 4294412157
437.189355 12964554 562034 2753300922 4294412025
437.196126 12971056 562186 2752509315 4294411654
437.203994 12978635 562387 2751592874 4294411196
437.210796 12985136 562483 2750807172 4294410815
437.217575 12991647 562527 2750045065 4294410695
437.224561 12998350 562555 2749241391 4294410521
437.233055 13006506 562621 2748261959 4294410094
437.239835 13013015 562676 2747486176 4294409765
437.246604 13019513 562718 2746718221 4294409428
437.253373 13026012 562724 2745972503 4294409380
437.260153 13032520 562728 2745196918 4294409183
437.268305 13040346 562738 2744256414 4294408795
437.275064 13046835 562745 2743469749 4294408467
437.281850 13053350 562767 2742690318 4294408221
437.288841 13060061 562773 2741897241 4294408170
437.295616 13066564 562803 2741107299 4294407887
437.302566 13073239 562869 2740303086 4294407540
437.309585 13079974 562976 2739489729 4294407180
437.316385 13086503 563147 2738724035 4294406970
437.323585 13093414 563407 2737911959 4294406842
437.330355 13099914 563748 2737122020 4294406469
437.337151 13106439 564146 2736329959 4294406075
437.344147 13113153 564737 2735514067 4294405690
437.350921 13119657 565869 2734756244 4294405640
437.357693 13126158 567187 2733969163 4294405464
437.365921 13134057 568200 2732996951 4294405052
437.372708 13140573 568980 2732203604 4294404695
437.379486 13147079 569679 2731420877 4294404421
437.387075 13154366 570279 2730572582 4294404364
437.393858 13160878 570688 2729787194 4294404058
437.400642 13167390 571044 2729001847 4294403678
437.408146 13174593 571433 2728138236 4294403242
437.414933 13181109 571675 2727374474 4294402959
437.421759 13187661 571753 2726625684 4294402895
437.428540 13194173 571923 2725844925 4294402522
437.435313 13200673 572081 2725068422 4294402055
437.442058 13207151 572184 2724295988 4294401638
437.448960 13213774 572216 2723530380 4294401456
437.455742 13220287 572234 2722764658 4294401363
437.463435 13227671 572278 2721889311 4294400974
437.470210 13234175 572333 2721120178 4294400644
437.477155 13240841 572378 2720334700 4294400323
437.483947 13247361 572394 2719589703 4294400206
437.490712 13253857 572397 2718822829 4294400090
437.498048 13260898 572398 2717973728 4294399767
437.504828 13267408 572401 2717185818 4294399465
437.511603 13273913 572409 2716408046 4294399171
437.518978 13280992 572418 2715574128 4294399115
437.525753 13287496 572446 2714790559 4294398872
437.532531 13294003 572502 2714011443 4294398508
437.540300 13301462 572600 2713115637 4294398098
437.547062 13307952 572772 2712350806 4294397831
437.553835 13314454 573006 2711601131 4294397761
437.560601 13320951 573299 2710815622 4294397475
437.567371 13327450 573720 2710033204 4294397109
437.574427 13334223 574263 2709217959 4294396724
437.581416 13340933 575231 2708430530 4294396470
437.588605 13347833 576639 2707640748 4294396426
437.595703 13354647 577595 2706805055 4294396075
437.602476 13361151 578420 2706013836 4294395719
437.609821 13368202 579145 2705157837 4294395316
437.617615 13375685 579840 2704277313 4294395115
437.624384 13382182 580276 2703504617 4294395021
437.631161 13388688 580676 2702723192 4294394633
437.638092 13395341 581014 2701927738 4294394221
437.644917 13401893 581291 2701143903 4294393792
437.652080 13408771 581466 2700353599 4294393551
437.658818 13415241 581571 2699600150 4294393361
437.665603 13421754 581777 2698833546 4294392883
437.673102 13428950 581964 2697991592 4294392393
437.679869 13435447 582009 2697246864 4294392160
437.686640 13441948 582040 2696499177 4294392086
437.693552 13448584 582064 2695708733 4294391762
437.700317 13455077 582115 2694938291 4294391426
437.707083 13461573 582164 2694170858 4294391103
437.713863 13468081 582183 2693416522 4294390917
437.720632 13474580 582192 2692664478 4294390857
437.727631 13481298 582200 2691859681 4294390556
437.734495 13487889 582208 2691076308 4294390240
437.741264 13494387 582211 2690298836 4294389932
437.748051 13500902 582218 2689534892 4294389727
437.754833 13507415 582237 2688780203 4294389672
437.761608 13513916 582276 2687995852 4294389352
437.771136 13523064 582376 2686892936 4294388841
437.777919 13529575 582505 2686105190 4294388464
437.784686 13536072 582736 2685345230 4294388335
437.791485 13542599 583061 2684562748 4294388196
437.798260 13549106 583431 2683770525 4294387847
437.805081 13555652 583904 2682970203 4294387477
437.811860 13562159 584553 2682176258 4294387120
437.818639 13568668 585693 2681422549 4294386997
437.826830 13576531 587082 2680499550 4294386811
437.833608 13583039 587908 2679703801 4294386459
437.840380 13589538 588662 2678909121 4294386120
437.847445 13596321 589304 2678094236 4294385840
437.856051 13604582 589849 2677117134 4294385776
437.862822 13611084 590289 2676327281 4294385394
437.869700 13617686 590664 2675532581 4294384982
437.876480 13624194 590994 2674757320 4294384562
437.883263 13630707 591157 2674009393 4294384419
437.890047 13637220 591291 2673250101 4294384196
437.897087 13643977 591476 2672460421 4294383700
437.903876 13650495 591612 2671693607 4294383262
437.911052 13657384 591697 2670886181 4294382835
437.917957 13664011 591710 2670126338 4294382747
437.924954 13670728 591741 2669340206 4294382556
437.931727 13677232 591789 2668586253 4294382239
437.938508 13683743 591838 2667832005 4294381916
437.946362 13691280 591881 2666960707 4294381510
437.953136 13697786 591895 2666228794 4294381423
437.959936 13704313 591903 2665468894 4294381219
437.966707 13710812 591911 2664712762 4294380884
437.973482 13717316 591923 2663950789 4294380524
437.980261 13723825 591936 2663187274 4294380176
437.988816 13732036 591954 2662254352 4294380111
437.995591 13738542 592010 2661495094 4294379807
438.002378 13745058 592094 2660731649 4294379411
438.010046 13752417 592250 2659866479 4294378969
438.018811 13760833 592576 2658905191 4294378800
438.025593 13767343 592874 2658135427 4294378581
438.032377 13773857 593292 2657361716 4294378200
438.040095 13781267 593973 2656476062 4294377768
438.046881 13787780 594964 2655717348 4294377533
438.053658 13794285 596306 2654974598 4294377486
438.061048 13801382 597384 2654123337 4294377102
438.068087 13808137 598289 2653318741 4294376712
438.074875 13814655 598987 2652543665 4294376346
438.081657 13821165 599597 2651794341 4294376121
438.088542 13827773 600040 2651027351 4294376035
438.095300 13834261 600438 2650261331 4294375634
438.102084 13840774 600759 2649495921 4294375210
438.108858 13847278 601084 2648737045 4294374734
438.116522 13854634 601276 2647897272 4294374468
438.123284 13861126 601360 2647158993 4294374331
438.130093 13867663 601536 2646401820 4294373854
438.137065 13874357 601721 2645623176 4294373327
438.143923 13880941 601809 2644862032 4294372882
438.151545 13888257 601846 2644034902 4294372685
438.158991 13895404 601878 2643205762 4294372517
438.165787 13901929 601943 2642444486 4294372150
438.172565 13908437 601995 2641687927 4294371780
438.179331 13914932 602035 2640930304 4294371444
438.186099 13921429 602054 2640192501 4294371346
438.192894 13927952 602063 2639429176 4294371204
438.201065 13935796 602073 2638503666 4294370785
438.207856 13942334 602096 2637730358 4294370390
438.214638 13948826 602105 2636976184 4294370229
438.221401 13955319 602128 2636229269 4294370150
438.228167 13961814 602177 2635469398 4294369795
438.235387 13968745 602290 2634652991 4294369412
438.242169 13975254 602428 2633886999 4294369035
438.248933 13981748 602670 2633142498 4294368861
438.255697 13988242 602979 2632384926 4294368757
438.262470 13994744 603353 2631614729 4294368346
438.269229 14001233 603902 2630844909 4294367942
438.275996 14007758 604550 2630071600 4294367543
438.282788 14014249 605590 2629325700 4294367351
438.289638 14020825 606915 2628573373 4294367268
438.296413 14027331 607801 2627797678 4294366894
438.305076 14035648 608768 2626804755 4294366410
438.311846 14042146 609443 2626032034 4294366050
438.318624 14048655 609988 2625287120 4294365959
438.326054 14055784 610421 2624443784 4294365746
438.332958 14062411 610762 2623652284 4294365353
438.339734 14068919 611077 2622867733 4294364950
438.346523 14075451 611346 2622077741 4294364554
438.355070 14083642 611476 2621124573 4294364443
438.361864 14090162 611613 2620351267 4294364130
438.368632 14096661 611735 2619574808 4294363751
438.375410 14103167 611808 2618798283 4294363362
438.382183 14109671 611836 2618044367 4294363151
438.388956 14116171 611848 2617280935 4294363096
438.395725 14122671 611896 2616501812 4294362749
438.402499 14129174 611944 2615726499 4294362424
438.409268 14135671 611991 2614952281 4294362089
438.416070 14142201 612003 2614196892 4294361966
438.422836 14148696 612009 2613423506 4294361846
438.429912 14155489 612014 2612607865 4294361497
438.436772 14162074 612021 2611815995 4294361169
438.443542 14168574 612038 2611037697 4294360825
438.450306 14175067 612049 2610290099 4294360732
438.457071 14181564 612071 2609517230 4294360609
438.463853 14188084 612140 2608722644 4294360284
438.470634 14194583 612251 2607932082 4294359907
438.477406 14201084 612414 2607138063 4294359573
438.484661 14208048 612703 2606320939 4294359429
438.493055 14216109 613085 2605339666 4294359200
438.499835 14222617 613541 2604530893 4294358871
438.506606 14229116 614139 2603720974 4294358524
438.513376 14235615 614954 2602913942 4294358186
438.520143 14242112 616472 2602147676 4294358148
438.526945 14248640 617352 2601346900 4294357941
438.533719 14255145 618135 2600540354 4294357594
438.540577 14261730 618742 2599729008 4294357225
438.547368 14268247 619301 2598940484 4294356963
438.554170 14274778 619750 2598176610 4294356906
438.560952 14281289 620109 2597389423 4294356573
438.567847 14287908 620409 2596584589 4294356184
438.574637 14294426 620712 2595793496 4294355778
438.582148 14301635 620869 2594946221 4294355575
438.588919 14308136 620955 2594170727 4294355417
438.595731 14314675 621161 2593384432 4294354911
438.602614 14321283 621300 2592591542 4294354455
438.609385 14327784 621363 2591813711 4294354057
438.616151 14334279 621407 2591062587 4294353897
438.622927 14340784 621432 2590304180 4294353776
438.629698 14347285 621481 2589532708 4294353439
438.636471 14353787 621527 2588764348 4294353107
438.643238 14360282 621562 2587998061 4294352775
438.650035 14366808 621572 2587240896 4294352628
438.656817 14373318 621575 2586474653 4294352547
438.663593 14379824 621576 2585696054 4294352225
438.670385 14386345 621583 2584911586 4294351914
438.677195 14392883 621594 2584125099 4294351591
438.683967 14399381 621610 2583369984 4294351426
438.690895 14406033 621634 2582590155 4294351327
438.697677 14412545 621717 2581810887 4294350975
438.704863 14419443 621860 2580988689 4294350577
438.711632 14425940 622026 2580209002 4294350220
438.718408 14432445 622367 2579450923 4294350073
438.725184 14438950 622781 2578679894 4294349965
438.731975 14445471 623262 2577870443 4294349615
438.738807 14452029 623851 2577054106 4294349243
438.745594 14458543 624771 2576259519 4294348995
438.752364 14465045 626175 2575485887 4294348953
438.759188 14471598 627067 2574676815 4294348669
438.765976 14478111 627861 2573873408 4294348313
438.773100 14484951 628513 2573031215 4294347922
438.780317 14491877 629122 2572195587 4294347635
438.787089 14498379 629529 2571445256 4294347566
438.793858 14504878 629941 2570646699 4294347200
438.800647 14511398 630290 2569844166 4294346768
438.809177 14519584 630698 2568842229 4294346228
438.815959 14526095 630844 2568063779 4294346007
438.822727 14532591 630893 2567298681 4294345905
438.829485 14539079 631048 2566523966 4294345440
438.836237 14545560 631137 2565751588 4294345038
438.843030 14552081 631187 2564968868 4294344674
438.849779 14558560 631222 2564206729 4294344457
438.856979 14565472 631235 2563394697 4294344380
438.863728 14571951 631279 2562615031 4294344053
438.870475 14578429 631316 2561837679 4294343736
438.877223 14584907 631349 2561060186 4294343412
438.883971 14591384 631360 2560301365 4294343252
438.891129 14598256 631363 2559500733 4294343161
438.897878 14604735 631371 2558725526 4294342814
438.904626 14611213 631384 2557946917 4294342477
438.911373 14617690 631405 2557167127 4294342124
438.918120 14624167 631428 2556411498 4294342053
438.925255 14631017 631471 2555588556 4294341875
438.932022 14637513 631578 2554803083 4294341523
438.938769 14643990 631724 2554025297 4294341159
438.945516 14650468 631949 2553258830 4294340877
438.952265 14656947 632275 2552507252 4294340809
438.959376 14663773 632731 2551693496 4294340496
438.966124 14670251 633252 2550907793 4294340129
438.972873 14676730 633958 2550117332 4294339760
438.979699 14683284 635006 2549331746 4294339450
438.986467 14689794 636424 2548565273 4294339417
438.993514 14696546 637400 2547739194 4294339148
439.000264 14703026 638229 2546940660 4294338778
439.007024 14709515 638856 2546140078 4294338427
439.013772 14715993 639391 2545348838 4294338155
439.020522 14722473 639780 2544580510 4294338088
439.027640 14729306 640115 2543746334 4294337770
439.034388 14735785 640408 2542951885 4294337391
439.041136 14742263 640669 2542160600 4294336991
439.047884 14748741 640864 2541383372 4294336668
439.054635 14755222 640927 2540626138 4294336602
439.061763 14762065 641026 2539798677 4294336319
439.068512 14768544 641121 2539004671 4294335965
439.075259 14775021 641204 2538205418 4294335597
439.082023 14781515 641251 2537419097 4294335308
439.088773 14787995 641262 2536647281 4294335269
439.095907 14794843 641288 2535809555 4294335038
439.102655 14801321 641316 2535018146 4294334732
439.109403 14807799 641336 2534231306 4294334441
439.116224 14814347 641340 2533472877 4294334347
439.122973 14820826 641342 2532690577 4294334240
439.130048 14827619 641348 2531854821 4294333900
439.136794 14834095 641354 2531056234 4294333606
439.143543 14840574 641374 2530260408 4294333299
439.150290 14847051 641396 2529496949 4294333199
439.157031 14853522 641438 2528714775 4294333055
439.164181 14860386 641531 2527862419 4294332696
439.170929 14866864 641672 2527059795 4294332322
439.177676 14873342 641900 2526257225 4294331933
439.184424 14879819 642294 2525485086 4294331821
439.191172 14886298 642701 2524698891 4294331665
439.198316 14893155 643199 2523845567 4294331289
439.205033 14899604 643873 2523046702 4294330952
439.211781 14906083 644827 2522249776 4294330607
439.218529 14912560 646242 2521494304 4294330520
439.225278 14919039 647090 2520724329 4294330356
439.232438 14925913 647875 2519881909 4294329986
439.239186 14932391 648510 2519089025 4294329625
439.245935 14938869 649070 2518296551 4294329266
439.252779 14945440 649496 2517527543 4294329135
439.259560 14951952 649790 2516752457 4294328974
439.266585 14958694 650140 2515935508 4294328561
439.273333 14965172 650483 2515157473 4294328125
439.280080 14971649 650650 2514398840 4294327852
439.286829 14978129 650710 2513639710 4294327783
439.293579 14984609 650891 2512857402 4294327324
439.300689 14991434 650994 2512035896 4294326897
439.307437 14997912 651043 2511257227 4294326540
439.314184 15004389 651071 2510498875 4294326312
439.320932 15010867 651087 2509745250 4294326268
439.327681 15017346 651151 2508975048 4294325925
439.334830 15024209 651207 2508166793 4294325572
439.341577 15030687 651233 2507403484 4294325258
439.348324 15037164 651245 2506654433 4294325030
439.355030 15043602 651254 2505905301 4294324982
439.361780 15050081 651257 2505127871 4294324694
439.368958 15056972 651274 2504299993 4294324335
439.375706 15063450 651293 2503525941 4294323982
439.382453 15069928 651323 2502771177 4294323729
439.389274 15076476 651350 2502011748 4294323670
439.396033 15082965 651435 2501229572 4294323349
439.403113 15089761 651589 2500413590 4294322977
439.409862 15096239 651795 2499631870 4294322554
439.416609 15102717 652173 2498875316 4294322346
439.423358 15109196 652701 2498124285 4294322291
439.430107 15115675 653179 2497332787 4294321965
439.437247 15122530 653903 2496499176 4294321601
439.443996 15129008 654925 2495710807 4294321225
439.450762 15135504 656382 2494950672 4294321110
439.457510 15141982 657257 2494177139 4294320985
439.464259 15148461 657968 2493391255 4294320634
439.471372 15155290 658680 2492563168 4294320263
439.478120 15161768 659253 2491789264 4294319936
439.484868 15168247 659678 2491056298 4294319881
439.491617 15174726 659987 2490298226 4294319597
439.498365 15181203 660313 2489535870 4294319169
439.505512 15188064 660679 2488729186 4294318669
439.512260 15194542 660907 2487969785 4294318258
439.519025 15201037 660988 2487226521 4294318169
439.525850 15207589 661104 2486452226 4294317873
439.532629 15214097 661192 2485689408 4294317501
439.539635 15220822 661263 2484899203 4294317092
439.546382 15227300 661294 2484150273 4294316768
439.553130 15233778 661302 2483421271 4294316715
439.559880 15240257 661336 2482664765 4294316495
439.566627 15246735 661379 2481911497 4294316175
439.573756 15253578 661405 2481116658 4294315836
439.580505 15260057 661417 2480366560 4294315539
439.587224 15266508 661423 2479634301 4294315483
439.593973 15272987 661425 2478872611 4294315284
439.600722 15279466 661433 2478105508 4294314942
439.607890 15286347 661457 2477287596 4294314563
439.614638 15292825 661486 2476527540 4294314227
439.621340 15299259 661519 2475796137 4294314168
439.628089 15305738 661587 2475031929 4294313938
439.634839 15312218 661717 2474266609 4294313534
439.642045 15319135 661952 2473445084 4294313083
439.648792 15325613 662332 2472702499 4294312919
439.655542 15332093 662824 2471947778 4294312775
439.662363 15338641 663326 2471169606 4294312380
439.669127 15345135 664002 2470390803 4294312004
439.676181 15351907 664935 2469579853 4294311614
439.682930 15358386 666291 2468834845 4294311474
439.689679 15364865 667184 2468071814 4294311372
439.696428 15371344 667913 2467294111 4294310995
439.703176 15377821 668565 2466516731 4294310638
439.710310 15384670 669147 2465694925 4294310242
439.717033 15391124 669589 2464955229 4294310097
439.723781 15397603 669854 2464199083 4294309975
439.730530 15404081 670167 2463421484 4294309570
439.737278 15410559 670448 2462648939 4294309147
439.744438 15417433 670700 2461832951 4294308678
439.751185 15423910 670846 2461085215 4294308462
439.757934 15430390 670920 2460326339 4294308318
439.764683 15436869 671023 2459570489 4294307955
439.771430 15443346 671108 2458817262 4294307545
439.778572 15450202 671142 2458020057 4294307179
439.785319 15456679 671156 2457289282 4294307046
439.792040 15463132 671170 2456543634 4294306943
439.798858 15469677 671218 2455779087 4294306605
439.805606 15476155 671256 2455025630 4294306264
439.812693 15482958 671268 2454243156 4294306009
439.819441 15489437 671271 2453504349 4294305960
439.826191 15495916 671289 2452745108 4294305653
439.832942 15502398 671300 2451987049 4294305289
439.839692 15508878 671323 2451224013 4294304952
439.846822 15515722 671362 2450433602 4294304661
439.853571 15522201 671392 2449689360 4294304597
439.860321 15528681 671481 2448915628 4294304297
439.867029 15535121 671599 2448153608 4294303918
439.873776 15541598 671812 2447387579 4294303505
439.880960 15548494 672178 2446581159 4294303237
439.887708 15554972 672732 2445833530 4294303195
439.894456 15561451 673199 2445054517 4294302890
439.901204 15567928 673846 2444252666 4294302537
439.907952 15574407 674772 2443450396 4294302198
439.915109 15581278 676074 2442615294 4294301915
439.921859 15587757 677063 2441844279 4294301871
439.928607 15594236 677827 2441045745 4294301581
439.935429 15600785 678494 2440248726 4294301217
439.942192 15607277 679028 2439457597 4294300876
439.949683 15614469 679519 2438603956 4294300598
439.956456 15620973 679766 2437848315 4294300531
439.963230 15627476 680044 2437061921 4294300137
439.970041 15634024 680292 2436274613 4294299744
439.976823 15640525 680484 2435490153 4294299329
439.983607 15647039 680602 2434723077 4294299121
439.990385 15653545 680663 2433949926 4294299002
439.997876 15660737 680749 2433076144 4294298625
440.004988 15667565 680796 2432251005 4294298300
440.011803 15674107 680823 2431468843 4294297999
440.019178 15681185 680835 2430639292 4294297940
440.025954 15687692 680878 2429863213 4294297698
440.032933 15694391 680908 2429052742 4294297365
440.039713 15700902 680931 2428267286 4294297057
440.046499 15707414 680940 2427496420 4294296792
440.053330 15713972 680944 2426735783 4294296748
440.060097 15720468 680948 2425965429 4294296515
440.066880 15726981 680960 2425190052 4294296172
440.075326 15735089 680991 2424223456 4294295757
440.082087 15741579 681019 2423464047 4294295559
440.088867 15748088 681069 2422706102 4294295483
440.095638 15754588 681179 2421927983 4294295149
440.102461 15761138 681342 2421144766 4294294783
440.109236 15767640 681571 2420374142 4294294407
440.116047 15774181 681992 2419619179 4294294141
440.122983 15780878 682614 2418849198 4294294090
440.129799 15787383 683166 2418056898 4294293746
440.136596 15793907 683874 2417260581 4294293386
440.143374 15800413 685019 2416463540 4294293048
440.150151 15806919 686083 2415684631 4294292834
440.156928 15813426 687056 2414926936 4294292786
440.164065 15820296 687751 2414090687 4294292455
440.172661 15828531 688534 2413091380 4294291996
440.179433 15835031 689020 2412320777 4294291721
440.186202 15841529 689335 2411567805 4294291656
440.193024 15848078 689656 2410778094 4294291305
440.199804 15854589 689971 2409995956 4294290873
440.206585 15861097 690211 2409219665 4294290451
440.213450 15867686 690417 2408446165 4294290109
440.220220 15874187 690463 2407698514 4294290057
440.227060 15880753 690575 2406909301 4294289743
440.233880 15887301 690634 2406112849 4294289376
440.240657 15893806 690683 2405323396 4294289057
440.247471 15900347 690717 2404540026 4294288794
440.254235 15906841 690724 2403773657 4294288751
440.261050 15913383 690750 2402978688 4294288517
440.267830 15919893 690784 2402195088 4294288205
440.275094 15926866 690789 2401352471 4294287891
440.281865 15933365 690797 2400584689 4294287642
440.288688 15939916 690798 2399827444 4294287588
440.295459 15946417 690815 2399038796 4294287293
440.302233 15952920 690830 2398250788 4294286963
440.308999 15959459 690855 2397459182 4294286643
440.318147 15968197 690915 2396417886 4294286386
440.324931 15974711 690985 2395651949 4294286292
440.331709 15981216 691124 2394880151 4294285942
440.339951 15989128 691380 2393936488 4294285484
440.346729 15995636 691788 2393180407 4294285253
440.353609 16002242 692307 2392414902 4294285187
440.361200 16009527 692870 2391536957 4294284790
440.367975 16016031 693561 2390753477 4294284415
440.374761 16022548 694712 2389970581 4294284024
440.381927 16029425 695903 2389166049 4294283836
440.388705 16035933 696780 2388408880 4294283772
440.395488 16042445 697543 2387620069 4294283428
440.404086 16050701 698353 2386619957 4294282973
440.410871 16057212 698797 2385830707 4294282574
440.417641 16063712 699153 2385074230 4294282460
440.425136 16070905 699437 2384209503 4294282244
440.431913 16077414 699764 2383423288 4294281827
440.438698 16083927 700047 2382641607 4294281374
440.446078 16091012 700321 2381785029 4294280884
440.452858 16097520 700367 2381039536 4294280803
440.459636 16104026 700435 2380269310 4294280567
440.467759 16111825 700509 2379337126 4294280083
440.475836 16119577 700554 2378406974 4294279649
440.482603 16126073 700578 2377642108 4294279424
440.489386 16132587 700597 2376889167 4294279360
440.496901 16139801 700636 2376024366 4294279041
440.503672 16146300 700650 2375248870 4294278730
440.510445 16152802 700655 2374475000 4294278419
440.518761 16160786 700662 2373542619 4294278293
440.525533 16167287 700665 2372766136 4294278135
440.532307 16173790 700677 2371979501 4294277814
440.539983 16181159 700698 2371090480 4294277448
440.546758 16187663 700742 2370320608 4294277211
440.553666 16194294 700782 2369554865 4294277137
440.561400 16201720 700906 2368661268 4294276726
440.568170 16208220 701102 2367883304 4294276358
440.574953 16214730 701370 2367103738 4294275945
440.583108 16222560 701921 2366190446 4294275718
440.589880 16229060 702500 2365420918 4294275610
440.596646 16235556 703138 2364640415 4294275231
440.604217 16242823 704111 2363763427 4294274847
440.612926 16251185 705529 2362752713 4294274437
440.619703 16257691 706602 2362005363 4294274404
440.626484 16264201 707342 2361219043 4294274195
440.634093 16271506 708059 2360325362 4294273784
440.640998 16278158 708556 2359510627 4294273419
440.647806 16284671 708960 2358731057 4294273128
440.654836 16291417 709177 2357940189 4294273070
440.664051 16300264 709541 2356880162 4294272634
440.670838 16306781 709777 2356107092 4294272217
440.677618 16313290 709967 2355331334 4294271799
440.684825 16320209 710059 2354532990 4294271652
440.691599 16326710 710131 2353778441 4294271446
440.698366 16333206 710213 2353009258 4294271057
440.706171 16340699 710255 2352121018 4294270629
440.712958 16347216 710282 2351353481 4294270362
440.719741 16353729 710288 2350594432 4294270330
440.726515 16360232 710329 2349815288 4294270030
440.733287 16366732 710356 2349035442 4294269699
440.740862 16374004 710361 2348161725 4294269339
440.747639 16380509 710362 2347393671 4294269149
440.754422 16387023 710365 2346627656 4294269105
440.762074 16394368 710376 2345734652 4294268761
440.768865 16400887 710392 2344937045 4294268461
440.775644 16407395 710417 2344146620 4294268140
440.783053 16414507 710458 2343304132 4294267961
440.789837 16421019 710515 2342537152 4294267888
440.796615 16427527 710652 2341740310 4294267564
440.805097 16435671 710919 2340743482 4294267098
440.811884 16442185 711211 2339943238 4294266733
440.818666 16448696 711836 2339174667 4294266644
440.826206 16455945 712541 2338298594 4294266465
440.833197 16462643 713215 2337477582 4294266096
440.839978 16469155 714362 2336684013 4294265747
440.846991 16475888 715312 2335863678 4294265382
440.854082 16482694 716393 2335085030 4294265325
440.860880 16489238 717068 2334316845 4294265104
440.868270 16496314 717710 2333473771 4294264682
440.875061 16502835 718148 2332702504 4294264269
440.881840 16509343 718527 2331952799 4294264100
440.889191 16516399 718792 2331124633 4294263922
440.896066 16522999 719135 2330343411 4294263462
440.902835 16529498 719428 2329580719 4294262960
440.910794 16537158 719718 2328687414 4294262360
440.917598 16543669 719798 2327950705 4294262237
440.924488 16550284 719873 2327181136 4294262010
440.932105 16557598 719957 2326313521 4294261573
440.938881 16564102 720002 2325545496 4294261185
440.945651 16570600 720034 2324781962 4294260858
440.952415 16577095 720050 2324039785 4294260802
440.959190 16583599 720082 2323273157 4294260588
440.967131 16591221 720111 2322364312 4294260213
440.973908 16597727 720115 2321584727 4294259904
440.980692 16604242 720121 2320808731 4294259633
440.988374 16611615 720133 2319947163 4294259571
440.995157 16618127 720149 2319159320 4294259265
441.001935 16624636 720162 2318371842 4294258941
441.009746 16632132 720196 2317461882 4294258531
441.016529 16638643 720231 2316697469 4294258325
441.023298 16645144 720293 2315946139 4294258284
441.031092 16652625 720446 2315056838 4294257859
441.037871 16659132 720657 2314281421 4294257488
441.044650 16665641 720960 2313501180 4294257124
441.052208 16672895 721680 2312666008 4294257028
441.058984 16679401 722313 2311891180 4294256803
441.065904 16686046 723066 2311089216 4294256438
441.073165 16693015 724334 2310245127 4294256070
441.079950 16699527 725405 2309475329 4294255836
441.086733 16706041 726386 2308735254 4294255783
441.093506 16712541 726983 2307949193 4294255478
441.100278 16719045 727600 2307164402 4294255135
441.107817 16726282 728148 2306297002 4294254746
441.114597 16732790 728581 2305530493 4294254502
441.121369 16739292 728797 2304767965 4294254438
441.129068 16746682 729080 2303873793 4294254007
441.137187 16754476 729417 2302939682 4294253499
441.143958 16760975 729644 2302161921 4294253045
441.150731 16767479 729767 2301407989 4294252848
441.157515 16773992 729816 2300637357 4294252694
441.164302 16780506 729862 2299852905 4294252327
441.171207 16787134 729892 2299058679 4294251973
441.178201 16793848 729933 2298254692 4294251597
441.185058 16800431 729952 2297490567 4294251474
441.191821 16806923 729968 2296726456 4294251360
441.198634 16813464 730001 2295954031 4294251044
441.206926 16821426 730009 2295010499 4294250646
441.213719 16827961 730013 2294252102 4294250491
441.220502 16834458 730015 2293501793 4294250436
441.227277 16840962 730020 2292725443 4294250118
441.234063 16847478 730037 2291942051 4294249770
441.240835 16853979 730081 2291162753 4294249395
441.247745 16860611 730138 2290382936 4294249220
441.254515 16867109 730189 2289620591 4294249153
441.261418 16873737 730313 2288831797 4294248775
441.269090 16881106 730544 2287947315 4294248336
441.275861 16887601 730858 2287162323 4294247953
441.283176 16894625 731466 2286342432 4294247784
441.289993 16901200 732065 2285554963 4294247640
441.296800 16907705 732729 2284766125 4294247309
441.303576 16914210 733740 2283972942 4294246958
441.310953 16921292 734857 2283106279 4294246571
441.317775 16927841 735940 2282343559 4294246474
441.324639 16934432 736647 2281573123 4294246322
441.331430 16940949 737272 2280769993 4294245987
441.338194 16947442 737799 2279975135 4294245612
441.345105 16954079 738285 2279170558 4294245275
441.351884 16960585 738566 2278408599 4294245200
441.358940 16967365 738835 2277584365 4294244892
441.368045 16976101 739191 2276517021 4294244320
441.374813 16982596 739391 2275726445 4294243873
441.381605 16989117 739525 2274945361 4294243486
441.388837 16996059 739573 2274145836 4294243391
441.395607 17002558 739639 2273370723 4294243093
441.402385 17009066 739677 2272591193 4294242722
441.410636 17016988 739738 2271642451 4294242313
441.417828 17023891 739747 2270839620 4294242253
441.424622 17030415 739772 2270052287 4294242023
441.431458 17036975 739796 2269260842 4294241731
441.439838 17045022 739804 2268290004 4294241340
441.446609 17051520 739810 2267519218 4294241099
441.453386 17058028 739811 2266774399 4294241053
441.461196 17065526 739824 2265863905 4294240731
441.468071 17072124 739853 2265064554 4294240406
441.474850 17078632 739888 2264267846 4294240082
441.484653 17088046 739965 2263144936 4294239845
441.491542 17094657 740068 2262348691 4294239639
441.498318 17101161 740242 2261549322 4294239305
441.505173 17107742 740494 2260738673 4294238936
441.511955 17114253 740820 2259933366 4294238579
441.518944 17120963 741482 2259138307 4294238483
441.525953 17127691 742148 2258323868 4294238293
441.532738 17134205 742852 2257512906 4294237935
441.539521 17140718 744050 2256705946 4294237568
441.547239 17148127 745034 2255793307 4294237191
441.554040 17154654 746028 2255036184 4294237139
441.560851 17161193 746694 2254249025 4294236931
441.567624 17167697 747276 2253453825 4294236588
441.574423 17174223 747763 2252654643 4294236232
441.581310 17180833 748194 2251864449 4294235956
441.588074 17187327 748407 2251104342 4294235875
441.594846 17193829 748658 2250311224 4294235521
441.603166 17201816 748948 2249344680 4294234978
441.609940 17208319 749102 2248565665 4294234555
441.616737 17214847 749178 2247812613 4294234437
441.624151 17221961 749240 2246974570 4294234215
441.631132 17228663 749303 2246178000 4294233815
441.637908 17235170 749319 2245400208 4294233459
441.644761 17241746 749354 2244614962 4294233100
441.651526 17248241 749370 2243868412 4294233027
441.658300 17254746 749389 2243097339 4294232858
441.666236 17262363 749427 2242191915 4294232470
441.673037 17268892 749433 2241417958 4294232126
441.680125 17275697 749440 2240621845 4294231817
441.686914 17282215 749447 2239877530 4294231750
441.697037 17291931 749458 2238722344 4294231344
441.703817 17298441 749489 2237945429 4294231000
441.710591 17304944 749529 2237183331 4294230714
441.717362 17311445 749587 2236426551 4294230621
441.724141 17317951 749673 2235650428 4294230327
441.730915 17324455 749855 2234873899 4294229971
441.738562 17331795 750148 2233990519 4294229559
441.745335 17338299 750486 2233208956 4294229164
441.752100 17344792 751190 2232453752 4294229021
441.758873 17351294 752037 2231682284 4294228919
441.765629 17357779 752841 2230886804 4294228591
441.772469 17364346 754126 2230084849 4294228238
441.779625 17371215 755161 2229257384 4294227983
441.786377 17377696 756053 2228502963 4294227941
441.793127 17384177 756698 2227719828 4294227652
441.799878 17390657 757230 2226934925 4294227290
441.806627 17397136 757675 2226153013 4294226927
441.813745 17403970 758096 2225343224 4294226614
441.820495 17410450 758307 2224587581 4294226538
441.827246 17416931 758581 2223805727 4294226208
441.833996 17423426 758858 2223027947 4294225753
441.840761 17429905 759053 2222248359 4294225324
441.847880 17436740 759180 2221439659 4294225015
441.854631 17443221 759229 2220696788 4294224935
441.861381 17449701 759283 2219931747 4294224614
441.868131 17456181 759338 2219163371 4294224220
441.874880 17462660 759371 2218395254 4294223860
441.882031 17469524 759409 2217595713 4294223592
441.888781 17476004 759420 2216848299 4294223540
441.895530 17482484 759454 2216088863 4294223247
441.902279 17488963 759479 2215336992 4294222910
441.909107 17495517 759486 2214572774 4294222563
441.916167 17502295 759500 2213797403 4294222291
441.922920 17508778 759509 2213062480 4294222236
441.929671 17515259 759521 2212277149 4294222029
441.936421 17521738 759563 2211512533 4294221627
441.943170 17528217 759598 2210748461 4294221287
441.950296 17535059 759660 2209965113 4294221223
441.957034 17541528 759753 2209212506 4294221030
441.963785 17548008 759953 2208457320 4294220632
441.970534 17554487 760217 2207698479 4294220243
441.977283 17560966 760549 2206937949 4294219838
441.984420 17567817 761287 2206158199 4294219731
441.991169 17574297 761948 2205392431 4294219524
441.997921 17580779 762705 2204618221 4294219148
442.004671 17587259 763924 2203845865 4294218778
442.011421 17593739 764773 2203072418 4294218419
442.018564 17600596 765716 2202291749 4294218339
442.025316 17607078 766383 2201535926 4294218136
442.032037 17613531 767000 2200767154 4294217773
442.038787 17620011 767479 2199996800 4294217367
442.045611 17626562 767924 2199222669 4294216922
442.052681 17633348 768183 2198445308 4294216795
442.059431 17639829 768383 2197679499 4294216589
442.066182 17646309 768648 2196913877 4294216168
442.072932 17652789 768832 2196150464 4294215725
442.079682 17659270 768982 2195389249 4294215273
442.086813 17666115 769042 2194612880 4294215140
442.093563 17672595 769070 2193852841 4294214954
442.100312 17679075 769114 2193085200 4294214569
442.107028 17685522 769153 2192324411 4294214184
442.113777 17692001 769198 2191572235 4294213917
442.120959 17698895 769205 2190780878 4294213868
442.127710 17705377 769233 2190015924 4294213616
442.134461 17711858 769249 2189246418 4294213283
442.141210 17718337 769260 2188472878 4294212953
442.147960 17724817 769264 2187717038 4294212801
442.155109 17731679 769266 2186907732 4294212718
442.161859 17738160 769286 2186131630 4294212337
442.168609 17744639 769312 2185359216 4294212008
442.175358 17751118 769357 2184586279 4294211675
442.182181 17757669 769412 2183818648 4294211508
442.189244 17764450 769499 2183026951 4294211403
442.195999 17770949 769686 2182241774 4294211026
442.202765 17777429 770002 2181456378 4294210673
442.209514 17783908 770378 2180669553 4294210275
442.216264 17790389 770961 2179904505 4294210117
442.223371 17797211 771886 2179108466 4294210025
442.230121 17803691 772694 2178325114 4294209656
442.236873 17810173 773903 2177537561 4294209303
442.243621 17816651 774749 2176750829 4294208931
442.250369 17823129 775693 2175990578 4294208752
442.257512 17829986 776416 2175180184 4294208668
442.264262 17836467 776958 2174397566 4294208325
442.271023 17842957 777363 2173620079 4294207949
442.277773 17849437 777725 2172846541 4294207574
442.284521 17855915 777983 2172091321 4294207352
442.291639 17862749 778146 2171302677 4294207228
442.298389 17869229 778396 2170533572 4294206788
442.305139 17875709 778571 2169760298 4294206398
442.311889 17882188 778691 2168996901 4294206044
442.318712 17888739 778727 2168233289 4294205987
442.325758 17895503 778790 2167426704 4294205656
442.332509 17901983 778813 2166658558 4294205287
442.339257 17908462 778853 2165889150 4294204926
442.346019 17914953 778898 2165126382 4294204632
442.352769 17921434 778904 2164373619 4294204576
442.359892 17928271 778930 2163562321 4294204312
442.366640 17934749 778944 2162793870 4294203970
442.373389 17941229 778957 2162028517 4294203611
442.380138 17947707 778963 2161270272 4294203350
442.386888 17954188 778971 2160525321 4294203306
442.394041 17961054 778985 2159714165 4294203038
442.400791 17967534 779012 2158938823 4294202686
442.407540 17974014 779068 2158161259 4294202336
442.414289 17980493 779150 2157392544 4294202043
442.421030 17986963 779234 2156640788 4294201996
442.428175 17993824 779415 2155830658 4294201709
442.434925 18000303 779671 2155068772 4294201327
442.441675 18006783 780011 2154307766 4294200929
442.448423 18013261 780603 2153552406 4294200611
442.455247 18019812 781531 2152800942 4294200568
442.462309 18026592 782358 2151997868 4294200270
442.469032 18033046 783538 2151224338 4294199878
442.475783 18039527 784308 2150449012 4294199482
442.482532 18046006 785224 2149716757 4294199377
442.489282 18052487 785924 2148961600 4294199222
442.496424 18059342 786476 2148151508 4294198824
442.503174 18065822 786920 2147391347 4294198420
442.509926 18072304 787320 2146627369 4294197991
442.516676 18078784 787586 2145892421 4294197822
442.523426 18085264 787793 2145134800 4294197623
442.530563 18092116 788051 2144333097 4294197141
442.537314 18098596 788241 2143582461 4294196673
442.544039 18105052 788416 2142838274 4294196214
442.550788 18111532 788474 2142111664 4294196088
442.557539 18118013 788498 2141359919 4294195940
442.564682 18124870 788536 2140559379 4294195581
442.571432 18131350 788586 2139800618 4294195226
442.578182 18137830 788635 2139043522 4294194895
442.584931 18144309 788651 2138313853 4294194786
442.591773 18150878 788658 2137541167 4294194667
442.598826 18157648 788668 2136731608 4294194325
442.605576 18164128 788671 2135957442 4294194016
442.612325 18170607 788683 2135182033 4294193663
442.619028 18177042 788688 2134435840 4294193585
442.625778 18183523 788698 2133663865 4294193447
442.632954 18190411 788725 2132837198 4294193088
442.639704 18196891 788779 2132059672 4294192732
442.646453 18203370 788864 2131291631 4294192397
442.653203 18209850 788979 2130542030 4294192341
442.659954 18216331 789147 2129782061 4294192106
442.667099 18223191 789402 2128939829 4294191743
442.673849 18229670 789775 2128141165 4294191396
442.680599 18236150 790414 2127363453 4294191184
442.687348 18242629 791307 2126593321 4294191139
442.694098 18249110 792002 2125790717 4294190827
442.701229 18255955 793274 2124942647 4294190456
442.707981 18262437 794114 2124148407 4294190099
442.714730 18268916 795040 2123383473 4294189903
442.721479 18275395 795734 2122628367 4294189866
442.728301 18281945 796255 2121826604 4294189538
442.735356 18288718 796791 2121002066 4294189159
442.742105 18295196 797205 2120215785 4294188783
442.748856 18301677 797546 2119449431 4294188527
442.755607 18308158 797723 2118695682 4294188442
442.762359 18314641 798026 2117920697 4294188049
442.769497 18321493 798262 2117105236 4294187615
442.776248 18327973 798457 2116336520 4294187210
442.782998 18334471 798555 2115584070 4294186942
442.789767 18340952 798583 2114830270 4294186874
442.796517 18347432 798612 2114055293 4294186531
442.803620 18354250 798646 2113238377 4294186151
442.810369 18360729 798705 2112464149 4294185824
442.817119 18367209 798732 2111706699 4294185627
442.823869 18373690 798736 2110957374 4294185590
442.830621 18380171 798749 2110187345 4294185290
442.837748 18387014 798756 2109382643 4294184945
442.844498 18393494 798768 2108621773 4294184619
442.851248 18399974 798774 2107883287 4294184571
442.858062 18406516 798786 2107112467 4294184344
442.864946 18413125 798821 2106337242 4294183969
442.872048 18419942 798880 2105540848 4294183534
442.878821 18426446 798984 2104782124 4294183204
442.886142 18433473 799124 2103974391 4294183131
442.892920 18439980 799301 2103203040 4294182850
442.899704 18446492 799587 2102423915 4294182473
442.906473 18452992 799940 2101645412 4294182082
442.913246 18459493 800492 2100874412 4294181742
442.922088 18467984 801827 2099889139 4294181678
442.929066 18474681 802931 2099070923 4294181293
442.935837 18481180 803882 2098279153 4294180938
442.942598 18487672 804733 2097483512 4294180570
442.949382 18494187 805607 2096709474 4294180363
442.956234 18500764 806236 2095938173 4294180321
442.963071 18507326 806709 2095139227 4294179955
442.969850 18513834 807159 2094349533 4294179590
442.976630 18520342 807511 2093563057 4294179235
442.983398 18526840 807812 2092800500 4294178986
442.990166 18533338 807947 2092039766 4294178914
442.996934 18539835 808168 2091250313 4294178539
443.005714 18548265 808398 2090226900 4294177997
443.012488 18554765 808528 2089448848 4294177716
443.019246 18561252 808572 2088696032 4294177638
443.026030 18567766 808613 2087912589 4294177329
443.032816 18574282 808645 2087128752 4294176985
443.040139 18581311 808699 2086283023 4294176623
443.046919 18587820 808737 2085512841 4294176405
443.053697 18594326 808760 2084747380 4294176339
443.060470 18600829 808775 2083964782 4294176042
443.067254 18607343 808790 2083190092 4294175672
443.074167 18613978 808795 2082392479 4294175351
443.080955 18620494 808799 2081624832 4294175125
443.087733 18627002 808805 2080875074 4294175077
443.096177 18635107 808832 2079901164 4294174686
443.102952 18641612 808877 2079114440 4294174347
443.109740 18648130 808950 2078325902 4294173980
443.116808 18654914 809059 2077520733 4294173797
443.123577 18661411 809223 2076753696 4294173709
443.130354 18667918 809493 2075975561 4294173271
443.138189 18675439 809883 2075071324 4294172759
443.145058 18682034 810348 2074280288 4294172365
443.151833 18688538 811342 2073526730 4294172213
443.159205 18695614 812436 2072688465 4294172072
443.165971 18702111 813520 2071902111 4294171694
443.173162 18709013 814433 2071065845 4294171308
443.179943 18715524 815303 2070303105 4294171116
443.186726 18722037 815953 2069537318 4294171066
443.194235 18729243 816570 2068662550 4294170684
443.201033 18735770 817032 2067872098 4294170290
443.207827 18742292 817432 2067080130 4294169918
443.215089 18749265 817694 2066252222 4294169692
443.221870 18755773 817856 2065476927 4294169570
443.228642 18762274 818129 2064688966 4294169155
443.236092 18769427 818376 2063832843 4294168665
443.242872 18775935 818560 2063055871 4294168249
443.249654 18782446 818637 2062304385 4294168054
443.256430 18788952 818652 2061549170 4294167948
443.263214 18795464 818682 2060778269 4294167558
443.270999 18802964 818717 2059891550 4294167173
443.279146 18810757 818779 2058971158 4294166806
443.286036 18817372 818787 2058209109 4294166773
443.292823 18823890 818804 2057436959 4294166569
443.299596 18830390 818810 2056662049 4294166222
443.306378 18836902 818819 2055883389 4294165879
443.313270 18843516 818831 2055097357 4294165548
443.320087 18850062 818834 2054350592 4294165506
443.326869 18856573 818849 2053575254 4294165292
443.333643 18863074 818891 2052796680 4294164946
443.340419 18869581 818953 2052019067 4294164596
443.347288 18876174 819054 2051237311 4294164323
443.354666 18883257 819248 2050443624 4294164257
443.361441 18889761 819475 2049717376 4294163901
443.368210 18896260 819784 2049001227 4294163483
443.377468 18905147 820407 2048024678 4294162949
443.384244 18911652 821425 2047268953 4294162898
443.391044 18918180 822423 2046467182 4294162693
443.399157 18925969 823770 2045497207 4294162278
443.405931 18932471 824605 2044689647 4294161914
443.412719 18938988 825403 2043887935 4294161643
443.420320 18946285 826115 2043038893 4294161577
443.427176 18952867 826593 2042237848 4294161259
443.433966 18959387 826998 2041431890 4294160918
443.441058 18966192 827394 2040591580 4294160523
443.447828 18972692 827724 2039799846 4294160233
443.454719 18979309 827865 2039065399 4294160138
443.461491 18985809 828106 2038322812 4294159695
443.468268 18992318 828318 2037528386 4294159240
443.475147 18998920 828486 2036723877 4294158777
443.481915 19005415 828562 2035948214 4294158471
443.488688 19011919 828588 2035183445 4294158410
443.496064 19019000 828633 2034325000 4294158098
443.502997 19025686 828679 2033518676 4294157765
443.509808 19032194 828725 2032735899 4294157434
443.516587 19038702 828751 2031973630 4294157220
443.523373 19045216 828753 2031223909 4294157174
443.530242 19051809 828767 2030430791 4294156854
443.537208 19058496 828774 2029630527 4294156517
443.544034 19065051 828786 2028848303 4294156214
443.551225 19071954 828793 2028051605 4294156141
443.558036 19078537 828815 2027262764 4294155869
443.566834 19086939 828874 2026255489 4294155424
443.573815 19093641 828950 2025451481 4294155046
443.580585 19100140 829063 2024689611 4294154818
443.587364 19106648 829240 2023933333 4294154756
443.594197 19113206 829466 2023128089 4294154402
443.603072 19121730 829930 2022088408 4294153938
443.609846 19128229 830359 2021296434 4294153584
443.616620 19134733 831333 2020536785 4294153440
443.623399 19141241 832332 2019777155 4294153331
443.630172 19147744 833475 2018981939 4294152979
443.636953 19154253 834292 2018182863 4294152622
443.643741 19160769 835093 2017384237 4294152273
443.650513 19167270 835778 2016612223 4294152135
443.657277 19173763 836269 2015833060 4294152043
443.664080 19180296 836746 2015036395 4294151660
443.670864 19186808 837124 2014247337 4294151274
443.677715 19193385 837436 2013448943 4294150782
443.684481 19199879 837608 2012695310 4294150667
443.691245 19206373 837783 2011925588 4294150390
443.698052 19212909 838009 2011131848 4294149898
443.705445 19220006 838181 2010276874 4294149365
443.712214 19226503 838312 2009498007 4294148932
443.719049 19233073 838337 2008740318 4294148867
443.725829 19239574 838353 2007983464 4294148664
443.732598 19246073 838390 2007221164 4294148308
443.739377 19252581 838438 2006450225 4294147964
443.746142 19259075 838475 2005690237 4294147686
443.752914 19265575 838485 2004943731 4294147629
443.759695 19272085 838494 2004168348 4294147380
443.766471 19278590 838498 2003393449 4294147068
443.773978 19285796 838506 2002540005 4294146698
443.780744 19292291 838510 2001782694 4294146483
443.787506 19298783 838515 2001032926 4294146434
443.795076 19306104 838548 2000152561 4294146098
443.801903 19312605 838600 1999372836 4294145755
443.808690 19319120 838679 1998582743 4294145399
443.815474 19325632 838832 1997811631 4294145155
443.822238 19332127 839052 1997047411 4294145102
443.829150 19338762 839327 1996232482 4294144772
443.835922 19345263 839686 1995436100 4294144409
443.843140 19352194 840256 1994593167 4294144026
443.851050 19359789 841404 1993692348 4294143833
443.857831 19366296 842627 1992919844 4294143753
443.864600 19372794 843601 1992127195 4294143386
443.872089 19379984 844518 1991254157 4294143017
443.878871 19386494 845293 1990467133 4294142700
443.885671 19393023 845967 1989712982 4294142650
443.894094 19401108 846534 1988741205 4294142265
443.900880 19407625 846898 1987952158 4294141831
443.907665 19414137 847182 1987165496 4294141396
443.915051 19421228 847404 1986327452 4294141149
443.924108 19429923 847609 1985279950 4294140870
443.930877 19436420 847791 1984490466 4294140445
443.937662 19442935 847922 1983701654 4294140028
443.945205 19450175 848049 1982831055 4294139637
443.951986 19456685 848086 1982075479 4294139569
443.958752 19463181 848120 1981292541 4294139334
443.965697 19469847 848166 1980488055 4294139007
443.974746 19478534 848227 1979443736 4294138584
443.981517 19485034 848246 1978683070 4294138389
443.988388 19491631 848250 1977924690 4294138357
443.995160 19498131 848254 1977150264 4294138073
444.004315 19506920 848265 1976104199 4294137636
444.011089 19513424 848282 1975331423 4294137288
444.017855 19519918 848294 1974574224 4294137142
444.025164 19526934 848315 1973741438 4294137017
444.032068 19533563 848367 1972936669 4294136684
444.039128 19540341 848456 1972113990 4294136327
444.045906 19546848 848611 1971327473 4294135962
444.052688 19553359 848823 1970568913 4294135842
444.061293 19561621 849222 1969575159 4294135590
444.068113 19568167 849618 1968769682 4294135238
444.074879 19574661 850119 1967968646 4294134879
444.081650 19581162 851171 1967194373 4294134742
444.088426 19587668 852237 1966414246 4294134634
444.095194 19594165 853200 1965612112 4294134299
444.103083 19601737 854136 1964669698 4294133872
444.109856 19608240 854852 1963861619 4294133530
444.116617 19614730 855525 1963089671 4294133419
444.124431 19622232 856004 1962175503 4294133207
444.131318 19628842 856453 1961354626 4294132837
444.138075 19635332 856801 1960556415 4294132440
444.145096 19642070 857095 1959727180 4294132025
444.151874 19648578 857233 1958967454 4294131949
444.158639 19655072 857376 1958193031 4294131720
444.165420 19661581 857545 1957396647 4294131305
444.173047 19668903 857680 1956503401 4294130829
444.179826 19675411 857751 1955716409 4294130453
444.186595 19681910 857765 1954953475 4294130410
444.194208 19689217 857805 1954068042 4294130188
444.200987 19695726 857858 1953279777 4294129846
444.207799 19702265 857899 1952493543 4294129525
444.214571 19708767 857918 1951715764 4294129262
444.221373 19715296 857927 1950952438 4294129205
444.228854 19722478 857931 1950086207 4294128957
444.235826 19729172 857937 1949267392 4294128657
444.243504 19736543 857949 1948373661 4294128309
444.252193 19744885 857962 1947392885 4294128225
444.258963 19751383 857990 1946597465 4294127961
444.266088 19758224 858043 1945751806 4294127615
444.273365 19765209 858155 1944888767 4294127248
444.280131 19771706 858364 1944102385 4294126998
444.287296 19778596 858641 1943281844 4294126938
444.294558 19785554 858937 1942421077 4294126591
444.301621 19792337 859378 1941579198 4294126222
444.308406 19798848 859940 1940774362 4294125894
444.315782 19805928 860979 1939921999 4294125713
444.322560 19812436 862406 1939156923 4294125633
444.329330 19818934 863276 1938426760 4294125230
444.336097 19825431 864133 1937637360 4294124865
444.342868 19831931 864861 1936828482 4294124506
444.349635 19838428 865485 1936042627 4294124315
444.356809 19845314 865989 1935226148 4294124211
444.363596 19851830 866410 1934423220 4294123838
444.371068 19859024 866782 1933537112 4294123410
444.377856 19865519 867107 1932743161 4294122986
444.384674 19872066 867288 1931969877 4294122785
444.391451 19878572 867397 1931189137 4294122651
444.398219 19885068 867577 1930399561 4294122239
444.404989 19891569 867697 1929608408 4294121864
444.411914 19898214 867757 1928797428 4294121498
444.418702 19904733 867777 1928063563 4294121438
444.425505 19911262 867793 1927338061 4294121249
444.433249 19918697 867839 1926530726 4294120856
444.440046 19925223 867895 1925826672 4294120488
444.446831 19931738 867920 1925117220 4294120295
444.453606 19938239 867932 1924347292 4294120230
444.460386 19944750 867951 1923548326 4294119909
444.467203 19951293 867958 1922747599 4294119621
444.473971 19957791 867975 1921956494 4294119291
444.480754 19964304 867995 1921182766 4294119034
444.487533 19970812 868015 1920417899 4294118973
444.495031 19978007 868058 1919539232 4294118628
444.501810 19984517 868159 1918746542 4294118282
444.508581 19991017 868303 1917956963 4294117928
444.518069 20000127 868622 1916883261 4294117701
444.524836 20006620 868957 1916117053 4294117525
444.531611 20013124 869365 1915339004 4294117147
444.538377 20019620 869866 1914564330 4294116764
444.545151 20026123 870600 1913782932 4294116361
444.552038 20032736 871867 1913022476 4294116253
444.560067 20040444 873066 1912103745 4294116031
444.566844 20046948 873861 1911319555 4294115656
444.573620 20053454 874564 1910533165 4294115296
444.580621 20060175 875222 1909726081 4294114894
444.587390 20066672 875753 1908982724 4294114841
444.595105 20074118 876191 1908087133 4294114552
444.601915 20080616 876549 1907299818 4294114091
444.609548 20087945 876880 1906414661 4294113561
444.616333 20094459 876985 1905655240 4294113434
444.625088 20102863 877152 1904693886 4294113003
444.631868 20109373 877317 1903984494 4294112449
444.638638 20115871 877450 1903278271 4294111971
444.647107 20124001 877523 1902382035 4294111613
444.653872 20130495 877534 1901611584 4294111566
444.660653 20137008 877577 1900813861 4294111271
444.667417 20143499 877627 1900022192 4294110958
444.674173 20149983 877670 1899229369 4294110610
444.680983 20156521 877686 1898449074 4294110396
444.687733 20163000 877693 1897700693 4294110337
444.694569 20169563 877702 1896902460 4294110070
444.701318 20176042 877711 1896114266 4294109774
444.708030 20182485 877726 1895329819 4294109441
444.715112 20189284 877740 1894515275 4294109203
444.721863 20195765 877761 1893753813 4294109146
444.728613 20202245 877815 1892957816 4294108848
444.735362 20208724 877898 1892159780 4294108485
444.742109 20215202 878058 1891362265 4294108102
444.749243 20222050 878329 1890538797 4294107837
444.755993 20228530 878721 1889773077 4294107754
444.762759 20235025 879077 1888966679 4294107441
444.769508 20241504 879505 1888167745 4294107031
444.776256 20247982 880122 1887370027 4294106616
444.783370 20254812 881202 1886569858 4294106432
444.790119 20261291 882460 1885812896 4294106340
444.796869 20267771 883296 1885034506 4294105941
444.803617 20274249 884002 1884255989 4294105543
444.810365 20280727 884575 1883482023 4294105141
444.817506 20287582 885147 1882691318 4294105051
444.824255 20294061 885543 1881923702 4294104810
444.831081 20300615 885886 1881145540 4294104355
444.837830 20307094 886183 1880377785 4294103878
444.844593 20313586 886457 1879607842 4294103428
444.851632 20320343 886564 1878843802 4294103299
444.858381 20326822 886687 1878091940 4294103033
444.865129 20333300 886865 1877332847 4294102546
444.871877 20339778 886990 1876574149 4294102093
444.878624 20346256 887060 1875816929 4294101729
444.885756 20353102 887076 1875034973 4294101644
444.892505 20359582 887113 1874281632 4294101453
444.899255 20366061 887177 1873528134 4294101094
444.906020 20372555 887216 1872772267 4294100760
444.912768 20379034 887247 1872018267 4294100423
444.919890 20385871 887259 1871240710 4294100348
444.926639 20392351 887265 1870481039 4294100171
444.933388 20398829 887269 1869723648 4294099824
444.940135 20405307 887284 1868967292 4294099480
444.946883 20411784 887297 1868208967 4294099142
444.954040 20418655 887314 1867432944 4294099062
444.960788 20425133 887351 1866683923 4294098835
444.967607 20431679 887438 1865913836 4294098461
444.974355 20438157 887592 1865148623 4294098007
444.981103 20444635 887827 1864401340 4294097783
444.988191 20451440 888182 1863610064 4294097672
444.994941 20457920 888543 1862837067 4294097253
445.001689 20464398 889055 1862071807 4294096848
445.008437 20470876 889693 1861306840 4294096443
445.015184 20477353 890793 1860560440 4294096249
445.022324 20484208 892278 1859776983 4294096157
445.029033 20490649 893034 1859019565 4294095719
445.035783 20497129 893740 1858254686 4294095287
445.042531 20503607 894360 1857492829 4294094834
445.049279 20510084 894906 1856752334 4294094609
445.056450 20516968 895326 1855952353 4294094505
445.063199 20523448 895655 1855181506 4294094094
445.069947 20529926 895906 1854421410 4294093706
445.076694 20536403 896166 1853660435 4294093268
445.083442 20542881 896320 1852917400 4294093043
445.090581 20549734 896419 1852133920 4294092889
445.097330 20556213 896563 1851376996 4294092431
445.104151 20562762 896692 1850611268 4294091990
445.110899 20569240 896759 1849857026 4294091599
445.117662 20575748 896781 1849112366 4294091428
445.124700 20582489 896802 1848335700 4294091332
445.131450 20588968 896846 1847584226 4294090985
445.138198 20595447 896905 1846833408 4294090608
445.144946 20601925 896930 1846089843 4294090326
445.151695 20608404 896938 1845351415 4294090246
445.158823 20615246 896943 1844557325 4294089969
445.165574 20621728 896951 1843803836 4294089630
445.172323 20628207 896988 1843047334 4294089252
445.179029 20634645 897014 1842304692 4294088938
445.185780 20641125 897033 1841571351 4294088863
445.192964 20648023 897105 1840728901 4294088530
445.199714 20654502 897207 1839915901 4294088143
445.206463 20660981 897374 1839100463 4294087775
445.213210 20667459 897604 1838298402 4294087455
445.219959 20673938 897965 1837516088 4294087371
445.227112 20680804 898403 1836666031 4294087091
445.233861 20687284 898949 1835864390 4294086719
445.240683 20693832 899632 1835053809 4294086362
445.247431 20700311 900675 1834263695 4294086103
445.254213 20706822 902045 1833495253 4294086066
445.261249 20713577 902992 1832672505 4294085789
445.267999 20720073 903724 1831872587 4294085428
445.274766 20726552 904400 1831079834 4294085080
445.281511 20733028 904925 1830304645 4294084799
445.288262 20739508 905271 1829546952 4294084752
445.295373 20746335 905616 1828783237 4294084418
445.302122 20752814 905895 1828085548 4294084004
445.308870 20759293 906144 1827388241 4294083600
445.315618 20765770 906290 1826670370 4294083366
445.322367 20772249 906377 1825902736 4294083284
445.329508 20779104 906512 1825074819 4294082873
445.336256 20785583 906610 1824297744 4294082448
445.343021 20792077 906669 1823526649 4294082059
445.349769 20798555 906682 1822784563 4294081980
445.356519 20805035 906717 1822018433 4294081813
445.363637 20811868 906767 1821192475 4294081464
445.370385 20818346 906803 1820405767 4294081137
445.377205 20824893 906819 1819610355 4294080835
445.383953 20831372 906823 1818852862 4294080760
445.390704 20837871 906830 1818079089 4294080618
445.397758 20844624 906845 1817269413 4294080256
445.404506 20851103 906857 1816500996 4294079927
445.411254 20857581 906880 1815736248 4294079583
445.418020 20864077 906907 1814993302 4294079469
445.424770 20870557 906954 1814229677 4294079321
445.431893 20877394 907052 1813413190 4294078938
445.438641 20883872 907211 1812631203 4294078564
445.445389 20890351 907401 1811848272 4294078182
445.452137 20896828 907776 1811095851 4294078079
445.458886 20903308 908198 1810324251 4294077939
445.466040 20910176 908727 1809482558 4294077553
445.472788 20916654 909445 1808691486 4294077209
445.479536 20923131 910433 1807895481 4294076875
445.486282 20929608 911900 1807136407 4294076777
445.493031 20936087 912748 1806357870 4294076640
445.500178 20942948 913503 1805520316 4294076287
445.506927 20949427 914103 1804731104 4294075922
445.513767 20955994 914667 1803959882 4294075706
445.520517 20962474 914967 1803202458 4294075662
445.527289 20968987 915233 1802411367 4294075311
445.534300 20975705 915464 1801605425 4294074939
445.541032 20982168 915711 1800831353 4294074506
445.547781 20988647 915880 1800075826 4294074232
445.554529 20995125 915949 1799323204 4294074158
445.561278 21001604 916066 1798548363 4294073769
445.568433 21008473 916165 1797724838 4294073349
445.575181 21014951 916213 1796951929 4294072990
445.581930 21021430 916236 1796195463 4294072767
445.588679 21027909 916254 1795438725 4294072686
445.595427 21034388 916327 1794659645 4294072229
445.602566 21041241 916385 1793842070 4294071826
445.609315 21047719 916410 1793065429 4294071521
445.616038 21054174 916426 1792310495 4294071320
445.622787 21060653 916429 1791555774 4294071272
445.629536 21067132 916433 1790770016 4294070981
445.636691 21074001 916448 1789940451 4294070601
445.643438 21080478 916467 1789164706 4294070244
445.650257 21087024 916496 1788398505 4294070031
445.657022 21093519 916532 1787636030 4294069973
445.663772 21100013 916626 1786854345 4294069643
445.670853 21106797 916792 1786037960 4294069254
445.677603 21113277 917053 1785263042 4294068915
445.684354 21119757 917432 1784518509 4294068859
445.691104 21126237 917838 1783779277 4294068627
445.697854 21132717 918351 1783063396 4294068233
445.704946 21139525 919036 1782313270 4294067822
445.711694 21146004 920026 1781599980 4294067486
445.718444 21152483 921551 1780838584 4294067442
445.725193 21158963 922390 1780046412 4294067225
445.731944 21165443 923199 1779248570 4294066890
445.739097 21172310 923928 1778402907 4294066525
445.745847 21178790 924454 1777619957 4294066168
445.752596 21185270 924883 1776883423 4294066101
445.759346 21191750 925176 1776110264 4294065864
445.766096 21198229 925473 1775335222 4294065449
445.773227 21205075 925741 1774518043 4294065034
445.779977 21211556 925933 1773745210 4294064661
445.786826 21218132 926010 1772984039 4294064552
445.793578 21224612 926105 1772204385 4294064261
445.800328 21231092 926214 1771421372 4294063875
445.807360 21237843 926268 1770606901 4294063506
445.814124 21244338 926320 1769833617 4294063166
445.821481 21251401 926333 1769026311 4294063088
445.828251 21257901 926372 1768254863 4294062852
445.835052 21264429 926420 1767481283 4294062512
445.841867 21270975 926448 1766698109 4294062174
445.850076 21278885 926462 1765772157 4294061944
445.856883 21285387 926466 1765001455 4294061863
445.863670 21291904 926475 1764220667 4294061550
445.870446 21298407 926482 1763437474 4294061234
445.877247 21304936 926499 1762647806 4294060910
445.884099 21311515 926533 1761884428 4294060833
445.890875 21318020 926585 1761106007 4294060661
445.897648 21324522 926684 1760305009 4294060313
445.904417 21331021 926815 1759505047 4294059937
445.911195 21337528 927039 1758705092 4294059563
445.917974 21344034 927432 1757938326 4294059491
445.924905 21350688 927877 1757138855 4294059325
445.931675 21357188 928394 1756350009 4294058986
445.938446 21363687 929086 1755554035 4294058645
445.945227 21370197 930077 1754752268 4294058271
445.952061 21376758 931368 1753979883 4294058205
445.958848 21383274 932286 1753193522 4294058045
445.965624 21389779 933064 1752394385 4294057690
445.972394 21396278 933717 1751603852 4294057346
445.980057 21403635 934301 1750711663 4294056929
445.986847 21410153 934712 1749960139 4294056874
445.993618 21416653 935006 1749194979 4294056625
446.000397 21423161 935253 1748396507 4294056242
446.007174 21429669 935468 1747600788 4294055860
446.014214 21436424 935672 1746778016 4294055403
446.020985 21442926 935755 1746012881 4294055307
446.027767 21449438 935865 1745220575 4294055043
446.035824 21457170 935987 1744273705 4294054578
446.042601 21463677 936044 1743476595 4294054220
446.049383 21470188 936070 1742711471 4294054120
446.057171 21477664 936099 1741820592 4294053928
446.064059 21484279 936132 1741018878 4294053603
446.070838 21490786 936153 1740231051 4294053291
446.077897 21497561 936165 1739413306 4294052999
446.084672 21504064 936169 1738652752 4294052940
446.091449 21510570 936174 1737875045 4294052758
446.099981 21518761 936181 1736891036 4294052367
446.106760 21525270 936206 1736110308 4294052038
446.113531 21531769 936226 1735339312 4294051759
446.120319 21538287 936255 1734579167 4294051715
446.127081 21544777 936333 1733807689 4294051450
446.133848 21551275 936443 1733028451 4294051094
446.140617 21557771 936665 1732246301 4294050743
446.147378 21564263 936954 1731474319 4294050422
446.155058 21571636 937564 1730625555 4294050359
446.161844 21578150 938046 1729839845 4294050070
446.168623 21584660 938653 1729047144 4294049691
446.176061 21591798 939543 1728174704 4294049299
446.182838 21598304 940931 1727400334 4294049046
446.189619 21604815 942025 1726638908 4294049005
446.197059 21611957 942810 1725773217 4294048652
446.203933 21618556 943442 1724972894 4294048282
446.210714 21625065 944016 1724192847 4294047943
446.217497 21631579 944450 1723451316 4294047888
446.224283 21638094 944748 1722684835 4294047614
446.232053 21645552 945109 1721800112 4294047097
446.238828 21652055 945399 1721029865 4294046630
446.245610 21658568 945598 1720272618 4294046232
446.253101 21665757 945675 1719446514 4294046128
446.259903 21672287 945782 1718671939 4294045757
446.266701 21678813 945869 1717910684 4294045354
446.274053 21685871 945933 1717080285 4294044961
446.280828 21692375 945964 1716327479 4294044671
446.287603 21698878 945985 1715581225 4294044607
446.294371 21705376 946032 1714809202 4294044334
446.301174 21711907 946075 1714033294 4294044021
446.307950 21718411 946107 1713264334 4294043668
446.314722 21724913 946115 1712505904 4294043450
446.321545 21731464 946119 1711752013 4294043398
446.328313 21737960 946130 1710976767 4294043137
446.335130 21744507 946144 1710189872 4294042809
446.342445 21751527 946167 1709344091 4294042418
446.349210 21758021 946200 1708575764 4294042161
446.355984 21764524 946232 1707810998 4294042106
446.362761 21771031 946325 1707019985 4294041798
446.369545 21777544 946468 1706233764 4294041441
446.377045 21784743 946705 1705359002 4294041019
446.383824 21791251 947131 1704602480 4294040866
446.390600 21797757 947624 1703841625 4294040743
446.398145 21805000 948205 1702976497 4294040295
446.406329 21812856 948946 1702033120 4294039805
446.413113 21819369 950496 1701243514 4294039447
446.419915 21825898 951536 1700487397 4294039399
446.426702 21832416 952263 1699720575 4294039348
446.433483 21838925 952884 1698943417 4294038978
446.440257 21845427 953463 1698174376 4294038536
446.447061 21851959 953977 1697415165 4294038214
446.453864 21858490 954312 1696676169 4294038110
446.460639 21864993 954624 1695912123 4294037699
446.467411 21871496 954928 1695147146 4294037218
446.474707 21878498 955218 1694331858 4294036656
446.481812 21885319 955439 1693552144 4294036275
446.488583 21891819 955505 1692819876 4294036185
446.496154 21899088 955661 1691971867 4294035634
446.503080 21905736 955754 1691203737 4294035217
446.509853 21912239 955817 1690450997 4294034798
446.517055 21919154 955856 1689666205 4294034563
446.523823 21925649 955871 1688923201 4294034471
446.530590 21932147 955915 1688168130 4294034114
446.537368 21938652 955960 1687415223 4294033757
446.544150 21945165 955983 1686665831 4294033400
446.550925 21951668 955995 1685934069 4294033206
446.559198 21959610 956004 1685024851 4294033076
446.565974 21966115 956021 1684262966 4294032751
446.573145 21972999 956036 1683457501 4294032380
446.579931 21979514 956066 1682706326 4294032145
446.586723 21986035 956110 1681953988 4294032084
446.594544 21993542 956203 1681052745 4294031706
446.603058 22001715 956401 1680074317 4294031244
446.609830 22008216 956623 1679294089 4294030862
446.616602 22014718 957058 1678546967 4294030716
446.624151 22021965 957616 1677694924 4294030517
446.630933 22028476 958124 1676919914 4294030120
446.637700 22034973 958894 1676143020 4294029716
446.644469 22041469 960039 1675364136 4294029326
446.651239 22047971 961233 1674620445 4294029233
446.658329 22054777 962141 1673817583 4294029052
446.665101 22061277 962900 1673045491 4294028683
446.671871 22067775 963498 1672278967 4294028285
446.678646 22074281 963959 1671514356 4294027892
446.685423 22080787 964318 1670775174 4294027754
446.692226 22087317 964590 1670017480 4294027545
446.699253 22094063 964961 1669227613 4294027031
446.706043 22100582 965266 1668457995 4294026580
446.714060 22108277 965504 1667550238 4294026051
446.723033 22116893 965586 1666561410 4294025946
446.729811 22123400 965688 1665788943 4294025588
446.736585 22129904 965766 1665023724 4294025190
446.743449 22136491 965804 1664248877 4294024815
446.750209 22142980 965814 1663516128 4294024740
446.756994 22149495 965841 1662754866 4294024551
446.764189 22156401 965892 1661936387 4294024211
446.770966 22164897 965926 1660928233 4294023798
446.779808 22171395 965942 1660161425 4294023546
446.786582 22177899 965954 1659404216 4294023487
446.793353 22184398 965964 1658634331 4294023231
446.800115 22190890 965975 1657869705 4294022908
446.806892 22197397 965991 1657103404 4294022558
446.813856 22204081 966013 1656322587 4294022288
446.820622 22210578 966046 1655583722 4294022203
446.827382 22217067 966132 1654819583 4294021916
446.834170 22223585 966299 1654047024 4294021533
446.842125 22231221 966554 1653148231 4294021066
446.848906 22237731 966951 1652398410 4294020815
446.855692 22244245 967558 1651660678 4294020749
446.862474 22250756 968026 1650891236 4294020351
446.869311 22257318 968616 1650114839 4294019952
446.876064 22263801 969603 1649347109 4294019551
446.883744 22271173 970953 1648495070 4294019298
446.890664 22277816 971858 1647727008 4294019234
446.897437 22284319 972574 1646952997 4294018851
446.904301 22290909 973190 1646162087 4294018473
446.911096 22297432 973749 1645382765 4294018103
446.918363 22304409 974184 1644577965 4294017976
446.925136 22310912 974448 1643825151 4294017756
446.931906 22317410 974803 1643068774 4294017290
446.939662 22324860 975129 1642201679 4294016732
446.946434 22331356 975313 1641461871 4294016368
446.953202 22337855 975383 1640726107 4294016268
446.959983 22344364 975558 1639958531 4294015813
446.966762 22350873 975673 1639195786 4294015391
446.973833 22357659 975732 1638400696 4294014990
446.981050 22364588 975746 1637597791 4294014734
446.987823 22371090 975764 1636856950 4294014670
446.995360 22378325 975830 1636008107 4294014304
447.002124 22384819 975878 1635252391 4294013984
447.008888 22391314 975904 1634494623 4294013640
447.015656 22397809 975910 1633750837 4294013454
447.022430 22404316 975915 1632996927 4294013420
447.029262 22410874 975929 1632223567 4294013104
447.036060 22417396 975955 1631457745 4294012732
447.042921 22423984 975987 1630685511 4294012353
447.049700 22430494 976024 1629948633 4294012124
447.056472 22436993 976070 1629208127 4294012054
447.063473 22443713 976196 1628419917 4294011688
447.071050 22450987 976380 1627577035 4294011198
447.077824 22457491 976669 1626814627 4294010823
447.085134 22464508 977175 1626019174 4294010695
447.093817 22472845 977788 1625035736 4294010351
447.103067 22481726 978669 1623982857 4294009811
447.109879 22488264 979724 1623211883 4294009414
447.116666 22494782 980949 1622469290 4294009325
447.123436 22501279 981848 1621718581 4294009143
447.130201 22507774 982592 1620956091 4294008732
447.136974 22514275 983186 1620190447 4294008335
447.143755 22520786 983693 1619423371 4294007935
447.150547 22527308 984086 1618679129 4294007846
447.157314 22533802 984353 1617920449 4294007662
447.164074 22540292 984688 1617152499 4294007223
447.170852 22546799 984971 1616380802 4294006773
447.177627 22553303 985222 1615611586 4294006230
447.184490 22559891 985324 1614867500 4294006066
447.191264 22566394 985430 1614107950 4294005830
447.198040 22572899 985544 1613335343 4294005384
447.204815 22579403 985609 1612568682 4294005002
447.212718 22586989 985641 1611670583 4294004558
447.219497 22593497 985649 1610923993 4294004490
447.226331 22600058 985676 1610151110 4294004312
447.233111 22606567 985718 1609376837 4294003973
447.239905 22613089 985745 1608598963 4294003621
447.246679 22619593 985757 1607823747 4294003310
447.253448 22626091 985758 1607067320 4294003265
447.260217 22632589 985762 1606306638 4294003110
447.267060 22639158 985774 1605539997 4294002769
447.273829 22645656 985794 1604781865 4294002423
447.280892 22652438 985819 1604003627 4294002215
447.287669 22658945 985857 1603258080 4294002142
447.294449 22665452 985939 1602491548 4294001745
447.301220 22671951 986075 1601722556 4294001351
447.307997 22678492 986290 1600949658 4294000910
447.314815 22685003 986676 1600203217 4294000706
447.321681 22691594 987218 1599442355 4294000606
447.330091 22699670 987848 1598441798 4294000090
447.336921 22706225 988520 1597613784 4293999708
447.343691 22712725 989511 1596795904 4293999372
447.352064 22720762 991064 1595830574 4293999255
447.358887 22727314 991884 1595023819 4293999054
447.365674 22733830 992622 1594210070 4293998749
447.372448 22740331 993248 1593401231 4293998391
447.379281 22746890 993836 1592588700 4293998004
447.386093 22753430 994212 1591817281 4293997938
447.393660 22760694 994558 1591001953 4293997631
447.400646 22767399 994880 1590262587 4293997164
447.407415 22773899 995130 1589505366 4293996756
447.414180 22780394 995326 1588715316 4293996367
447.420974 22786915 995380 1587952483 4293996303
447.427748 22793419 995462 1587161670 4293996031
447.434548 22799946 995528 1586367236 4293995682
447.441355 22806481 995577 1585575029 4293995335
447.448122 22812977 995615 1584802746 4293995060
447.454899 22819484 995630 1584044268 4293995005
447.461831 22826139 995675 1583238502 4293994699
447.470550 22834509 995718 1582229562 4293994267
447.478058 22841717 995740 1581366707 4293993916
447.484853 22848241 995743 1580611674 4293993879
447.491669 22854784 995745 1579827076 4293993674
447.498444 22861288 995754 1579048940 4293993340
447.505212 22867783 995767 1578273114 4293993014
447.511988 22874289 995806 1577494833 4293992684
447.520105 22882081 995842 1576593349 4293992607
447.526874 22888579 995915 1575825254 4293992327
447.535056 22896434 996077 1574897896 4293991886
447.541830 22902937 996323 1574132478 4293991492
447.548610 22909448 996666 1573386111 4293991214
447.555393 22915959 997242 1572645053 4293991137
447.562162 22922456 997712 1571875133 4293990724
447.568934 22928958 998361 1571108067 4293990290
447.575722 22935476 999290 1570336662 4293989879
447.582487 22941968 1000606 1569580479 4293989586
447.589279 22948489 1001624 1568834284 4293989536
447.596182 22955116 1002306 1568040662 4293989213
447.603682 22962314 1003007 1567179946 4293988797
447.610434 22968795 1003633 1566406265 4293988443
447.617182 22975273 1004060 1565653360 4293988207
447.623932 22981753 1004342 1564901311 4293988144
447.630682 22988234 1004621 1564121222 4293987751
447.637757 22995025 1004853 1563302653 4293987378
447.644506 23001504 1005056 1562538504 4293986978
447.651254 23007983 1005165 1561798858 4293986866
447.658020 23014478 1005258 1561036430 4293986605
447.664769 23020957 1005354 1560277054 4293986208
447.671889 23027792 1005431 1559472967 4293985821
447.678637 23034270 1005465 1558719030 4293985508
447.685386 23040749 1005472 1557989163 4293985470
447.692134 23047227 1005502 1557234017 4293985261
447.698883 23053706 1005550 1556481892 4293984926
447.706038 23060575 1005584 1555682312 4293984555
447.712786 23067053 1005600 1554932314 4293984266
447.719534 23073531 1005609 1554197869 4293984206
447.726282 23080010 1005614 1553442232 4293984005
447.733030 23086487 1005623 1552688854 4293983657
447.740181 23093352 1005657 1551889532 4293983283
447.746928 23099829 1005684 1551145603 4293982964
447.753677 23106309 1005712 1550418525 4293982913
447.760426 23112787 1005780 1549655089 4293982667
447.767174 23119266 1005907 1548893505 4293982289
447.774308 23126114 1006082 1548083394 4293981871
447.781032 23132569 1006387 1547325102 4293981513
447.787741 23139011 1006917 1546596117 4293981450
447.794490 23145490 1007371 1545828293 4293981202
447.801239 23151968 1008026 1545058026 4293980804
447.808437 23158878 1008862 1544231989 4293980416
447.815184 23165355 1010356 1543491395 4293980273
447.821933 23171834 1011300 1542737534 4293980163
447.828681 23178312 1012071 1541967093 4293979791
447.835428 23184790 1012767 1541203178 4293979388
447.842566 23191642 1013375 1540396333 4293978945
447.849314 23198120 1013826 1539658410 4293978767
447.856041 23204578 1014133 1538909678 4293978617
447.862790 23211058 1014433 1538153285 4293978141
447.869539 23217536 1014698 1537394525 4293977698
447.876688 23224399 1014940 1536594222 4293977183
447.883436 23230877 1015044 1535862760 4293976987
447.890184 23237356 1015127 1535111637 4293976805
447.896932 23243834 1015261 1534355217 4293976342
447.903681 23250312 1015318 1533600200 4293975997
447.910819 23257165 1015373 1532798172 4293975582
447.917567 23263643 1015391 1532059099 4293975444
447.924316 23270122 1015410 1531308380 4293975339
447.931030 23276568 1015463 1530555903 4293974999
447.937778 23283045 1015510 1529799066 4293974655
447.944951 23289932 1015523 1528995890 4293974308
447.951699 23296410 1015534 1528264048 4293974162
447.958448 23302889 1015545 1527513333 4293974051
447.965197 23309367 1015563 1526749980 4293973690
447.971945 23315846 1015579 1525989772 4293973353
447.979108 23322722 1015620 1525181131 4293972980
447.985856 23329201 1015646 1524437768 4293972931
447.992605 23335680 1015705 1523675313 4293972720
447.999353 23342158 1015812 1522905949 4293972347
448.006101 23348636 1015975 1522134168 4293971979
448.013244 23355493 1016298 1521332422 4293971673
448.019995 23361974 1016746 1520593340 4293971610
448.026763 23368471 1017132 1519818499 4293971273
448.033511 23374950 1017713 1519044545 4293970867
448.040260 23381428 1018446 1518274069 4293970489
448.047369 23388253 1019851 1517474372 4293970183
448.054117 23394732 1020910 1516727985 4293970137
448.060866 23401210 1021646 1515944364 4293969836
448.067614 23407689 1022289 1515165616 4293969436
448.074362 23414167 1022835 1514383472 4293969079
448.081502 23421021 1023334 1513568638 4293968811
448.088251 23427500 1023654 1512818392 4293968738
448.095000 23433994 1023907 1512030488 4293968412
448.101772 23440480 1024183 1511240291 4293968005
448.108521 23446960 1024412 1510454522 4293967614
448.115633 23453786 1024577 1509638432 4293967297
448.122380 23460264 1024661 1508871518 4293967212
448.129130 23466744 1024760 1508080372 4293966889
448.135879 23473223 1024831 1507291382 4293966551
448.142628 23479702 1024899 1506499708 4293966207
448.149757 23486546 1024934 1505677655 4293965993
448.156506 23493025 1024954 1504939448 4293965916
448.163255 23499504 1024976 1504136817 4293965659
448.170020 23505998 1024989 1503332782 4293965375
448.176769 23512477 1025008 1502538634 4293965055
448.183884 23519307 1025015 1501727295 4293964982
448.190633 23525787 1025018 1500941617 4293964828
448.197383 23532266 1025026 1500149447 4293964546
448.204131 23538745 1025034 1499355682 4293964247
448.210879 23545223 1025048 1498563609 4293963936
448.218036 23552093 1025082 1497775259 4293963810
448.224784 23558572 1025132 1497003563 4293963614
448.231534 23565052 1025225 1496216058 4293963270
448.238282 23571529 1025373 1495429906 4293962918
448.245030 23578008 1025600 1494639888 4293962557
448.252173 23584864 1026018 1493831790 4293962469
448.258922 23591344 1026488 1493042790 4293962265
448.265670 23597823 1027015 1492243500 4293961914
448.272418 23604300 1027657 1491441561 4293961554
448.279166 23610778 1028668 1490637278 4293961212
448.286310 23617637 1030022 1489830003 4293961126
448.293035 23624092 1030882 1489056299 4293960933
448.299785 23630572 1031637 1488262611 4293960569
448.306533 23637050 1032209 1487467800 4293960217
448.313281 23643529 1032719 1486673977 4293959852
448.320430 23650392 1033181 1485862963 4293959737
448.327179 23656871 1033498 1485074809 4293959494
448.333928 23663350 1033835 1484282382 4293959083
448.340678 23669830 1034120 1483490104 4293958666
448.347426 23676308 1034287 1482715469 4293958404
448.354594 23683190 1034408 1481905044 4293958273
448.361344 23689670 1034588 1481128140 4293957805
448.368094 23696149 1034681 1480351832 4293957408
448.374842 23702627 1034741 1479575858 4293957035
448.381590 23709106 1034776 1478817217 4293956848
448.388700 23715931 1034793 1478012355 4293956755
448.395449 23722410 1034841 1477236853 4293956415
448.402198 23728889 1034881 1476467768 4293956101
448.408947 23735368 1034898 1475697691 4293955786
448.415695 23741846 1034905 1474947251 4293955623
448.422841 23748706 1034917 1474162290 4293955545
448.429591 23755187 1034927 1473387509 4293955193
448.436340 23761665 1034941 1472610700 4293954870
448.443088 23768143 1034959 1471829306 4293954542
448.449835 23774621 1034985 1471066296 4293954354
448.456971 23781472 1035010 1470259871 4293954232
448.463720 23787951 1035105 1469478211 4293953871
448.470468 23794428 1035290 1468697496 4293953469
448.477216 23800906 1035515 1467918327 4293953105
448.483964 23807384 1035846 1467160820 4293952904
448.491121 23814255 1036399 1466366502 4293952800
448.497870 23820734 1036928 1465598812 4293952374
448.504619 23827213 1037599 1464825977 4293951958
448.511366 23833690 1038514 1464051617 4293951548
448.518113 23840168 1039798 1463308425 4293951441
448.525247 23847017 1040752 1462499485 4293951243
448.531997 23853513 1041472 1461722251 4293950834
448.538764 23859992 1042081 1460948173 4293950420
448.545512 23866470 1042625 1460193557 4293950095
448.552260 23872949 1043011 1459453835 4293950029
448.559375 23879780 1043377 1458661190 4293949643
448.566125 23886259 1043679 1457914781 4293949144
448.572874 23892738 1043998 1457164575 4293948620
448.579622 23899217 1044238 1456423276 4293948180
448.586372 23905697 1044342 1455685655 4293948048
448.593508 23912547 1044501 1454888166 4293947627
448.600256 23919026 1044628 1454129544 4293947147
448.607026 23925524 1044695 1453371735 4293946756
448.613775 23932003 1044734 1452629574 4293946447
448.620526 23938484 1044751 1451890722 4293946390
448.627639 23945313 1044794 1451092869 4293946112
448.634387 23951791 1044848 1450339919 4293945752
448.641135 23958269 1044885 1449589597 4293945430
448.647883 23964747 1044906 1448845111 4293945140
448.654633 23971227 1044912 1448107952 4293945080
448.661758 23978067 1044928 1447317003 4293944770
448.668506 23984545 1044936 1446562823 4293944411
448.675254 23991023 1044959 1445805427 4293944016
448.682019 23997517 1044989 1445056681 4293943687
448.688769 24003997 1045035 1444317813 4293943589
448.695915 24010859 1045114 1443514371 4293943297
448.702666 24017339 1045238 1442758979 4293942934
448.709415 24023818 1045446 1441999416 4293942524
448.716162 24030295 1045766 1441265910 4293942392
448.722912 24036775 1046210 1440510775 4293942211
448.730044 24043622 1046742 1439701195 4293941759
448.736792 24050100 1047309 1438932461 4293941313
448.743541 24056578 1048057 1438163045 4293940895
448.750306 24063075 1049439 1437426499 4293940784
448.758122 24070579 1050425 1436532857 4293940571
448.764912 24077097 1051222 1435753293 4293940194
448.771742 24083656 1051814 1434969157 4293939789
448.779061 24090681 1052396 1434129088 4293939374
448.787383 24098670 1052944 1433217509 4293939279
448.794148 24105163 1053283 1432446584 4293938934
448.800921 24111666 1053566 1431664119 4293938551
448.807700 24118174 1053843 1430884092 4293938126
448.814469 24124671 1054048 1430120462 4293937775
448.821242 24131174 1054131 1429359079 4293937661
448.828046 24137706 1054261 1428580906 4293937351
448.834923 24144309 1054387 1427798748 4293936917
448.842050 24151150 1054445 1426991323 4293936546
448.848897 24157726 1054479 1426217987 4293936255
448.855804 24164355 1054499 1425459665 4293936191
448.862609 24170886 1054537 1424687153 4293935901
448.869379 24177385 1054581 1423914402 4293935558
448.876151 24183886 1054602 1423145660 4293935240
448.882933 24190398 1054614 1422396252 4293935154
448.890290 24197459 1054634 1421556602 4293934893
448.898096 24204953 1054647 1420661763 4293934500
448.904872 24211459 1054657 1419881121 4293934186
448.911645 24217962 1054683 1419104098 4293933883
448.918428 24224473 1054710 1418365473 4293933811
448.925197 24230971 1054761 1417589733 4293933583
448.933145 24238600 1054903 1416671585 4293933115
448.939930 24245114 1055070 1415886782 4293932725
448.946707 24251622 1055353 1415113154 4293932411
448.954250 24258861 1055852 1414263197 4293932310
448.961055 24265396 1056282 1413470885 4293932012
448.967829 24271897 1056842 1412685874 4293931651
448.975781 24279532 1057651 1411756269 4293931219
448.982550 24286029 1058952 1410991605 4293931018
448.989312 24292522 1060020 1410230543 4293930980
448.997134 24300030 1060975 1409305926 4293930569
449.005048 24307629 1061783 1408368813 4293930145
449.012099 24314397 1062387 1407530508 4293929815
449.018875 24320902 1062848 1406755559 4293929674
449.026372 24328098 1063199 1405903801 4293929433
449.035049 24336429 1063643 1404978484 4293928816
449.041826 24342935 1063923 1404265390 4293928344
449.048611 24349450 1064117 1403544418 4293928028
449.056063 24356603 1064185 1402700730 4293927926
449.065051 24365231 1064383 1401646379 4293927378
449.071832 24371740 1064454 1400850407 4293927020
449.078606 24378244 1064496 1400061449 4293926740
449.086078 24385416 1064520 1399212551 4293926677
449.092864 24391931 1064559 1398416033 4293926413
449.099637 24398432 1064606 1397625740 4293926087
449.107850 24406318 1064638 1396672210 4293925709
449.114639 24412835 1064647 1395907414 4293925521
449.121509 24419431 1064654 1395160755 4293925479
449.129084 24426703 1064673 1394356694 4293925087
449.135858 24433206 1064683 1393646254 4293924747
449.142630 24439709 1064707 1392936271 4293924389
449.149934 24446718 1064738 1392115014 4293924164
449.156725 24453239 1064766 1391337227 4293924101
449.163505 24459747 1064830 1390544813 4293923745
449.171797 24467708 1064965 1389578121 4293923324
449.178578 24474217 1065158 1388788652 4293922980
449.185361 24480729 1065518 1388047057 4293922872
449.193049 24488109 1065994 1387164195 4293922660
449.201172 24495907 1066562 1386215516 4293922230
449.207958 24502421 1067240 1385422756 4293921880
449.214734 24508926 1068335 1384631517 4293921557
449.221502 24515424 1069586 1383872687 4293921523
449.228273 24521923 1070352 1383081282 4293921278
449.235775 24529126 1071172 1382197863 4293920894
449.242560 24535641 1071764 1381402054 4293920548
449.249344 24542154 1072312 1380644540 4293920434
449.256227 24548759 1072685 1379852534 4293920286
449.264923 24557110 1073137 1378826644 4293919776
449.271696 24563609 1073475 1378029756 4293919370
449.278501 24570143 1073738 1377234280 4293918926
449.285283 24576653 1073839 1376468365 4293918830
449.292063 24583163 1073956 1375676094 4293918563
449.298841 24589672 1074081 1374882371 4293918187
449.305709 24596263 1074172 1374076872 4293917804
449.312684 24602958 1074217 1373268140 4293917490
449.319458 24609462 1074237 1372513072 4293917436
449.326281 24616013 1074274 1371754878 4293917195
449.334256 24623666 1074330 1370905486 4293916748
449.341057 24630197 1074376 1370182697 4293916397
449.347835 24636705 1074405 1369464651 4293916104
449.354740 24643332 1074411 1368668737 4293916052
449.361513 24649834 1074419 1367876774 4293915812
449.368281 24656332 1074422 1367082719 4293915521
449.375066 24662846 1074437 1366294072 4293915183
449.381850 24669360 1074463 1365516759 4293914914
449.389414 24676618 1074493 1364675756 4293914835
449.396181 24683116 1074573 1363888830 4293914557
449.403085 24689744 1074679 1363079986 4293914205
449.410165 24696540 1074863 1362252574 4293913847
449.416931 24703035 1075185 1361494753 4293913775
449.423704 24709537 1075501 1360708411 4293913586
449.430475 24716037 1075971 1359911053 4293913201
449.437249 24722544 1076552 1359113249 4293912819
449.445190 24730165 1077545 1358185485 4293912446
449.451967 24736671 1079218 1357431511 4293912423
449.458742 24743176 1080034 1356698222 4293912173
449.465614 24749771 1080821 1355964771 4293911775
449.472394 24756280 1081529 1355205473 4293911399
449.479169 24762783 1082077 1354415005 4293911072
449.485954 24769298 1082542 1353650209 4293911005
449.492727 24775800 1082928 1352860484 4293910751
449.500191 24782966 1083261 1351988967 4293910312
449.508104 24790563 1083604 1351071967 4293909805
449.514884 24797071 1083804 1350296926 4293909490
449.521664 24803579 1083895 1349537404 4293909395
449.528447 24810091 1084034 1348762479 4293908981
449.535211 24816585 1084146 1347989574 4293908532
449.543091 24824149 1084220 1347091452 4293908098
449.549877 24830666 1084253 1346337473 4293907877
449.556655 24837172 1084267 1345583448 4293907800
449.564388 24844595 1084324 1344701699 4293907435
449.571161 24851097 1084368 1343935892 4293907142
449.577935 24857599 1084405 1343182209 4293906848
449.585203 24864576 1084412 1342372554 4293906785
449.591994 24871097 1084419 1341585676 4293906543
449.598802 24877633 1084425 1340801041 4293906221
449.607056 24885557 1084432 1339847705 4293905840
449.613837 24892067 1084450 1339081621 4293905633
449.620623 24898581 1084473 1338316659 4293905558
449.628065 24905724 1084546 1337452347 4293905162
449.636823 24914132 1084695 1336436963 4293904683
449.643607 24920644 1084873 1335649056 4293904289
449.650384 24927153 1085202 1334894159 4293904181
449.658122 24934578 1085632 1334005641 4293903982
449.664900 24941086 1086043 1333219954 4293903610
449.671684 24947599 1086569 1332429983 4293903241
449.678826 24954454 1087378 1331592178 4293902874
449.688054 24963314 1089280 1330563477 4293902806
449.694833 24969823 1090072 1329767412 4293902502
449.701620 24976339 1090769 1328976743 4293902133
449.708775 24983206 1091407 1328147368 4293901718
449.715554 24989713 1091947 1327380379 4293901429
449.722326 24996216 1092316 1326637979 4293901372
449.729110 25002728 1092658 1325854445 4293901002
449.735899 25009246 1093022 1325065270 4293900540
449.743186 25016240 1093367 1324219880 4293900016
449.752065 25024767 1093542 1323218138 4293899787
449.758848 25031276 1093636 1322429583 4293899494
449.765633 25037792 1093771 1321639919 4293899035
449.773045 25044905 1093859 1320781218 4293898584
449.779821 25051409 1093893 1320015033 4293898347
449.786602 25057920 1093919 1319265732 4293898284
449.794050 25065070 1093965 1318482119 4293897937
449.800827 25071577 1094017 1317789162 4293897604
449.807611 25078090 1094066 1317069160 4293897263
449.814387 25084594 1094080 1316300254 4293897074
449.821163 25091102 1094081 1315530978 4293897037
449.828786 25098416 1094090 1314639272 4293896697
449.835559 25104918 1094107 1313850016 4293896363
449.842342 25111432 1094118 1313059083 4293896055
449.850055 25118836 1094132 1312187990 4293895881
449.856838 25125347 1094160 1311430628 4293895799
449.863617 25131856 1094245 1310647082 4293895441
449.871179 25139114 1094383 1309772906 4293895028
449.877960 25145623 1094565 1308989059 4293894628
449.884746 25152140 1094921 1308224847 4293894458
449.892192 25159286 1095386 1307371239 4293894307
449.898974 25165797 1095907 1306584190 4293893936
449.905748 25172301 1096517 1305797785 4293893570
449.912523 25178804 1097266 1305008188 4293893218
449.919290 25185302 1098706 1304255346 4293893132
449.927157 25192852 1099714 1303354903 4293892933
449.933939 25199367 1100531 1302565970 4293892538
449.940734 25205889 1101223 1301777340 4293892168
449.947506 25212387 1101746 1301012021 4293891990
449.954275 25218886 1102162 1300247937 4293891897
449.961736 25226048 1102587 1299394449 4293891399
449.968607 25232645 1102884 1298616601 4293890899
449.975382 25239150 1103166 1297849227 4293890377
449.982197 25245693 1103338 1297102858 4293890123
449.988974 25252197 1103430 1296364489 4293889952
449.995745 25258697 1103617 1295616301 4293889417
450.002512 25265193 1103730 1294866096 4293888945
450.009407 25271814 1103811 1294102347 4293888536
450.016207 25278342 1103841 1293361695 4293888340
450.022977 25284840 1103852 1292608709 4293888251
450.029748 25291340 1103907 1291856546 4293887860
450.036528 25297848 1103959 1291107357 4293887532
450.043302 25304352 1103996 1290352554 4293887195
450.050077 25310856 1104010 1289608743 4293887025
450.056873 25317380 1104015 1288870909 4293886938
450.063641 25323877 1104028 1288126750 4293886558
450.070409 25330375 1104041 1287378854 4293886180
450.077189 25336883 1104057 1286627543 4293885835
450.083960 25343385 1104086 1285886538 4293885640
450.090753 25349905 1104128 1285128084 4293885550
450.097519 25356401 1104210 1284362885 4293885158
450.105648 25364204 1104367 1283443453 4293884656
450.112694 25370969 1104612 1282663563 4293884369
450.119462 25377466 1104957 1281924194 4293884284
450.126230 25383964 1105274 1281145445 4293883941
450.133080 25390539 1105723 1280360790 4293883512
450.139919 25397107 1106362 1279576445 4293883116
450.148066 25404928 1107626 1278661649 4293882851
450.154852 25411440 1108870 1277898342 4293882786
450.161636 25417955 1109715 1277106594 4293882417
450.168426 25424472 1110470 1276318736 4293882052
450.175206 25430980 1111120 1275531260 4293881705
450.182026 25437528 1111685 1274755432 4293881520
450.190083 25445264 1112176 1273853602 4293881372
450.196873 25451783 1112561 1273068882 4293880942
450.204177 25458793 1112930 1272226650 4293880457
450.211077 25465417 1113243 1271428188 4293879967
450.217845 25471915 1113388 1270681645 4293879798
450.224760 25478551 1113485 1269901518 4293879577
450.231533 25485053 1113651 1269124038 4293879068
450.238307 25491558 1113757 1268351455 4293878646
450.245233 25498206 1113811 1267565137 4293878288
450.252091 25504792 1113832 1266810608 4293878162
450.259250 25511663 1113860 1266000231 4293877997
450.266888 25518994 1113911 1265123665 4293877617
450.273664 25525501 1113945 1264347809 4293877290
450.281234 25532767 1113957 1263490326 4293877032
450.288035 25539297 1113960 1262737859 4293876988
450.294806 25545796 1113966 1261958035 4293876693
450.301623 25552341 1113978 1261172160 4293876371
450.308449 25558893 1113990 1260384210 4293876055
450.315213 25565387 1114016 1259623164 4293875871
450.322111 25572009 1114044 1258835082 4293875761
450.328902 25578529 1114111 1258043678 4293875406
450.335676 25585032 1114217 1257260731 4293875053
450.342471 25591554 1114401 1256471421 4293874709
450.349258 25598070 1114662 1255704021 4293874537
450.356106 25604644 1115025 1254929451 4293874435
450.363317 25611568 1115446 1254075592 4293874055
450.370116 25618094 1116023 1253270158 4293873703
450.376884 25624590 1116763 1252473715 4293873351
450.383746 25631178 1118220 1251693869 4293873209
450.391439 25638565 1119401 1250809194 4293873064
450.398214 25645068 1120186 1250017565 4293872705
450.404983 25651565 1120916 1249230839 4293872359
450.411750 25658064 1121529 1248446188 4293872006
450.418518 25664560 1121976 1247693563 4293871911
450.425297 25671069 1122304 1246920429 4293871738
450.433649 25679085 1122726 1245944812 4293871228
450.440563 25685723 1123043 1245136825 4293870783
450.447978 25692842 1123280 1244287416 4293870427
450.454752 25699345 1123372 1243517014 4293870319
450.461531 25705854 1123564 1242725060 4293869815
450.468701 25712736 1123668 1241888555 4293869379
450.477049 25720750 1123738 1240925176 4293868913
450.483829 25727259 1123745 1240178048 4293868867
450.490602 25733760 1123774 1239408313 4293868658
450.497432 25740321 1123828 1238618208 4293868316
450.504209 25746825 1123868 1237839127 4293867980
450.512103 25754406 1123892 1236941635 4293867658
450.518880 25760908 1123906 1236196563 4293867552
450.525791 25767543 1123909 1235420656 4293867333
450.532558 25774038 1123921 1234660467 4293866995
450.539338 25780548 1123931 1233901169 4293866660
450.546113 25787052 1123953 1233145740 4293866351
450.552876 25793543 1123975 1232408573 4293866242
450.559629 25800025 1124035 1231639962 4293866010
450.566381 25806507 1124126 1230871006 4293865653
450.573227 25813078 1124256 1230079368 4293865277
450.579979 25819560 1124485 1229302599 4293864915
450.586730 25826041 1124846 1228556008 4293864862
450.593481 25832523 1125241 1227771216 4293864638
450.600232 25839004 1125670 1226973025 4293864283
450.607353 25845839 1126328 1226129622 4293863903
450.614102 25852318 1127325 1225331967 4293863576
450.620853 25858800 1128665 1224568305 4293863534
450.627604 25865281 1129464 1223770617 4293863323
450.634354 25871761 1130213 1222967994 4293862964
450.641490 25878611 1130941 1222120133 4293862610
450.648240 25885091 1131521 1221343196 4293862388
450.654991 25891573 1131886 1220575982 4293862297
450.661853 25898160 1132256 1219758767 4293861928
450.668610 25904647 1132605 1218959815 4293861490
450.675616 25911372 1132913 1218135535 4293861032
450.682366 25917852 1133064 1217365094 4293860839
450.689116 25924333 1133140 1216584836 4293860711
450.695867 25930813 1133301 1215797351 4293860269
450.702616 25937292 1133382 1215006494 4293859930
450.709741 25944132 1133442 1214167895 4293859602
450.716490 25950611 1133458 1213402951 4293859500
450.723240 25957092 1133482 1212635712 4293859384
450.729990 25963571 1133531 1211922557 4293859017
450.736740 25970051 1133585 1211211897 4293858654
450.743877 25976902 1133621 1210462736 4293858278
450.750627 25983383 1133630 1209733371 4293858141
450.757377 25989863 1133640 1208970020 4293858017
450.764127 25996343 1133648 1208256156 4293857655
450.770876 26002822 1133667 1207543077 4293857296
450.778024 26009684 1133688 1206793401 4293856945
450.784774 26016164 1133729 1206104578 4293856782
450.791524 26022644 1133769 1205352646 4293856653
450.798353 26029201 1133855 1204551703 4293856293
450.805104 26035681 1133987 1203757442 4293855966
450.812164 26042458 1134192 1202923105 4293855634
450.818914 26048938 1134580 1202179677 4293855441
450.825665 26055420 1134989 1201411370 4293855315
450.832414 26061899 1135447 1200608508 4293854982
450.839164 26068378 1136071 1199804150 4293854648
450.846291 26075221 1137110 1198974289 4293854380
450.853035 26081694 1138643 1198207904 4293854337
450.859788 26088178 1139455 1197407159 4293854048
450.866538 26094657 1140197 1196608219 4293853720
450.873286 26101136 1140862 1195816107 4293853369
450.880417 26107981 1141452 1194995577 4293853117
450.887169 26114463 1141818 1194251285 4293853049
450.893921 26120945 1142127 1193484871 4293852691
450.900671 26127425 1142433 1192717852 4293852247
450.907420 26133904 1142759 1191954758 4293851761
450.914551 26140750 1142987 1191163617 4293851375
450.921302 26147231 1143059 1190416239 4293851293
450.928040 26153699 1143238 1189651564 4293850757
450.934863 26160250 1143363 1188890659 4293850331
450.941614 26166731 1143430 1188137246 4293849971
450.948674 26173508 1143461 1187361079 4293849711
450.955423 26179988 1143475 1186634616 4293849630
450.962173 26186468 1143518 1185877219 4293849344
450.968923 26192947 1143566 1185120210 4293849008
450.975673 26199428 1143603 1184364001 4293848682
450.982807 26206275 1143619 1183577542 4293848403
450.989557 26212756 1143627 1182830554 4293848361
450.996307 26219236 1143635 1182063770 4293848100
451.003028 26225688 1143640 1181305601 4293847788
451.009778 26232168 1143662 1180537761 4293847433
451.016943 26239046 1143684 1179749292 4293847340
451.023692 26245526 1143721 1179000078 4293847130
451.030442 26252005 1143809 1178240641 4293846745
451.037191 26258484 1143925 1177478983 4293846366
451.043940 26264964 1144116 1176718001 4293845987
451.051102 26271839 1144496 1175933389 4293845876
451.057853 26278320 1144924 1175167683 4293845681
451.064604 26284801 1145397 1174397423 4293845253
451.071426 26291350 1145999 1173623456 4293844871
451.078176 26297830 1146824 1172851685 4293844495
451.085225 26304598 1148293 1172083916 4293844427
451.091979 26311081 1149228 1171320534 4293844238
451.098730 26317562 1150025 1170539222 4293843879
451.105479 26324040 1150694 1169756932 4293843518
451.112228 26330520 1151274 1168981782 4293843127
451.119355 26337362 1151749 1168193299 4293843042
451.126106 26343843 1152059 1167423543 4293842825
451.132857 26350324 1152377 1166649051 4293842372
451.139606 26356803 1152646 1165873980 4293841907
451.146356 26363283 1152875 1165098148 4293841429
451.153484 26370126 1152960 1164313241 4293841316
451.160235 26376607 1153071 1163555445 4293841029
451.166986 26383088 1153211 1162780310 4293840556
451.173736 26389568 1153275 1162003235 4293840176
451.180485 26396047 1153308 1161236463 4293839881
451.187631 26402907 1153326 1160433385 4293839803
451.194382 26409389 1153366 1159648267 4293839537
451.201132 26415868 1153409 1158865738 4293839206
451.207953 26422416 1153439 1158081402 4293838899
451.214703 26428896 1153449 1157323967 4293838737
451.221754 26435665 1153454 1156533865 4293838663
451.228505 26442146 1153458 1155763883 4293838347
451.235254 26448625 1153467 1154989847 4293838022
451.242019 26455119 1153485 1154210313 4293837689
451.248768 26461599 1153512 1153449071 4293837515
451.255890 26468436 1153541 1152645766 4293837424
451.262641 26474916 1153617 1151863124 4293837076
451.269391 26481397 1153725 1151082546 4293836725
451.276141 26487876 1153904 1150303747 4293836387
451.282890 26494356 1154233 1149539893 4293836201
451.290033 26501213 1154652 1148727880 4293836104
451.296783 26507693 1155041 1147927062 4293835733
451.303533 26514173 1155562 1147128091 4293835352
451.310282 26520652 1156297 1146326211 4293834996
451.317030 26527130 1157645 1145545361 4293834806
451.324175 26533989 1158733 1144722662 4293834732
451.330927 26540471 1159500 1143919622 4293834371
451.337678 26546953 1160170 1143118426 4293833995
451.344500 26553502 1160734 1142314067 4293833636
451.351250 26559982 1161181 1141543944 4293833447
451.358308 26566757 1161526 1140756466 4293833344
451.365033 26573213 1161827 1139979729 4293832932
451.371784 26579694 1162138 1139193272 4293832515
451.378534 26586174 1162321 1138415278 4293832171
451.385284 26592654 1162436 1137654436 4293832073
451.392428 26599512 1162561 1136830836 4293831714
451.399178 26605992 1162708 1136047445 4293831243
451.405929 26612473 1162786 1135269409 4293830867
451.412679 26618953 1162830 1134500281 4293830570
451.419429 26625434 1162843 1133746077 4293830520
451.426568 26632287 1162890 1132926878 4293830243
451.433318 26638767 1162933 1132152764 4293829918
451.440038 26645218 1162960 1131382651 4293829606
451.446786 26651696 1162976 1130617093 4293829330
451.453537 26658177 1162987 1129863728 4293829282
451.460684 26665039 1162996 1129049126 4293829038
451.467435 26671519 1163002 1128275068 4293828713
451.474184 26677998 1163014 1127503864 4293828370
451.481023 26684563 1163042 1126729876 4293828085
451.487775 26691046 1163067 1125978033 4293828025
451.494821 26697809 1163136 1125188139 4293827730
451.501572 26704290 1163227 1124434367 4293827352
451.508321 26710770 1163383 1123676315 4293826949
451.515028 26717209 1163661 1122931308 4293826633
451.521779 26723689 1164061 1122192154 4293826554
451.528949 26730572 1164532 1121384643 4293826230
451.535699 26737053 1165080 1120612543 4293825819
451.542450 26743533 1165783 1119840252 4293825422
451.549204 26750018 1167039 1119103952 4293825321
451.555959 26756503 1168221 1118346659 4293825155
451.563099 26763357 1169033 1117538606 4293824715
451.569850 26769837 1169766 1116780690 4293824299
451.576600 26776318 1170436 1116022260 4293823906
451.583349 26782796 1170984 1115291353 4293823796
451.590099 26789277 1171363 1114539020 4293823596
451.597225 26796118 1171774 1113737881 4293823100
451.603978 26802600 1172076 1112973009 4293822628
451.610728 26809081 1172383 1112214510 4293822094
451.617557 26815637 1172514 1111470385 4293821924
451.624309 26822118 1172637 1110711797 4293821684
451.631356 26828883 1172820 1109906396 4293821173
451.638106 26835363 1172912 1109137699 4293820786
451.644857 26841845 1172967 1108372983 4293820414
451.651606 26848323 1172988 1107632220 4293820296
451.658356 26854804 1173012 1106866417 4293820158
451.665487 26861649 1173063 1106047696 4293819819
451.672263 26868158 1173099 1105266239 4293819483
451.679246 26874859 1173119 1104462295 4293819158
451.687826 26883096 1173131 1103502665 4293819048
451.694598 26889598 1173135 1102718683 4293818837
451.702239 26896932 1173142 1101839845 4293818474
451.709042 26903464 1173158 1101060559 4293818107
451.715809 26909959 1173169 1100310827 4293818031
451.722811 26916683 1173198 1099509700 4293817869
451.729588 26923187 1173269 1098718569 4293817520
451.736352 26929681 1173371 1097925145 4293817182
451.743118 26936177 1173528 1097125940 4293816830
451.749905 26942694 1173798 1096355401 4293816716
451.757513 26949997 1174200 1095467921 4293816506
451.764283 26956495 1174646 1094667098 4293816134
451.771072 26963013 1175195 1093865766 4293815775
451.778052 26969713 1175877 1093035714 4293815416
451.784837 26976227 1177279 1092273969 4293815355
451.791653 26982771 1178322 1091508012 4293815189
451.798426 26989274 1179205 1090716875 4293814843
451.805204 26995780 1179897 1089923810 4293814487
451.812898 27003165 1180616 1089028080 4293814129
451.819667 27009664 1181110 1088266906 4293814064
451.826427 27016155 1181436 1087484156 4293813810
451.834105 27023524 1181825 1086596218 4293813329
451.840887 27030036 1182139 1085819032 4293812895
451.847662 27036539 1182360 1085051750 4293812515
451.854568 27043169 1182467 1084295522 4293812416
451.861359 27049687 1182598 1083510131 4293812086
451.868120 27056178 1182700 1082724618 4293811688
451.874903 27062691 1182763 1081932828 4293811346
451.881720 27069234 1182802 1081153448 4293811110
451.888486 27075730 1182819 1080381382 4293811044
451.895354 27082326 1182871 1079583065 4293810731
451.902167 27088863 1182916 1078792577 4293810416
451.908938 27095363 1182949 1078002710 4293810085
451.915748 27101902 1182960 1077252089 4293809969
451.922521 27108403 1182964 1076486377 4293809846
451.929289 27114901 1182968 1075696484 4293809533
451.936067 27121407 1182985 1074908265 4293809189
451.942842 27127912 1183008 1074123548 4293808845
451.949656 27134453 1183024 1073354917 4293808709
451.958124 27142585 1183055 1072379721 4293808534
451.964903 27149091 1183139 1071589521 4293808134
451.971680 27155597 1183237 1070801972 4293807757
451.979065 27162688 1183408 1069937510 4293807378
451.985834 27169184 1183734 1069184260 4293807321
451.992615 27175696 1184097 1068408630 4293807110
451.999389 27182198 1184502 1067616713 4293806740
452.006174 27188712 1185049 1066818265 4293806376
452.012967 27195233 1185840 1066020742 4293806009
452.021212 27203147 1187601 1065091376 4293805955
452.027986 27209650 1188495 1064301501 4293805696
452.034908 27216295 1189282 1063486523 4293805340
452.041677 27222794 1189952 1062693748 4293804988
452.048453 27229299 1190475 1061912511 4293804705
452.055288 27235863 1190875 1061139114 4293804659
452.063841 27244072 1191259 1060156596 4293804275
452.070622 27250583 1191543 1059373582 4293803894
452.077394 27257081 1191782 1058596077 4293803477
452.084169 27263587 1191895 1057839511 4293803380
452.090957 27270106 1192022 1057057164 4293803094
452.098168 27277026 1192168 1056226687 4293802664
452.104942 27283529 1192243 1055441955 4293802280
452.111751 27290068 1192294 1054662250 4293801909
452.120070 27298053 1192312 1053738338 4293801840
452.126848 27304558 1192355 1052966424 4293801549
452.133637 27311076 1192399 1052175201 4293801228
452.140805 27317958 1192433 1051339552 4293800882
452.147581 27324461 1192447 1050567169 4293800675
452.154354 27330964 1192452 1049801707 4293800635
452.161134 27337473 1192461 1049014597 4293800365
452.167919 27343989 1192478 1048234164 4293799947
452.174954 27350741 1192498 1047422438 4293799580
452.181741 27357257 1192512 1046654377 4293799359
452.188520 27363763 1192536 1045915453 4293799294
452.195297 27370268 1192595 1045140332 4293798984
452.202081 27376782 1192703 1044355195 4293798642
452.209165 27383582 1192864 1043535046 4293798256
452.215952 27390098 1193086 1042766968 4293797998
452.222732 27396607 1193505 1042006258 4293797937
452.231102 27404644 1194012 1041029423 4293797522
452.237881 27411149 1194587 1040243999 4293797168
452.244670 27417667 1195474 1039472140 4293796855
452.252160 27424857 1196926 1038641894 4293796803
452.258940 27431368 1197850 1037866676 4293796517
452.265725 27437880 1198663 1037087887 4293796158
452.273156 27445013 1199368 1036233307 4293795752
452.279937 27451524 1200045 1035475471 4293795510
452.286714 27458029 1200464 1034727601 4293795450
452.293487 27464533 1200836 1033947013 4293795126
452.300267 27471043 1201146 1033168452 4293794715
452.307848 27478318 1201450 1032294166 4293794226
452.314732 27484927 1201648 1031528465 4293793932
452.321523 27491448 1201708 1030772418 4293793864
452.329057 27498680 1201860 1029891467 4293793348
452.335838 27505189 1201968 1029100758 4293792935
452.342616 27511697 1202033 1028308773 4293792596
452.349970 27518754 1202062 1027472677 4293792404
452.356744 27525258 1202079 1026706858 4293792320
452.363529 27531772 1202126 1025919095 4293791984
452.371319 27539251 1202188 1025015502 4293791567
452.378067 27545728 1202210 1024235282 4293791239
452.384835 27552225 1202216 1023478027 4293791119
452.391627 27558746 1202218 1022708938 4293791027
452.398402 27565250 1202229 1021931232 4293790667
452.405293 27571865 1202239 1021135640 4293790343
452.413826 27580056 1202259 1020154236 4293789909
452.420596 27586555 1202272 1019403935 4293789859
452.427367 27593056 1202318 1018631234 4293789684
452.436061 27601403 1202415 1017621409 4293789238
452.442832 27607904 1202555 1016833408 4293788875
452.449609 27614411 1202784 1016075043 4293788793
452.456505 27621031 1203073 1015277752 4293788611
452.463276 27627529 1203475 1014482222 4293788220
452.470097 27634079 1203979 1013678750 4293787854
452.476882 27640593 1204595 1012877111 4293787467
452.483667 27647104 1205750 1012113152 4293787362
452.491048 27654192 1207033 1011260571 4293787185
452.499182 27662000 1207988 1010297824 4293786772
452.505954 27668500 1208649 1009498440 4293786447
452.512733 27675009 1209308 1008700803 4293786107
452.519510 27681516 1209834 1007931431 4293786054
452.526243 27687978 1210210 1007137416 4293785786
452.533036 27694500 1210518 1006330290 4293785372
452.542104 27703204 1210944 1005250257 4293784824
452.548886 27709715 1211179 1004469300 4293784469
452.555670 27716229 1211260 1003706515 4293784387
452.564039 27724263 1211458 1002723849 4293783829
452.570814 27730765 1211558 1001932078 4293783408
452.577587 27737269 1211613 1001147415 4293783038
452.584446 27743852 1211646 1000370248 4293782839
452.591217 27750352 1211670 999598786 4293782775
452.598221 27757078 1211725 998781685 4293782415
452.605942 27764488 1211761 997880711 4293782057
452.612732 27771007 1211782 997109423 4293781837
452.619502 27777506 1211795 996357135 4293781767
452.626312 27784046 1211800 995567213 4293781480
452.633130 27790591 1211814 994778402 4293781112
452.640076 27797257 1211821 993973973 4293780789
452.647202 27804097 1211836 993164283 4293780556
452.654242 27810866 1211844 992373154 4293780512
452.661348 27817678 1211914 991542872 4293780180
452.668116 27824175 1211990 990759034 4293779844
452.674886 27830674 1212120 989978398 4293779505
452.681660 27837177 1212351 989214452 4293779276
452.688438 27843685 1212691 988453497 4293779204
452.695211 27850188 1213067 987662842 4293778859
452.702648 27857325 1213614 986795528 4293778456
452.709430 27863837 1214285 986003145 4293778097
452.716731 27870846 1215435 985172398 4293777900
452.724082 27877903 1216965 984336689 4293777820
452.730871 27884421 1217781 983546237 4293777483
452.737742 27891017 1218577 982744123 4293777144
452.744591 27897592 1219249 981945166 4293776793
452.751367 27904096 1219792 981184060 4293776646
452.758751 27911185 1220206 980347019 4293776486
452.765536 27917700 1220562 979560350 4293776081
452.772459 27924347 1220864 978760830 4293775663
452.779229 27930844 1221058 977994301 4293775370
452.786041 27937385 1221162 977231169 4293775273
452.794049 27945072 1221305 976295734 4293774817
452.800830 27951582 1221435 975510883 4293774370
452.807609 27958090 1221519 974720343 4293773982
452.815092 27965273 1221557 973865188 4293773790
452.822089 27971989 1221580 973074407 4293773694
452.828876 27978507 1221638 972279434 4293773351
452.836253 27985587 1221685 971415354 4293773002
452.843035 27992097 1221712 970619667 4293772709
452.850967 27999800 1221726 969710178 4293772576
452.859067 28007489 1221744 968798477 4293772328
452.865840 28013990 1221748 968019810 4293772015
452.872610 28020491 1221754 967238729 4293771702
452.879503 28027108 1221764 966453061 4293771379
452.887095 28034398 1221781 965608556 4293771341
452.893868 28040899 1221838 964831590 4293771060
452.900718 28047473 1221923 964044161 4293770702
452.907476 28053961 1222047 963265750 4293770356
452.914248 28060463 1222256 962498432 4293770007
452.922483 28068371 1222697 961595547 4293769921
452.929477 28075083 1223100 960800332 4293769561
452.936254 28081588 1223468 960012510 4293769277
452.943768 28088803 1224176 959166903 4293768775
452.950536 28095299 1225344 958434176 4293768631
452.957306 28101801 1226489 957675545 4293768475
452.964106 28108326 1227210 956905565 4293768029
452.971091 28115032 1227916 956118778 4293767573
452.977868 28121538 1228535 955362594 4293767168
452.984716 28128120 1229125 954621063 4293767108
452.991493 28134619 1229471 953848131 4293766852
452.998391 28141240 1229787 953052460 4293766466
453.005631 28148190 1230092 952220358 4293766040
453.012418 28154705 1230342 951444165 4293765624
453.019316 28161328 1230420 950674624 4293765544
453.026078 28167822 1230572 949900400 4293765185
453.032852 28174322 1230702 949121335 4293764693
453.041069 28182210 1230819 948170992 4293764210
453.047845 28188716 1230853 947398667 4293763970
453.056051 28196593 1230878 946477641 4293763891
453.062825 28203096 1230925 945710793 4293763544
453.069595 28209596 1230985 944949677 4293763203
453.076378 28216108 1231027 944183133 4293762872
453.083143 28222603 1231045 943430810 4293762697
453.089931 28229119 1231051 942669711 4293762657
453.096772 28235685 1231059 941889460 4293762322
453.103545 28242188 1231072 941115875 4293762007
453.110316 28248689 1231079 940346023 4293761674
453.119076 28257098 1231106 939377501 4293761472
453.125853 28263604 1231128 938597281 4293761422
453.132639 28270119 1231198 937822962 4293761081
453.140070 28277253 1231323 936975927 4293760700
453.146834 28283744 1231540 936218517 4293760485
453.153604 28290244 1231858 935459598 4293760445
453.160518 28296881 1232158 934657935 4293760086
453.167281 28303374 1232615 933876853 4293759734
453.174072 28309895 1233168 933088225 4293759356
453.181728 28317242 1233801 932375102 4293759161
453.188507 28321789 1233814 932120860 4293756799
453.195290 28324802 1233814 931802551 4293753733
453.202070 28327787 1233814 931443702 4293750447
453.208869 28330765 1233814 931098648 4293746824
453.215652 28333765 1233814 930737495 4293743826
453.222427 28336741 1233814 930380654 4293740603
453.229366 28339784 1233814 930017816 4293737380
453.236135 28342770 1233814 929664450 4293734267
453.242911 28345749 1233814 929314965 4293731103
453.250403 28349021 1233814 928941361 4293727132
453.257176 28352029 1233814 928591936 4293724104
453.263950 28355009 1233814 928245150 4293720914
453.270734 28357990 1233814 927896154 4293717806
453.277514 28360972 1233814 927548765 4293714758
453.284299 28363928 1233814 927214937 4293711057
453.292077 28367383 1233814 926810639 4293707762
453.298931 28370407 1233814 926459504 4293704587
453.305711 28373385 1233814 926112081 4293701535
453.312594 28376414 1233814 925756152 4293698443
453.319364 28379381 1233814 925419254 4293694888
453.326135 28382367 1233814 925073606 4293691748
453.333065 28385418 1233814 924716651 4293688625
453.339841 28388403 1233814 924367117 4293685591
453.346896 28391514 1233814 924001739 4293682379
453.353711 28394497 1233814 923660669 4293678710
453.361203 28397810 1233814 923275794 4293675363
453.367985 28400794 1233814 922927662 4293672312
453.374762 28403774 1233814 922578420 4293669199
453.381593 28406771 1233814 922238620 4293665661
453.388355 28409763 1233814 921893606 4293662510
453.395200 28412790 1233814 921533587 4293659314
453.402085 28415837 1233814 921172754 4293656099
453.408845 28418824 1233814 920816960 4293652953
453.416072 28421988 1233814 920451035 4293649133
453.422882 28425019 1233814 920093052 4293646093
453.429638 28427999 1233814 919737585 4293642816
453.436474 28431019 1233814 919377044 4293639754
453.443226 28433999 1233814 919023625 4293636596
453.449976 28436948 1233814 918688701 4293632924
453.456725 28439936 1233814 918343238 4293629821
453.463475 28442909 1233814 917988662 4293626684
453.470223 28445883 1233814 917635109 4293623639
453.476974 28448868 1233814 917278901 4293620705
453.483722 28451818 1233814 916934889 4293617372
453.490472 28454811 1233814 916582579 4293614227
453.497220 28457791 1233814 916230121 4293611135
453.503970 28460762 1233814 915880171 4293608085
453.510721 28463734 1233814 915529913 4293605053
453.517470 28466681 1233814 915188248 4293601726
453.524218 28469656 1233814 914842035 4293598524
453.530966 28472628 1233814 914483456 4293595501
453.537715 28475598 1233814 914123269 4293592450
453.544462 28478559 1233814 913763184 4293589342
453.551215 28481501 1233814 913416314 4293585735
453.557963 28484499 1233814 913057043 4293582617
453.564711 28487469 1233814 912697891 4293579554
453.571528 28490472 1233814 912333885 4293576430
453.578277 28493424 1233814 911979097 4293573047
453.585041 28496378 1233814 911633638 4293569499
453.591790 28499369 1233814 911276064 4293566696
453.598539 28502339 1233814 910913170 4293563626
453.605286 28505312 1233814 910549214 4293560567
453.612036 28508277 1233814 910186255 4293557411
453.618783 28511232 1233814 909837175 4293553746
453.625530 28514221 1233814 909471409 4293550838
453.632283 28517194 1233814 909104830 4293547660
453.639032 28520174 1233814 908737457 4293544555
453.645780 28523150 1233814 908371657 4293541414
453.652534 28526109 1233814 908031515 4293537868
453.659282 28529091 1233814 907674714 4293534918
453.666045 28532064 1233814 907312784 4293531919
453.672794 28535033 1233814 906951199 4293528782
453.679542 28538012 1233814 906588943 4293525728
453.686288 28540971 1233814 906244434 4293522187
453.693051 28543964 1233814 905886337 4293519113
453.699802 28546936 1233814 905528367 4293516116
453.706630 28549937 1233814 905169199 4293512988
453.713457 28552925 1233814 904816979 4293509648
453.720205 28555908 1233814 904470000 4293506399
453.726955 28558888 1233814 904117957 4293503423
453.733703 28561858 1233814 903766403 4293500443
453.740450 28564830 1233814 903412331 4293497338
453.747202 28567779 1233814 903069758 4293493796
453.753950 28570763 1233814 902719853 4293490658
453.760699 28573751 1233814 902364130 4293487684
453.767446 28576717 1233814 902011855 4293484672
453.774193 28579672 1233814 901660030 4293481649
453.780940 28582613 1233814 901319059 4293478141
453.787688 28585584 1233814 900975434 4293474886
453.794436 28588571 1233814 900623619 4293472133
453.801181 28591538 1233814 900274916 4293469191
453.807931 28594498 1233814 899926721 4293466139
453.814677 28597428 1233814 899586905 4293462776
453.821424 28600386 1233814 899244758 4293459422
453.828177 28603383 1233814 898885165 4293456620
453.834927 28606360 1233814 898529725 4293453491
453.841766 28609380 1233814 898170052 4293450446
453.848516 28612339 1233814 897823820 4293447115
453.855266 28615307 1233814 897482916 4293443614
453.862024 28618294 1233814 897126466 4293440725
453.868775 28621252 1233814 896774718 4293437607
453.875525 28624218 1233814 896421940 4293434449
453.882274 28627185 1233814 896074618 4293431059
453.889030 28630163 1233814 895734825 4293427586
453.895780 28633149 1233814 895379180 4293424532
453.902529 28636134 1233814 895022503 4293421340
453.909762 28639318 1233814 894647298 4293417904
453.916510 28642284 1233814 894307651 4293414318
453.923260 28645272 1233814 893960027 4293411171
453.930023 28648240 1233814 893609190 4293408088
453.936774 28651221 1233814 893258685 4293404884
453.943523 28654192 1233814 892909662 4293401827
453.950271 28657144 1233814 892572920 4293398309
453.957032 28660152 1233814 892222479 4293395255
453.963780 28663125 1233814 891875529 4293392107
453.970529 28666093 1233814 891528528 4293389015
453.977345 28669091 1233814 891178056 4293385852
453.984093 28672031 1233814 890844651 4293382222
453.990843 28675035 1233814 890493038 4293379289
453.997591 28678005 1233814 890144008 4293376216
454.004340 28680968 1233814 889798987 4293373208
454.011089 28683938 1233814 889454372 4293370054
454.017839 28686894 1233814 889119457 4293366398
454.024589 28689879 1233814 888771560 4293363426
454.031338 28692854 1233814 888424067 4293360164
454.038085 28695829 1233814 888074874 4293357083
454.044834 28698788 1233814 887728172 4293354062
454.051582 28701745 1233814 887390577 4293350537
454.058331 28704727 1233814 887047137 4293347420
454.065079 28707694 1233814 886694553 4293344276
454.071833 28710667 1233814 886352603 4293341072
454.078581 28713646 1233814 886009171 4293337870
454.085335 28716609 1233814 885675577 4293334187
454.092083 28719580 1233814 885308494 4293331151
454.098831 28722543 1233814 884936729 4293328170
454.105581 28725511 1233814 884565523 4293325099
454.112397 28728486 1233814 884198679 4293321708
454.119146 28731464 1233814 883841333 4293318355
454.125896 28734440 1233814 883472158 4293315406
454.132645 28737408 1233814 883100677 4293312314
454.139393 28740370 1233814 882730545 4293309175
454.146141 28743327 1233814 882366249 4293305900
454.152893 28746284 1233814 882012895 4293302583
454.159641 28749266 1233814 881646752 4293299572
454.166390 28752231 1233814 881277907 4293296475
454.173141 28755196 1233814 880909854 4293293391
454.179895 28758161 1233814 880547928 4293290017
454.186647 28761107 1233814 880201651 4293286496
454.193395 28764082 1233814 879839356 4293283647
454.200143 28767040 1233814 879477333 4293280656
454.206895 28770009 1233814 879116538 4293277584
454.213643 28772978 1233814 878757212 4293274434
454.220393 28775930 1233814 878410133 4293270753
454.227143 28778907 1233814 878048906 4293267779
454.233894 28781871 1233814 877690507 4293264636
454.240642 28784832 1233814 877329856 4293261559
454.247456 28787817 1233814 876966354 4293258402
454.254206 28790759 1233814 876626102 4293254841
454.260955 28793743 1233814 876272801 4293251760
454.267705 28796706 1233814 875908929 4293248623
454.274454 28799668 1233814 875545778 4293245533
454.281204 28802634 1233814 875189436 4293242152
454.287953 28805607 1233814 874833829 4293238980
454.294701 28808567 1233814 874471310 4293235873
454.301449 28811545 1233814 874108774 4293232696
454.308198 28814521 1233814 873750280 4293229588
454.314948 28817474 1233814 873406356 4293226088
454.321697 28820464 1233814 873056503 4293222910
454.328450 28823440 1233814 872696810 4293219763
454.335197 28826412 1233814 872337520 4293216640
454.341944 28829386 1233814 871975891 4293213553
454.348697 28832328 1233814 871628072 4293210004
454.355447 28835309 1233814 871275118 4293206850
454.362195 28838300 1233814 870910105 4293203768
454.368943 28841281 1233814 870549219 4293200587
454.375693 28844254 1233814 870190267 4293197482
454.382505 28847239 1233814 869841520 4293193964
454.389256 28850202 1233814 869501625 4293190701
454.396020 28853213 1233814 869144648 4293187727
454.402769 28856190 1233814 868794213 4293184586
454.409518 28859158 1233814 868444508 4293181450
454.416267 28862105 1233814 868103507 4293177973
454.423043 28865080 1233814 867759859 4293174398
454.429799 28868071 1233814 867405396 4293171495
454.436550 28871033 1233814 867057173 4293168258
454.443298 28874000 1233814 866707148 4293165032
454.450028 28876947 1233814 866373017 4293161532
454.456776 28879922 1233814 866026464 4293158431
454.463525 28882883 1233814 865676854 4293155310
454.470276 28885855 1233814 865325471 4293152198
454.477217 28888903 1233814 864966853 4293149043
454.483967 28891861 1233814 864626339 4293145536
454.490717 28894846 1233814 864277474 4293142444
454.497466 28897816 1233814 863930122 4293139244
454.504214 28900779 1233814 863586672 4293136107
454.510964 28903735 1233814 863240874 4293133060
454.517805 28906735 1233814 862897776 4293129698
454.524556 28909729 1233814 862548466 4293126634
454.531304 28912697 1233814 862195084 4293123519
454.538039 28915663 1233814 861839537 4293120409
454.544787 28918640 1233814 861481928 4293117250
454.551537 28921582 1233814 861144282 4293113556
454.558286 28924575 1233814 860787435 4293110529
454.565030 28927538 1233814 860427672 4293107426
454.571781 28930516 1233814 860065929 4293104283
454.578529 28933471 1233814 859704894 4293101126
454.585277 28936412 1233814 859360130 4293097484
454.592033 28939403 1233814 859002716 4293094538
454.598784 28942374 1233814 858641989 4293091307
454.605532 28945344 1233814 858282621 4293088103
454.612281 28948314 1233814 857923377 4293084939
454.619029 28951270 1233814 857579819 4293081423
454.625780 28954257 1233814 857222123 4293078453
454.632529 28957217 1233814 856864586 4293075348
454.639282 28960181 1233814 856505903 4293072162
454.646038 28963148 1233814 856151258 4293068797
454.652857 28966143 1233814 855804219 4293065257
454.659604 28969135 1233814 855444091 4293062277
454.666350 28972096 1233814 855085705 4293059117
454.673544 28975259 1233814 854706113 4293055846
454.680290 28978208 1233814 854355328 4293052481
454.687039 28981177 1233814 854005271 4293049053
454.693787 28984153 1233814 853640964 4293046045
454.700541 28987121 1233814 853279561 4293042805
454.707290 28990080 1233814 852917937 4293039784
454.714066 28993036 1233814 852560944 4293036438
454.720863 28996036 1233814 852207331 4293033017
454.727642 28999016 1233814 851845809 4293030021
454.734533 29002032 1233814 851475657 4293026855
454.741302 29005008 1233814 851110074 4293023745
454.748077 29007969 1233814 850754319 4293020481
454.754848 29010951 1233814 850400782 4293017221
454.761621 29013934 1233814 850040773 4293014132
454.768388 29016902 1233814 849679913 4293011069
454.775150 29019873 1233814 849319165 4293007917
454.781917 29022825 1233814 848969542 4293004407
454.788860 29025909 1233814 848605576 4293001326
454.795635 29028891 1233814 848243283 4292998151
454.802415 29031877 1233814 847878641 4292994955
454.809192 29034862 1233814 847511089 4292991774
454.815972 29037821 1233814 847162716 4292988180
454.823172 29041016 1233814 846777470 4292985017
454.829964 29043995 1233814 846416269 4292981878
454.836750 29046991 1233814 846055648 4292978653
454.844318 29050319 1233814 845653329 4292975275
454.851067 29053281 1233814 845309935 4292971801
454.857844 29056280 1233814 844954310 4292968718
454.864622 29059260 1233814 844591607 4292965606
454.871402 29062236 1233814 844230138 4292962371
454.878993 29065585 1233814 843826007 4292958938
454.885799 29068551 1233814 843479108 4292955279
454.892573 29071546 1233814 843120488 4292952354
454.900035 29074830 1233814 842727255 4292948936
454.906816 29077810 1233814 842370656 4292945687
454.913593 29080785 1233814 842017854 4292942376
454.920506 29083799 1233814 841673101 4292938760
454.927370 29086830 1233814 841317410 4292935921
454.934974 29090171 1233814 840929119 4292932533
454.941741 29093143 1233814 840581602 4292929454
454.948513 29096089 1233814 840243685 4292926007
454.955313 29099110 1233814 839890885 4292922885
454.962835 29102421 1233814 839501186 4292919540
454.969617 29105391 1233814 839152963 4292916550
454.976537 29108424 1233814 838793439 4292913457
454.983300 29111393 1233814 838454636 4292909877
454.991168 29114867 1233814 838050852 4292906306
454.997955 29117860 1233814 837698330 4292903277
455.004746 29120849 1233814 837347169 4292900150
455.011529 29123813 1233814 836997995 4292896820
455.018633 29126923 1233814 836641509 4292893047
455.025427 29129952 1233814 836277130 4292890339
455.032265 29132967 1233814 835914520 4292887225
455.039061 29135950 1233814 835556750 4292884133
455.046530 29139226 1233814 835172867 4292880380
455.053303 29142197 1233814 834832424 4292877091
455.060072 29145192 1233814 834480591 4292873882
455.066958 29148224 1233814 834122420 4292870681
455.074540 29151566 1233814 833727543 4292867129
455.081319 29154536 1233814 833382525 4292863904
455.088109 29157531 1233814 833039076 4292860468
455.094902 29160528 1233814 832683413 4292857500
455.101682 29163501 1233814 832333743 4292854413
455.108953 29166698 1233814 831960108 4292851023
455.115750 29169666 1233814 831620571 4292847581
455.122529 29172644 1233814 831284797 4292844127
455.130077 29175978 1233814 830893975 4292840855
455.136864 29178965 1233814 830543254 4292837714
455.143657 29181939 1233814 830196399 4292834517
455.150424 29184892 1233814 829860403 4292830866
455.158288 29188369 1233814 829451317 4292827493
455.165078 29191357 1233814 829100647 4292824379
455.171861 29194326 1233814 828753922 4292821305
455.178626 29197287 1233814 828414261 4292817976
455.186281 29200654 1233814 828029641 4292814190
455.193170 29203702 1233814 827670953 4292811262
455.199958 29206673 1233814 827324030 4292808234
455.206913 29209730 1233814 826966840 4292805030
455.214309 29212965 1233814 826597040 4292801273
455.221061 29215933 1233814 826257939 4292797955
455.228388 29219164 1233814 825874522 4292794852
455.235151 29222140 1233814 825523441 4292791722
455.242684 29225448 1233814 825132096 4292788277
455.249461 29228415 1233814 824789132 4292784871
455.256245 29231418 1233814 824438482 4292781663
455.263051 29234413 1233814 824081065 4292778589
455.269837 29237387 1233814 823726971 4292775432
455.276641 29240375 1233814 823371972 4292772332
455.283802 29243517 1233814 823005921 4292768811
455.290574 29246498 1233814 822663012 4292765563
455.298553 29250019 1233814 822243026 4292761718
455.305324 29252998 1233814 821887535 4292758500
455.312075 29255977 1233814 821533129 4292755446
455.318859 29258941 1233814 821191143 4292751765
455.325973 29262090 1233814 820821690 4292748555
455.332743 29265065 1233814 820469339 4292745490
455.339531 29268049 1233814 820114999 4292742453
455.346400 29271054 1233814 819767451 4292738875
455.354065 29274436 1233814 819377683 4292735193
455.360928 29277466 1233814 819018299 4292732154
455.367711 29280440 1233814 818666283 4292729040
455.374486 29283408 1233814 818314700 4292725963
455.382189 29286790 1233814 817921766 4292722046
455.388966 29289789 1233814 817569632 4292718902
455.395752 29292768 1233814 817215539 4292715812
455.403065 29295980 1233814 816835686 4292712423
455.410129 29299092 1233814 816468029 4292709163
455.416919 29302062 1233814 816131061 4292705537
455.423727 29305071 1233814 815785875 4292702402
455.430495 29308033 1233814 815440935 4292699408
455.438063 29311362 1233814 815053390 4292696071
455.444839 29314340 1233814 814705222 4292693065
455.451661 29317315 1233814 814367328 4292689334
455.458427 29320318 1233814 814015603 4292686400
455.465955 29323628 1233814 813626016 4292682952
455.472729 29326597 1233814 813276393 4292679730
455.480075 29329827 1233814 812898127 4292676400
455.486952 29332839 1233814 812557498 4292672768
455.494489 29336167 1233814 812168266 4292669305
455.501274 29339154 1233814 811811226 4292666235
455.508081 29342144 1233814 811452958 4292663202
455.514857 29345110 1233814 811108910 4292659627
455.521647 29348111 1233814 810754733 4292656547
455.528464 29351112 1233814 810389068 4292653349
455.535474 29354195 1233814 810015114 4292650037
455.542247 29357174 1233814 809653053 4292646932
455.550061 29360591 1233814 809253076 4292642836
455.556841 29363602 1233814 808894611 4292639829
455.563626 29366583 1233814 808535530 4292636747
455.570399 29369557 1233814 808178828 4292633625
455.577544 29372694 1233814 807803956 4292630360
455.584312 29375643 1233814 807465169 4292626780
455.591070 29378646 1233814 807111649 4292623799
455.597842 29381632 1233814 806760258 4292620634
455.605541 29385022 1233814 806360830 4292617067
455.612369 29388030 1233814 806005663 4292613901
455.619144 29390998 1233814 805665241 4292610364
455.626044 29394048 1233814 805307883 4292607193
455.632867 29397040 1233814 804956543 4292604068
455.639639 29400005 1233814 804607875 4292600981
455.646675 29403088 1233814 804244205 4292597888
455.653439 29406053 1233814 803907430 4292594282
455.661314 29409515 1233814 803498778 4292590751
455.668084 29412496 1233814 803144574 4292587674
455.674865 29415468 1233814 802790655 4292584566
455.681638 29418429 1233814 802444149 4292580887
455.689564 29421941 1233814 802024337 4292577376
455.696348 29424917 1233814 801665417 4292574309
455.703115 29427888 1233814 801310052 4292571200
455.710627 29431178 1233814 800914589 4292567876
455.717397 29434141 1233814 800573327 4292564283
455.724175 29437143 1233814 800218153 4292561212
455.730963 29440123 1233814 799856212 4292558040
455.737750 29443106 1233814 799492458 4292554927
455.745482 29446499 1233814 799080977 4292551275
455.752247 29449465 1233814 798733023 4292547754
455.759085 29452487 1233814 798364043 4292544820
455.766085 29455570 1233814 797987042 4292541655
455.773113 29458659 1233814 797608736 4292538476
455.779884 29461638 1233814 797250301 4292535184
455.787266 29464869 1233814 796870992 4292531527
455.794078 29467883 1233814 796501836 4292528531
455.801060 29470945 1233814 796126548 4292525319
455.807835 29473926 1233814 795758601 4292522226
455.814617 29476898 1233814 795396127 4292518792
455.821383 29479873 1233814 795041220 4292515541
455.829066 29483267 1233814 794626979 4292512127
455.835835 29486244 1233814 794261670 4292509027
455.842653 29489232 1233814 793897025 4292505946
455.849425 29492186 1233814 793539694 4292502610
455.857513 29495747 1233814 793120024 4292498710
455.864278 29498735 1233814 792786287 4292495639
455.871070 29501726 1233814 792454098 4292492550
455.877848 29504706 1233814 792128391 4292489284
455.885057 29507860 1233814 791754931 4292485635
455.891831 29510855 1233814 791390190 4292482758
455.898630 29513854 1233814 791023935 4292479801
455.905500 29516858 1233814 790657123 4292476706
455.912939 29520118 1233814 790264536 4292473054
455.919745 29523123 1233814 789906995 4292469679
455.926528 29526118 1233814 789541525 4292466592
455.933630 29529232 1233814 789161130 4292463327
455.940920 29532444 1233814 788767489 4292459933
455.947711 29535409 1233814 788410595 4292456505
455.954485 29538392 1233814 788063374 4292453177
455.961260 29541389 1233814 787703920 4292450293
455.968969 29544765 1233814 787298160 4292446806
455.975751 29547743 1233814 786940709 4292443643
455.982541 29550713 1233814 786592829 4292440013
455.989302 29553673 1233814 786247483 4292436714
455.996187 29556717 1233814 785878502 4292433592
456.002961 29559706 1233814 785517222 4292430478
456.010060 29562835 1233814 785142460 4292426959
456.016845 29565805 1233814 784803348 4292423409
456.023622 29568811 1233814 784442493 4292420578
456.030430 29571803 1233814 784078767 4292417497
456.037224 29574792 1233814 783716506 4292414336
456.044202 29577865 1233814 783347541 4292411005
456.051037 29580853 1233814 782998649 4292407378
456.057815 29583851 1233814 782637074 4292404512
456.064589 29586820 1233814 782278751 4292401528
456.072576 29590337 1233814 781852731 4292397845
456.079360 29593300 1233814 781499926 4292394492
456.086173 29596300 1233814 781149443 4292391205
456.093060 29599324 1233814 780787746 4292388085
456.101208 29602910 1233814 780356574 4292384321
456.108027 29605916 1233814 779993915 4292381161
456.114818 29608874 1233814 779644661 4292377654
456.121591 29611864 1233814 779293421 4292374264
456.128359 29614854 1233814 778928514 4292371378
456.135168 29617857 1233814 778562797 4292368327
456.141994 29620846 1233814 778197317 4292365203
456.148835 29623829 1233814 777840854 4292361650
456.155665 29626830 1233814 777486639 4292358181
456.162438 29629832 1233814 777121336 4292355304
456.169202 29632801 1233814 776761754 4292352192
456.175993 29635773 1233814 776401878 4292349069
456.182917 29638793 1233814 776044652 4292345516
456.189701 29641771 1233814 775699269 4292342090
456.196474 29644777 1233814 775336589 4292339279
456.203709 29647971 1233814 774954632 4292336003
456.210491 29650961 1233814 774595492 4292332853
456.217267 29653916 1233814 774254137 4292329161
456.225111 29657384 1233814 773840580 4292325733
456.232465 29660632 1233814 773446486 4292322239
456.240659 29664237 1233814 773010084 4292318351
456.247438 29667202 1233814 772663767 4292314724
456.254223 29670200 1233814 772311904 4292311595
456.260992 29673197 1233814 771948688 4292308521
456.267792 29676186 1233814 771589374 4292305332
456.274562 29679174 1233814 771230526 4292302322
456.281338 29682135 1233814 770885097 4292298678
456.288118 29685123 1233814 770536193 4292295513
456.294902 29688115 1233814 770179089 4292292615
456.301719 29691119 1233814 769823006 4292289487
456.308500 29694095 1233814 769471082 4292286378
456.315332 29697085 1233814 769126639 4292282861
456.323101 29700520 1233814 768725880 4292279407
456.329889 29703494 1233814 768373920 4292276264
456.336671 29706486 1233814 768019982 4292273138
456.343443 29709456 1233814 767670732 4292269706
456.350220 29712424 1233814 767327011 4292266339
456.357033 29715424 1233814 766971938 4292263345
456.364133 29718537 1233814 766601059 4292260019
456.370906 29721504 1233814 766250305 4292256815
456.378852 29724984 1233814 765843214 4292252737
456.385635 29727960 1233814 765497964 4292249339
456.392407 29730956 1233814 765137620 4292246467
456.399569 29734111 1233814 764757909 4292243198
456.406342 29737101 1233814 764398682 4292239995
456.413120 29740136 1233814 764033224 4292237415
456.419894 29743111 1233814 763691468 4292234048
456.426701 29746112 1233814 763338695 4292230830
456.433493 29749105 1233814 762977909 4292227592
456.440262 29752092 1233814 762615894 4292224429
456.447069 29755073 1233814 762260249 4292221024
456.454674 29758437 1233814 761864056 4292217325
456.461531 29761475 1233814 761492974 4292214278
456.468306 29764460 1233814 761129368 4292211094
456.475107 29767464 1233814 760765127 4292207919
456.481896 29770826 1233814 760366547 4292204108
456.490254 29774139 1233814 759979587 4292200445
456.497076 29777151 1233814 759612624 4292197280
456.503980 29780200 1233814 759242817 4292194040
456.510757 29783189 1233814 758882170 4292190851
456.518554 29786589 1233814 758483475 4292186822
456.525339 29789600 1233814 758125577 4292183889
456.532129 29792592 1233814 757768252 4292180690
456.538917 29795596 1233814 757410338 4292177506
456.545707 29798585 1233814 757057347 4292174442
456.552476 29801534 1233814 756723472 4292170691
456.559531 29804662 1233814 756354576 4292167737
456.566312 29807635 1233814 756001795 4292164639
456.574153 29811079 1233814 755589106 4292161133
456.581093 29814123 1233814 755231482 4292157596
456.587874 29817117 1233814 754877151 4292154484
456.594662 29820100 1233814 754518695 4292151390
456.601872 29823253 1233814 754142161 4292148084
456.608644 29826225 1233814 753783737 4292145058
456.615423 29829199 1233814 753433877 4292141631
456.622200 29832191 1233814 753083343 4292138497
456.628971 29835159 1233814 752727925 4292135423
456.636610 29838511 1233814 752324387 4292132024
456.643401 29841484 1233814 751968125 4292128877
456.650190 29844447 1233814 751622905 4292125201
456.658042 29847938 1233814 751206482 4292121887
456.664807 29850901 1233814 750847534 4292118735
456.671580 29853872 1233814 750486839 4292115666
456.678997 29857154 1233814 750088562 4292112207
456.686051 29860229 1233814 749728979 4292108586
456.692842 29863243 1233814 749361005 4292105663
456.700455 29866579 1233814 748944358 4292102268
456.707255 29869576 1233814 748572512 4292099127
456.714536 29872756 1233814 748183650 4292095583
456.721434 29875779 1233814 747826007 4292092092
456.728208 29878773 1233814 747459247 4292089071
456.734997 29881766 1233814 747089803 4292085958
456.741969 29884817 1233814 746713214 4292082860
456.748733 29887766 1233814 746362630 4292079311
456.755485 29890752 1233814 746003654 4292076282
456.762233 29893722 1233814 745635489 4292073280
456.768990 29896691 1233814 745272010 4292070384
456.775738 29899655 1233814 744911845 4292067273
456.782487 29902605 1233814 744573394 4292063716
456.789247 29905590 1233814 744220901 4292060710
456.795996 29908550 1233814 743867279 4292057681
456.802758 29911513 1233814 743512930 4292054695
456.809505 29914475 1233814 743159516 4292051720
456.816252 29917427 1233814 742814440 4292048063
456.822999 29920423 1233814 742457628 4292045004
456.829761 29923385 1233814 742102094 4292041929
456.836508 29926335 1233814 741746676 4292038920
456.843259 29929299 1233814 741386505 4292035873
456.850023 29932255 1233814 741037252 4292032433
456.856773 29935236 1233814 740684329 4292029287
456.863523 29938182 1233814 740327580 4292026165
456.870276 29941149 1233814 739967370 4292023138
456.877121 29944154 1233814 739602277 4292020082
456.883873 29947116 1233814 739249934 4292016759
456.890622 29950083 1233814 738899136 4292013479
456.897370 29953040 1233814 738535835 4292010494
456.904118 29956005 1233814 738170752 4292007496
456.910868 29958971 1233814 737805237 4292004379
456.917728 29961963 1233814 737447100 4292000896
456.924474 29964949 1233814 737096764 4291997558
456.931221 29967918 1233814 736764604 4291994492
456.937970 29970895 1233814 736433133 4291991289
456.944717 29973848 1233814 736083293 4291987981
456.951471 29976805 1233814 735734057 4291984469
456.958220 29979787 1233814 735366873 4291981596
456.964972 29982767 1233814 734998138 4291978667
456.971722 29985721 1233814 734633122 4291975599
456.978470 29988676 1233814 734269921 4291972409
456.985219 29991629 1233814 733925579 4291968824
456.991969 29994615 1233814 733561235 4291965998
456.998720 29997580 1233814 733198615 4291962965
457.005468 30000544 1233814 732834387 4291959936
457.012288 30003525 1233814 732471157 4291956820
457.019026 30006463 1233814 732138057 4291953251
457.025776 30009444 1233814 731799027 4291950272
457.032526 30012413 1233814 731474955 4291947253
457.039274 30015376 1233814 731154243 4291944251
457.046032 30018339 1233814 730812369 4291941348
457.052780 30021296 1233814 730463883 4291937779
457.059531 30024280 1233814 730104834 4291934822
457.066278 30027238 1233814 729749735 4291931696
457.073028 30030190 1233814 729396511 4291928489
457.079780 30033150 1233814 729040645 4291925354
457.086526 30036099 1233814 728698223 4291921914
457.093272 30039072 1233814 728349683 4291918762
457.100032 30042030 1233814 727993121 4291915709
457.106780 30044982 1233814 727634615 4291912573
457.114025 30048134 1233814 727259247 4291908986
457.120772 30051129 1233814 726904695 4291905824
457.127521 30054093 1233814 726543911 4291902807
457.134268 30057059 1233814 726181987 4291899753
457.141035 30060034 1233814 725820016 4291896716
457.147868 30062999 1233814 725469669 4291893247
457.154616 30065979 1233814 725116804 4291890174
457.161363 30068942 1233814 724747595 4291887157
457.168109 30071913 1233814 724377948 4291884073
457.174856 30074874 1233814 724009113 4291880974
457.181603 30077804 1233814 723654655 4291877482
457.188355 30080777 1233814 723298608 4291874184
457.195103 30083770 1233814 722928890 4291871282
457.201852 30086738 1233814 722562926 4291868210
457.208602 30089705 1233814 722195169 4291865149
457.215349 30092639 1233814 721840801 4291861696
457.222097 30095606 1233814 721489252 4291858354
457.228850 30098595 1233814 721120526 4291855713
457.235597 30101565 1233814 720756395 4291852742
457.242344 30104526 1233814 720392832 4291849658
457.249091 30107472 1233814 720039199 4291846317
457.255839 30110437 1233814 719691259 4291842999
457.262587 30113421 1233814 719327586 4291840094
457.269334 30116369 1233814 718968147 4291837018
457.276086 30119330 1233814 718607595 4291833896
457.282901 30122315 1233814 718249038 4291830515
457.289649 30125296 1233814 717895992 4291827250
457.296398 30128258 1233814 717534060 4291824032
457.303146 30131206 1233814 717174534 4291821015
457.310294 30134332 1233814 716791371 4291817706
457.317031 30137276 1233814 716443878 4291814270
457.323782 30140251 1233814 716088277 4291811048
457.330530 30143199 1233814 715728813 4291807972
457.337280 30146165 1233814 715366829 4291804912
457.344036 30149131 1233814 715007736 4291801803
457.350784 30152082 1233814 714661411 4291798344
457.357535 30155079 1233814 714300510 4291795315
457.364282 30158045 1233814 713939925 4291792144
457.371034 30161003 1233814 713579609 4291789051
457.377781 30163978 1233814 713218049 4291785953
457.384534 30166914 1233814 712874684 4291782366
457.391280 30169900 1233814 712515680 4291779326
457.398030 30172878 1233814 712150287 4291776238
457.404777 30175835 1233814 711786952 4291773101
457.411536 30178813 1233814 711421348 4291769950
457.418352 30181794 1233814 711071274 4291766316
457.425101 30184783 1233814 710713862 4291763280
457.431851 30187750 1233814 710354756 4291760244
457.438599 30190713 1233814 709995661 4291757075
457.445347 30193680 1233814 709639919 4291753916
457.452096 30196626 1233814 709299377 4291750359
457.458846 30199604 1233814 708950378 4291747338
457.465597 30202569 1233814 708597782 4291744091
457.472349 30205538 1233814 708246171 4291740937
457.479099 30208497 1233814 707900153 4291737620
457.485849 30211469 1233814 707554407 4291734196
457.492598 30214454 1233814 707197487 4291731272
457.499345 30217407 1233814 706848039 4291728182
457.506292 30220456 1233814 706488582 4291725025
457.513028 30223404 1233814 706145417 4291721783
457.519776 30226383 1233814 705803980 4291718437
457.526523 30229364 1233814 705457696 4291715529
457.533275 30232316 1233814 705112025 4291712331
457.540027 30235269 1233814 704766374 4291709272
457.546786 30238215 1233814 704426986 4291705873
457.553608 30241232 1233814 704078296 4291702579
457.560354 30244205 1233814 703728916 4291699382
457.567101 30247176 1233814 703380485 4291696227
457.573848 30250144 1233814 703033015 4291693089
457.580607 30253110 1233814 702690373 4291689799
457.587356 30256065 1233814 702355562 4291686310
457.594104 30259056 1233814 702004767 4291683372
457.600852 30262017 1233814 701657968 4291680217
457.607603 30264975 1233814 701311303 4291676930
457.614352 30267948 1233814 700964304 4291673595
457.622060 30271350 1233814 700574991 4291669696
457.628832 30274344 1233814 700220729 4291666613
457.639081 30278856 1233814 699685481 4291661795
457.645871 30281825 1233814 699340573 4291658172
457.652649 30284804 1233814 699003106 4291654788
457.659434 30287814 1233814 698644580 4291651782
457.666218 30290792 1233814 698289901 4291648587
457.675966 30295066 1233814 697783346 4291643912
457.682755 30298019 1233814 697443520 4291640246
457.689546 30301018 1233814 697089333 4291637109
457.696433 30304043 1233814 696728380 4291633889
457.703217 30307030 1233814 696369750 4291630730
457.711941 30310860 1233814 695911791 4291626684
457.718716 30313814 1233814 695574931 4291623017
457.725498 30316800 1233814 695229417 4291620003
457.732883 30320044 1233814 694850854 4291616554
457.739658 30323018 1233814 694506577 4291613512
457.746459 30325985 1233814 694163493 4291610218
457.753245 30328948 1233814 693825716 4291606571
457.760035 30331956 1233814 693472256 4291603641
457.767747 30335329 1233814 693077285 4291600047
457.774532 30338298 1233814 692729358 4291596861
457.781310 30341259 1233814 692387464 4291593532
457.788336 30344345 1233814 692034525 4291590079
457.795128 30347341 1233814 691685534 4291586905
457.801895 30350305 1233814 691339021 4291583750
457.808666 30353284 1233814 690988979 4291580564
457.815446 30356228 1233814 690651461 4291577049
457.822615 30359410 1233814 690279046 4291573862
457.829396 30362399 1233814 689922576 4291570685
457.836298 30365442 1233814 689559006 4291567423
457.843169 30368464 1233814 689200524 4291564126
457.849941 30371428 1233814 688859513 4291560580
457.856718 30374423 1233814 688505232 4291557455
457.863494 30377407 1233814 688146832 4291554297
457.870988 30380695 1233814 687750964 4291550666
457.877815 30383698 1233814 687388670 4291547451
457.884597 30386677 1233814 687044150 4291543904
457.891486 30389723 1233814 686682704 4291540656
457.898259 30392703 1233814 686322742 4291537462
457.905051 30395690 1233814 685962112 4291534282
457.912112 30398793 1233814 685587894 4291531106
457.918892 30401774 1233814 685243489 4291527465
457.926321 30405048 1233814 684859759 4291524118
457.933326 30408110 1233814 684487407 4291520845
457.940109 30411082 1233814 684126642 4291517650
457.946884 30414065 1233814 683766373 4291514513
457.953946 30417153 1233814 683406395 4291510678
457.960719 30420230 1233814 683029226 4291508709
457.967613 30423257 1233814 682666669 4291505492
457.974481 30426268 1233814 682305505 4291502360
457.982095 30429598 1233814 681914274 4291498424
457.988873 30432601 1233814 681559668 4291495294
457.995658 30435586 1233814 681206264 4291492140
458.002432 30438554 1233814 680853769 4291489087
458.009769 30441764 1233814 680472255 4291485704
458.016544 30444733 1233814 680128043 4291482305
458.023317 30447731 1233814 679777254 4291479210
458.030075 30450685 1233814 679428115 4291476106
458.036852 30453647 1233814 679077037 4291473008
458.043626 30456622 1233814 678725660 4291469857
458.050415 30459582 1233814 678385947 4291466262
458.057196 30462594 1233814 678029423 4291463169
458.064106 30465628 1233814 677664250 4291460033
458.070885 30468609 1233814 677303994 4291456853
458.078508 30471958 1233814 676897182 4291453300
458.085282 30474919 1233814 676554721 4291449788
458.093836 30478679 1233814 676108293 4291445739
458.100615 30481668 1233814 675745921 4291442483
458.107422 30484663 1233814 675381088 4291439326
458.114285 30487668 1233814 675023273 4291435804
458.121056 30490639 1233814 674674269 4291432560
458.127831 30493636 1233814 674313391 4291429387
458.134616 30496614 1233814 673953301 4291426214
458.141403 30499588 1233814 673596079 4291423068
458.149056 30502947 1233814 673196931 4291419332
458.155833 30505929 1233814 672853443 4291415952
458.162620 30508925 1233814 672500269 4291412969
458.169430 30511911 1233814 672146495 4291409794
458.177066 30515265 1233814 671751521 4291406228
458.183843 30518236 1233814 671410697 4291402697
458.190627 30521227 1233814 671057349 4291399502
458.197439 30524206 1233814 670709089 4291396331
458.205170 30527599 1233814 670311074 4291392909
458.211962 30530572 1233814 669967801 4291389657
458.218736 30533537 1233814 669634084 4291386180
458.225509 30536544 1233814 669280733 4291383267
458.232276 30539513 1233814 668930927 4291380153
458.239077 30542504 1233814 668579438 4291376961
458.245874 30545481 1233814 668230701 4291373779
458.253684 30548908 1233814 667834138 4291369778
458.260445 30551890 1233814 667479994 4291366751
458.267210 30554862 1233814 667124038 4291363678
458.274081 30557888 1233814 666762282 4291360451
458.280881 30560855 1233814 666409866 4291357060
458.289477 30564641 1233814 665962335 4291352838
458.296244 30567620 1233814 665631694 4291349671
458.303041 30570613 1233814 665293849 4291346543
458.309823 30573581 1233814 664927643 4291343505
458.317556 30576956 1233814 664517112 4291339712
458.324335 30579959 1233814 664159036 4291336609
458.331115 30582945 1233814 663821178 4291333469
458.337896 30586280 1233814 663404305 4291329994
458.345510 30589269 1233814 663038342 4291326703
458.352280 30592244 1233814 662684040 4291323225
458.359064 30595243 1233814 662315536 4291320381
458.365845 30598232 1233814 661950647 4291317294
458.373486 30601593 1233814 661539744 4291313902
458.380263 30604551 1233814 661190421 4291310482
458.387146 30607569 1233814 660838891 4291307071
458.394076 30610625 1233814 660466806 4291304214
458.401438 30613855 1233814 660075295 4291300800
458.408206 30616831 1233814 659712208 4291297699
458.415533 30620040 1233814 659329702 4291294117
458.422307 30623031 1233814 658972678 4291291002
458.429615 30626232 1233814 658587024 4291287713
458.437056 30629492 1233814 658196678 4291284454
458.443843 30632463 1233814 657841376 4291281392
458.450607 30635417 1233814 657499919 4291277915
458.457394 30638415 1233814 657147269 4291274952
458.464170 30641371 1233814 656787344 4291271868
458.471046 30644381 1233814 656421638 4291268715
458.477831 30647358 1233814 656062416 4291265613
458.484864 30650432 1233814 655699921 4291261809
458.491659 30653447 1233814 655337870 4291258725
458.498429 30656421 1233814 654977711 4291255662
458.505247 30659411 1233814 654615773 4291252513
458.512036 30662378 1233814 654258892 4291249394
458.518820 30665344 1233814 653917955 4291245840
458.525635 30668349 1233814 653565307 4291242861
458.532533 30671376 1233814 653207081 4291239802
458.539301 30674355 1233814 652851502 4291236796
458.546081 30677325 1233814 652504214 4291233463
458.552864 30680306 1233814 652163944 4291230071
458.559861 30683407 1233814 651791176 4291227008
458.566659 30686398 1233814 651433199 4291223880
458.573570 30689437 1233814 651069964 4291220786
458.580333 30692395 1233814 650723578 4291217368
458.587952 30695743 1233814 650335228 4291213582
458.594733 30698757 1233814 649977294 4291210545
458.601514 30701741 1233814 649623931 4291207398
458.608290 30704724 1233814 649273646 4291204243
458.615754 30707986 1233814 648901335 4291200424
458.622532 30710994 1233814 648558012 4291197198
458.629311 30713974 1233814 648213731 4291194096
458.636062 30716940 1233814 647871330 4291191026
458.643604 30720247 1233814 647487064 4291187595
458.650381 30723212 1233814 647148828 4291184187
458.657169 30726226 1233814 646801881 4291180983
458.663960 30729202 1233814 646453750 4291177880
458.671762 30732634 1233814 646056314 4291174356
458.678530 30735599 1233814 645710854 4291171194
458.685320 30738566 1233814 645375472 4291167675
458.692750 30741861 1233814 644995822 4291164384
458.699611 30744869 1233814 644643076 4291161296
458.706382 30747837 1233814 644295212 4291158090
458.713158 30750800 1233814 643954359 4291154563
458.719929 30753772 1233814 643612365 4291151244
458.727778 30757240 1233814 643201580 4291147927
458.734555 30760215 1233814 642849876 4291144934
458.741337 30763184 1233814 642500543 4291141788
458.748109 30766139 1233814 642160655 4291138482
458.754881 30769144 1233814 641808916 4291135378
458.761817 30772187 1233814 641448864 4291132162
458.768591 30775180 1233814 641094507 4291129117
458.775399 30778173 1233814 640743320 4291125943
458.782184 30781140 1233814 640402568 4291122583
458.788959 30784132 1233814 640060129 4291119340
458.795735 30787098 1233814 639684489 4291116325
458.802493 30790067 1233814 639309160 4291113264
458.809409 30793104 1233814 638925990 4291110091
458.816505 30796204 1233814 638545546 4291106412
458.823283 30799199 1233814 638183877 4291103219
458.830084 30802190 1233814 637810144 4291100162
458.836889 30805176 1233814 637438329 4291097078
458.843661 30808147 1233814 637068667 4291094036
458.850839 30811295 1233814 636687529 4291090492
458.858268 30814564 1233814 636295497 4291086938
458.865093 30817566 1233814 635958780 4291083679
458.873427 30821219 1233814 635548190 4291079809
458.880190 30824160 1233814 635212702 4291076402
458.887040 30827197 1233814 634848495 4291073292
458.893810 30830174 1233814 634480829 4291070160
458.900589 30833145 1233814 634115411 4291067221
458.907658 30836258 1233814 633732179 4291063943
458.914789 30839377 1233814 633356484 4291060425
458.922132 30842606 1233814 632967932 4291057014
458.928955 30845597 1233814 632600556 4291053966
458.935757 30848593 1233814 632237131 4291050911
458.942549 30851564 1233814 631874044 4291047880
458.949415 30854562 1233814 631518046 4291044317
458.956792 30857824 1233814 631135852 4291040882
458.963718 30860858 1233814 630775269 4291037778
458.970790 30863962 1233814 630408878 4291034487
458.977612 30866949 1233814 630056413 4291031439
458.984457 30869925 1233814 629716510 4291027737
458.991460 30873030 1233814 629351564 4291024826
458.998226 30876010 1233814 628999787 4291021800
459.004996 30879013 1233814 628644011 4291018691
459.011815 30881973 1233814 628300524 4291015254
459.018593 30884961 1233814 627954034 4291011964
459.025351 30887960 1233814 627591576 4291008973
459.033150 30891389 1233814 627179524 4291005386
459.039962 30894393 1233814 626820546 4291002237
459.046742 30897376 1233814 626468436 4290998715
459.053513 30900358 1233814 626126630 4290995290
459.060285 30903358 1233814 625775574 4290992138
459.067703 30906628 1233814 625389146 4290988652
459.074477 30909607 1233814 625037956 4290985462
459.081827 30912834 1233814 624666959 4290981657
459.088704 30915876 1233814 624311312 4290978555
459.095470 30918847 1233814 623960355 4290975357
459.102612 30921994 1233814 623591268 4290972010
459.109381 30924968 1233814 623242816 4290968864
459.116157 30927934 1233814 622906647 4290965152
459.122940 30930938 1233814 622563328 4290962064
459.129710 30933916 1233814 622218636 4290958938
459.138515 30937775 1233814 621771276 4290954942
459.145296 30940746 1233814 621427343 4290951802
459.152084 30943717 1233814 621094933 4290948166
459.158889 30946721 1233814 620749668 4290945220
459.165836 30949776 1233814 620393953 4290942018
459.172619 30952744 1233814 620049168 4290938883
459.179406 30955714 1233814 619707642 4290935630
459.186210 30958708 1233814 619364295 4290932191
459.193830 30962072 1233814 618972652 4290928868
459.200598 30965040 1233814 618627253 4290925771
459.208125 30968350 1233814 618242760 4290922235
459.214900 30971312 1233814 617903698 4290918898
459.221857 30974370 1233814 617556730 4290915498
459.228749 30977419 1233814 617197627 4290912336
459.235539 30980421 1233814 616850410 4290909153
459.242303 30983404 1233814 616504426 4290905929
459.251256 30987322 1233814 616059695 4290901276
459.258045 30990338 1233814 615703032 4290898239
459.264819 30993329 1233814 615348387 4290895084
459.271586 30996309 1233814 614993205 4290891901
459.278343 30999329 1233814 614638015 4290888418
459.285741 31002522 1233814 614272802 4290884765
459.292489 31005504 1233814 613922218 4290881707
459.299237 31008472 1233814 613574786 4290878466
459.305985 31011433 1233814 613231378 4290875210
459.312743 31014403 1233814 612890930 4290871869
459.319495 31017355 1233814 612559544 4290868249
459.326243 31020344 1233814 612192210 4290865391
459.332995 31023305 1233814 611818381 4290862287
459.339760 31026277 1233814 611444336 4290859229
459.346509 31029228 1233814 611074729 4290856031
459.353258 31032172 1233814 610723911 4290852429
459.360023 31035165 1233814 610387954 4290849508
459.366863 31038171 1233814 610056321 4290846387
459.373615 31041132 1233814 609729757 4290843291
459.380365 31044087 1233814 609388384 4290840163
459.387113 31047035 1233814 609050019 4290836591
459.393862 31050030 1233814 608692858 4290833686
459.400612 31052991 1233814 608335114 4290830579
459.407361 31055958 1233814 607975674 4290827443
459.414109 31058919 1233814 607620880 4290824234
459.420859 31061893 1233814 607272023 4290820892
459.427608 31064873 1233814 606910232 4290817895
459.434357 31067837 1233814 606548104 4290814966
459.441106 31070803 1233814 606186083 4290811905
459.447856 31073746 1233814 605834299 4290808389
459.454605 31076729 1233814 605476975 4290805173
459.461353 31079707 1233814 605110272 4290802206
459.468101 31082671 1233814 604743756 4290799081
459.474849 31085639 1233814 604376798 4290796001
459.482025 31088779 1233814 603998162 4290792421
459.488773 31091766 1233814 603644358 4290789355
459.495522 31094728 1233814 603280812 4290786216
459.502340 31097730 1233814 602911039 4290783087
459.509090 31100698 1233814 602544455 4290779926
459.515840 31103644 1233814 602192459 4290776291
459.522591 31106638 1233814 601834507 4290773278
459.529342 31109613 1233814 601469910 4290770133
459.536090 31112574 1233814 601106963 4290766930
459.542841 31115542 1233814 600746196 4290763910
459.549590 31118484 1233814 600401262 4290760377
459.556340 31121459 1233814 600054420 4290757233
459.563088 31124438 1233814 599686946 4290754265
459.569838 31127405 1233814 599322951 4290751097
459.576585 31130374 1233814 598960360 4290748003
459.583336 31133309 1233814 598611529 4290744447
459.590085 31136280 1233814 598262427 4290741125
459.596838 31139268 1233814 597897505 4290738324
459.603586 31142229 1233814 597540058 4290735262
459.610332 31145190 1233814 597181726 4290732196
459.617078 31148155 1233814 596833147 4290728631
459.623825 31151139 1233814 596473827 4290725590
459.630573 31154108 1233814 596115439 4290722475
459.637387 31157089 1233814 595755941 4290719307
459.644135 31160048 1233814 595398654 4290716183
459.650883 31163006 1233814 595053292 4290712837
459.657653 31165987 1233814 594715447 4290709692
459.664400 31168956 1233814 594387172 4290706452
459.671146 31171924 1233814 594060162 4290703274
459.677894 31174885 1233814 593735467 4290700124
459.684639 31177835 1233814 593392229 4290696603
459.691387 31180823 1233814 593031378 4290693495
459.698135 31183803 1233814 592666597 4290690446
459.704882 31186766 1233814 592303030 4290687313
459.711628 31189728 1233814 591941676 4290684213
459.718376 31192666 1233814 591600055 4290680539
459.725129 31195666 1233814 591241858 4290677661
459.731877 31198636 1233814 590879774 4290674455
459.738626 31201601 1233814 590519007 4290671335
459.745375 31204583 1233814 590156530 4290668281
459.752127 31207526 1233814 589813733 4290664548
459.758873 31210501 1233814 589460895 4290661626
459.765619 31213470 1233814 589102201 4290658494
459.772436 31216466 1233814 588741367 4290655418
459.779188 31219419 1233814 588392685 4290651901
459.785936 31222391 1233814 588045935 4290648425
459.792690 31225372 1233814 587689528 4290645515
459.799436 31228334 1233814 587340343 4290642379
459.806188 31231303 1233814 586991762 4290639262
459.812935 31234255 1233814 586649751 4290636067
459.819682 31237225 1233814 586311386 4290632520
459.826435 31240199 1233814 585958085 4290629544
459.833183 31243168 1233814 585602410 4290626482
459.839936 31246133 1233814 585245319 4290623367
459.846683 31249080 1233814 584896570 4290620033
459.853436 31252060 1233814 584546503 4290616840
459.860185 31255034 1233814 584192184 4290613885
459.866934 31258006 1233814 583839084 4290610903
459.873684 31260972 1233814 583487301 4290607896
459.880392 31263909 1233814 583143850 4290604635
459.887145 31266871 1233814 582806977 4290601154
459.893893 31269849 1233814 582459432 4290598196
459.900647 31272815 1233814 582115683 4290595120
459.907460 31275806 1233814 581768748 4290592102
459.914209 31278755 1233814 581426837 4290588809
459.920959 31281713 1233814 581091063 4290585266
459.927708 31284711 1233814 580737703 4290582459
459.934455 31287684 1233814 580387852 4290579528
459.941204 31290645 1233814 580037841 4290576407
459.947955 31293602 1233814 579692657 4290573016
459.954703 31296563 1233814 579348342 4290569544
459.961456 31299542 1233814 578988136 4290566635
459.968209 31302514 1233814 578630018 4290563372
459.974960 31305485 1233814 578269402 4290560310
459.981708 31308427 1233814 577923070 4290556892
459.988458 31311398 1233814 577576016 4290553619
459.995208 31314365 1233814 577222206 4290550468
460.001962 31317323 1233814 576856250 4290547435
460.008709 31320296 1233814 576490213 4290544440
460.015458 31323253 1233814 576135828 4290541074
460.022210 31326235 1233814 575779990 4290537803
460.028958 31329205 1233814 575415107 4290534730
460.035708 31332167 1233814 575051971 4290531674
460.042523 31335162 1233814 574687699 4290528605
460.049468 31338198 1233814 574326935 4290525169
460.056215 31341180 1233814 573992182 4290521904
460.062963 31344133 1233814 573669044 4290518856
460.069711 31347104 1233814 573323982 4290515796
460.076459 31350061 1233814 572965258 4290512868
460.083205 31352999 1233814 572617743 4290509364
460.089952 31355972 1233814 572266302 4290506393
460.096706 31358939 1233814 571906961 4290503387
460.103455 31361896 1233814 571549246 4290500367
460.110203 31364860 1233814 571189872 4290497254
460.116952 31367798 1233814 570841310 4290493733
460.123705 31370767 1233814 570489971 4290490440
460.130459 31373748 1233814 570125988 4290487578
460.137208 31376696 1233814 569767190 4290484516
460.143959 31379661 1233814 569408544 4290481460
460.150708 31382605 1233814 569073271 4290477827
460.157457 31385587 1233814 568716314 4290474816
460.164206 31388552 1233814 568355237 4290471829
460.170956 31391516 1233814 567994536 4290468703
460.177787 31394509 1233814 567630569 4290465556
460.184535 31397465 1233814 567285120 4290461841
460.191284 31400461 1233814 566923204 4290458822
460.198026 31403429 1233814 566560109 4290455754
460.204777 31406405 1233814 566194653 4290452661
460.211527 31409379 1233814 565830561 4290449577
460.218276 31412349 1233814 565481659 4290446118
460.225034 31415340 1233814 565126039 4290443022
460.231783 31418303 1233814 564767003 4290439881
460.238533 31421271 1233814 564409498 4290436757
460.245738 31424435 1233814 564026461 4290433415
460.252488 31427394 1233814 563682783 4290430024
460.259238 31430368 1233814 563334030 4290426777
460.265987 31433329 1233814 562981056 4290423813
460.272740 31436297 1233814 562625006 4290420788
460.279495 31439254 1233814 562270098 4290417792
460.286243 31442212 1233814 561927328 4290414353
460.292996 31445199 1233814 561574568 4290411232
460.299761 31448159 1233814 561222565 4290408172
460.306510 31451122 1233814 560870200 4290405092
460.313327 31454089 1233814 560528009 4290401552
460.320040 31457046 1233814 560186472 4290398409
460.326790 31460032 1233814 559825953 4290395535
460.333540 31462978 1233814 559470150 4290392547
460.340290 31465929 1233814 559116327 4290389510
460.347027 31468857 1233814 558771920 4290385925
460.353777 31471824 1233814 558424049 4290382607
460.360529 31474787 1233814 558065958 4290379849
460.367275 31477739 1233814 557713152 4290376786
460.374029 31480707 1233814 557355232 4290373783
460.380776 31483661 1233814 557002363 4290370371
460.387524 31486629 1233814 556658090 4290366954
460.394272 31489601 1233814 556300033 4290364009
460.401030 31492570 1233814 555943250 4290360866
460.407778 31495531 1233814 555586581 4290357758
460.414525 31498484 1233814 555234153 4290354563
460.421272 31501441 1233814 554892529 4290351253
460.428026 31504424 1233814 554533874 4290348382
460.434775 31507387 1233814 554170065 4290345252
460.442032 31510565 1233814 553778816 4290341845
460.448844 31513548 1233814 553416356 4290338479
460.455591 31516513 1233814 553063220 4290334942
460.462338 31519499 1233814 552697014 4290332011
460.469085 31522449 1233814 552338265 4290328946
460.476468 31525703 1233814 551944553 4290325639
460.483241 31528665 1233814 551597722 4290322180
460.490042 31531675 1233814 551245446 4290319104
460.496822 31534655 1233814 550882063 4290315942
460.503621 31537634 1233814 550518541 4290312924
460.510383 31540606 1233814 550156626 4290309950
460.518084 31543973 1233814 549764158 4290305848
460.524855 31546977 1233814 549400303 4290303005
460.531617 31549945 1233814 549040552 4290299957
460.538379 31552914 1233814 548682454 4290296853
460.545770 31556145 1233814 548295365 4290293255
460.552558 31559106 1233814 547950678 4290289573
460.559338 31562105 1233814 547590275 4290286717
460.566245 31565137 1233814 547225421 4290283604
460.573137 31568163 1233814 546865527 4290280525
460.579916 31571126 1233814 546516123 4290277249
460.587183 31574304 1233814 546148319 4290273674
460.593959 31577293 1233814 545794725 4290270686
460.600734 31580271 1233814 545440862 4290267642
460.607509 31583234 1233814 545087507 4290264535
460.614299 31586199 1233814 544736600 4290261202
460.621445 31589348 1233814 544366317 4290257730
460.629052 31592704 1233814 543962471 4290254272
460.635831 31595684 1233814 543603762 4290251271
460.642825 31598755 1233814 543233553 4290248041
460.649602 31601719 1233814 542886040 4290244632
460.656370 31604708 1233814 542536500 4290241631
460.663140 31607694 1233814 542176065 4290238600
460.669915 31610674 1233814 541814885 4290235557
460.676689 31613651 1233814 541452183 4290232502
460.684943 31617257 1233814 541033022 4290228162
460.691729 31620262 1233814 540668883 4290225230
460.698525 31623243 1233814 540305553 4290221942
460.705316 31626235 1233814 539940805 4290218790
460.712843 31629530 1233814 539546050 4290215037
460.719613 31632517 1233814 539193483 4290211695
460.726487 31635551 1233814 538829079 4290208603
460.733264 31638524 1233814 538469876 4290205524
460.740943 31641906 1233814 538062532 4290201858
460.747721 31644860 1233814 537713517 4290198454
460.754492 31647839 1233814 537370558 4290194998
460.761265 31650839 1233814 537015974 4290192256
460.768125 31653836 1233814 536663826 4290189153
460.774929 31656830 1233814 536313222 4290186115
460.781717 31659804 1233814 535969727 4290182774
460.788514 31662793 1233814 535626428 4290179262
460.796854 31666467 1233814 535193096 4290175722
460.803631 31669435 1233814 534843880 4290172605
460.810422 31672413 1233814 534495291 4290169399
460.817774 31675634 1233814 534125222 4290165843
460.824768 31678732 1233814 533768700 4290162555
460.831545 31681698 1233814 533422823 4290159453
460.838885 31684914 1233814 533046585 4290156138
460.845654 31687884 1233814 532703048 4290152835
460.853226 31691210 1233814 532326437 4290148976
460.860035 31694230 1233814 531966387 4290146045
460.866915 31697252 1233814 531608888 4290142901
460.873699 31700231 1233814 531257106 4290139799
460.880705 31703296 1233814 530902242 4290136076
460.887480 31706277 1233814 530555614 4290132735
460.894425 31709357 1233814 530185686 4290129655
460.901196 31712336 1233814 529827033 4290126419
460.909051 31715781 1233814 529412171 4290122745
460.915843 31718771 1233814 529059196 4290119334
460.922631 31721767 1233814 528708424 4290116030
460.929424 31724759 1233814 528349066 4290112839
460.936582 31727901 1233814 527971942 4290109538
460.943366 31730883 1233814 527613214 4290106360
460.950138 31733864 1233814 527265031 4290103004
460.956912 31736850 1233814 526918458 4290099815
460.964524 31740195 1233814 526518272 4290096282
460.971297 31743168 1233814 526164518 4290093194
460.978055 31746135 1233814 525811189 4290090108
460.984837 31749096 1233814 525467636 4290086453
460.992768 31752591 1233814 525053796 4290082939
460.999548 31755571 1233814 524694613 4290079753
461.006419 31758590 1233814 524334076 4290076636
461.013768 31761792 1233814 523960918 4290072919
461.020609 31764820 1233814 523607793 4290069705
461.027385 31767786 1233814 523251192 4290066549
461.034241 31770791 1233814 522889511 4290063437
461.041034 31773777 1233814 522528265 4290060313
461.048686 31777130 1233814 522132627 4290056448
461.055453 31780124 1233814 521775228 4290053394
461.062252 31783112 1233814 521412755 4290050274
461.069049 31786094 1233814 521052782 4290047141
461.076539 31789378 1233814 520653621 4290043634
461.083313 31792335 1233814 520307647 4290040033
461.090209 31795380 1233814 519944309 4290037023
461.096988 31798354 1233814 519580873 4290033899
461.104314 31801566 1233814 519186837 4290030596
461.111070 31804543 1233814 518822363 4290027435
461.117842 31807492 1233814 518475448 4290023778
461.124867 31810606 1233814 518102072 4290020828
461.132114 31813800 1233814 517712779 4290017503
461.138903 31816796 1233814 517344142 4290014392
461.146124 31819960 1233814 516954884 4290011030
461.152906 31822926 1233814 516605348 4290007466
461.159675 31825921 1233814 516243204 4290004420
461.166447 31828913 1233814 515875713 4290001168
461.173263 31831909 1233814 515511210 4289997878
461.180632 31835138 1233814 515125699 4289994164
461.187402 31838102 1233814 514784738 4289990647
461.194180 31841095 1233814 514431084 4289987629
461.201060 31844131 1233814 514072854 4289984407
461.207832 31847100 1233814 513721311 4289981215
461.214604 31850070 1233814 513378803 4289977792
461.221373 31853054 1233814 513036739 4289974613
461.228148 31856040 1233814 512684336 4289971424
461.234922 31859021 1233814 512331907 4289968383
461.241757 31862021 1233814 511979232 4289965286
461.248799 31865107 1233814 511623367 4289961795
461.255577 31868097 1233814 511275734 4289958624
461.263142 31871409 1233814 510888104 4289955251
461.269926 31874375 1233814 510539217 4289952191
461.276702 31877344 1233814 510192224 4289949094
461.283595 31880354 1233814 509851346 4289945596
461.291061 31883644 1233814 509470397 4289942220
461.297838 31886623 1233814 509116912 4289939182
461.304676 31889628 1233814 508758723 4289936256
461.311453 31892669 1233814 508394196 4289933766
461.318518 31895744 1233814 508041962 4289929996
461.325288 31898741 1233814 507688737 4289927021
461.332076 31901730 1233814 507332794 4289923932
461.338856 31904728 1233814 506976224 4289920858
461.346701 31908160 1233814 506573567 4289917107
461.353481 31911146 1233814 506229520 4289913497
461.360281 31914143 1233814 505876102 4289910500
461.367103 31917146 1233814 505521416 4289907280
461.373872 31920120 1233814 505167843 4289904093
461.380652 31923085 1233814 504824028 4289900756
461.387428 31926086 1233814 504477446 4289897600
461.394349 31929137 1233814 504114425 4289894360
461.402134 31932573 1233814 503704539 4289890835
461.408922 31935566 1233814 503348541 4289887575
461.415710 31938542 1233814 503004980 4289883902
461.422586 31941591 1233814 502647784 4289880734
461.430292 31944986 1233814 502249034 4289877093
461.437100 31947977 1233814 501896297 4289873925
461.443891 31950962 1233814 501545614 4289870744
461.450661 31953915 1233814 501212001 4289867153
461.457990 31957161 1233814 500836840 4289863986
461.464816 31960158 1233814 500490749 4289860846
461.471585 31963121 1233814 500146034 4289857713
461.478926 31966348 1233814 499772109 4289854358
461.486389 31969611 1233814 499401759 4289850279
461.493164 31972605 1233814 499051304 4289847312
461.499940 31975568 1233814 498707387 4289844174
461.506725 31978554 1233814 498360155 4289841207
461.514949 31982142 1233814 497950228 4289837222
461.521724 31985139 1233814 497609422 4289833957
461.528523 31988138 1233814 497261170 4289830902
461.535312 31991118 1233814 496915615 4289827902
461.542958 31994469 1233814 496524381 4289824520
461.549734 31997440 1233814 496189110 4289820896
461.556524 32000428 1233814 495845491 4289817777
461.563396 32003439 1233814 495493927 4289814573
461.570214 32006426 1233814 495144791 4289811578
461.576986 32009406 1233814 494796231 4289808401
461.583763 32012377 1233814 494455991 4289804856
461.590530 32015369 1233814 494105314 4289801749
461.598084 32018691 1233814 493713328 4289798318
461.604846 32021653 1233814 493359902 4289795325
461.611613 32024622 1233814 493006105 4289792179
461.618378 32027585 1233814 492672039 4289788627
461.626064 32030981 1233814 492270263 4289785159
461.632849 32033954 1233814 491910399 4289782055
461.639637 32036942 1233814 491551178 4289778954
461.646425 32039905 1233814 491207758 4289775337
461.654083 32043290 1233814 490806447 4289771777
461.660904 32046288 1233814 490445313 4289768652
461.667719 32049283 1233814 490084882 4289765508
461.674528 32052271 1233814 489726476 4289762283
461.681303 32055240 1233814 489375548 4289758995
461.688083 32058227 1233814 489023932 4289755692
461.694880 32061225 1233814 488660657 4289752714
461.702348 32064494 1233814 488264057 4289749425
461.709115 32067458 1233814 487902495 4289746382
461.715881 32070424 1233814 487550363 4289743088
461.722666 32073422 1233814 487200585 4289739716
461.729449 32076402 1233814 486846900 4289736718
461.736245 32079388 1233814 486491705 4289733685
461.743580 32082617 1233814 486107032 4289730497
461.750357 32085595 1233814 485760994 4289726919
461.757124 32088582 1233814 485402561 4289723942
461.763906 32091558 1233814 485045996 4289720883
461.772148 32095168 1233814 484612344 4289717119
461.778934 32098137 1233814 484257699 4289713750
461.786144 32101299 1233814 483890141 4289710266
461.792919 32104299 1233814 483538192 4289707239
461.799691 32107271 1233814 483188789 4289704166
461.806473 32110234 1233814 482839179 4289701133
461.813379 32113259 1233814 482483541 4289697784
461.820266 32116296 1233814 482131931 4289694585
461.827075 32119305 1233814 481774667 4289691537
461.833856 32122291 1233814 481415681 4289688428
461.840751 32125332 1233814 481048472 4289685248
461.847525 32128313 1233814 480693187 4289681843
461.854465 32131378 1233814 480332302 4289678530
461.861244 32134379 1233814 479968824 4289675455
461.869191 32137865 1233814 479544914 4289671845
461.875973 32140842 1233814 479180617 4289668780
461.882747 32143810 1233814 478837209 4289665172
461.889522 32146801 1233814 478481045 4289662147
461.897722 32150406 1233814 478043980 4289658314
461.904500 32153399 1233814 477681465 4289655169
461.911386 32156415 1233814 477319605 4289651791
461.918153 32159384 1233814 476972362 4289648503
461.924921 32162375 1233814 476612300 4289645525
461.931703 32165359 1233814 476252278 4289642484
461.938493 32168349 1233814 475892546 4289639493
461.945277 32171323 1233814 475539500 4289636213
461.953126 32174777 1233814 475137902 4289632312
461.959893 32177773 1233814 474787225 4289629352
461.966689 32180762 1233814 474438346 4289626217
461.973746 32183848 1233814 474076491 4289622986
461.980606 32186852 1233814 473728760 4289619717
461.987384 32189836 1233814 473391105 4289616233
461.994186 32192829 1233814 473041887 4289613237
462.000958 32195803 1233814 472696674 4289610206
462.007742 32198775 1233814 472351472 4289607232
462.014516 32201740 1233814 472010940 4289603996
462.021301 32204730 1233814 471668128 4289600505
462.028060 32207718 1233814 471320652 4289597552
462.034827 32210680 1233814 470976727 4289594451
462.042098 32213874 1233814 470603736 4289591189
462.049343 32217033 1233814 470242075 4289587466
462.056494 32220173 1233814 469888216 4289583884
462.065211 32224028 1233814 469434803 4289580157
462.071987 32227019 1233814 469084323 4289577055
462.078806 32230012 1233814 468738292 4289573590
462.085569 32232990 1233814 468396378 4289570291
462.092344 32235987 1233814 468037619 4289567241
462.099106 32238960 1233814 467685357 4289564061
462.105861 32241926 1233814 467333865 4289560871
462.112612 32244891 1233814 466987122 4289557551
462.119451 32247901 1233814 466646220 4289554101
462.126200 32250886 1233814 466296287 4289551102
462.132952 32253861 1233814 465948345 4289548004
462.139703 32256821 1233814 465601237 4289544929
462.146454 32259779 1233814 465260401 4289541559
462.153203 32262751 1233814 464919512 4289538276
462.159957 32265740 1233814 464570716 4289535195
462.166705 32268708 1233814 464221000 4289532149
462.173451 32271674 1233814 463870778 4289529025
462.180198 32274617 1233814 463533986 4289525414
462.186953 32277599 1233814 463186791 4289522385
462.193702 32280577 1233814 462829810 4289519389
462.200449 32283539 1233814 462477121 4289516338
462.207197 32286507 1233814 462123351 4289513267
462.213945 32289453 1233814 461774737 4289510063
462.221255 32292652 1233814 461402143 4289506457
462.228019 32295637 1233814 461044628 4289503476
462.234767 32298589 1233814 460689666 4289500411
462.241514 32301546 1233814 460331612 4289497355
462.248260 32304495 1233814 459979137 4289493983
462.255099 32307491 1233814 459629813 4289490442
462.261847 32310484 1233814 459270600 4289487578
462.268600 32313436 1233814 458915535 4289484567
462.275347 32316390 1233814 458562040 4289481540
462.282094 32319334 1233814 458223616 4289477897
462.288854 32322329 1233814 457874480 4289474874
462.295602 32325286 1233814 457520488 4289471786
462.302350 32328245 1233814 457164325 4289468747
462.309097 32331209 1233814 456807435 4289465681
462.315845 32334162 1233814 456462437 4289462162
462.322591 32337146 1233814 456108426 4289459173
462.329338 32340123 1233814 455748694 4289455941
462.336084 32343090 1233814 455390044 4289452776
462.342831 32346058 1233814 455030719 4289449628
462.349581 32349020 1233814 454682954 4289446127
462.356328 32352001 1233814 454334800 4289442949
462.363030 32354953 1233814 453976733 4289439901
462.369803 32357923 1233814 453616569 4289436797
462.376550 32360882 1233814 453257539 4289433747
462.383298 32363840 1233814 452908293 4289430311
462.390105 32366851 1233814 452553391 4289427077
462.396852 32369813 1233814 452196445 4289424021
462.403599 32372786 1233814 451836860 4289420904
462.410346 32375743 1233814 451480904 4289417794
462.417497 32378862 1233814 451114284 4289414290
462.424246 32381841 1233814 450762821 4289411168
462.430997 32384809 1233814 450407774 4289408148
462.437761 32387778 1233814 450055996 4289405045
462.444511 32390725 1233814 449710535 4289401847
462.451261 32393682 1233814 449372303 4289398382
462.458018 32396681 1233814 449016870 4289395548
462.464769 32399646 1233814 448666832 4289392575
462.471517 32402608 1233814 448316164 4289389509
462.478266 32405564 1233814 447968018 4289386325
462.485021 32408522 1233814 447628229 4289382731
462.491773 32411524 1233814 447271105 4289379897
462.498520 32414496 1233814 446918740 4289376802
462.505267 32417461 1233814 446566309 4289373655
462.512028 32420428 1233814 446214620 4289370401
462.518775 32423374 1233814 445878730 4289366777
462.525586 32426374 1233814 445524049 4289363864
462.532339 32429350 1233814 445167735 4289360735
462.539087 32432320 1233814 444809859 4289357584
462.545837 32435287 1233814 444450429 4289354534
462.552584 32438243 1233814 444106492 4289350886
462.559334 32441228 1233814 443746328 4289347878
462.566085 32444186 1233814 443383252 4289344649
462.572833 32447158 1233814 443020359 4289341545
462.579581 32450122 1233814 442658227 4289338370
462.586327 32453086 1233814 442311458 4289334930
462.593029 32456037 1233814 441963561 4289331796
462.599776 32459011 1233814 441607714 4289328627
462.606524 32461986 1233814 441252105 4289325481
462.613441 32465017 1233814 440893814 4289322097
462.620189 32467980 1233814 440550887 4289318924
462.626936 32470970 1233814 440195861 4289315974
462.633684 32473932 1233814 439843128 4289312824
462.640436 32476896 1233814 439490900 4289309605
462.647182 32479846 1233814 439150526 4289306009
462.653939 32482827 1233814 438805418 4289302782
462.660773 32485851 1233814 438444863 4289299850
462.667521 32488816 1233814 438095516 4289296715
462.674269 32491775 1233814 437748634 4289293659
462.681022 32494722 1233814 437413143 4289290054
462.687790 32497689 1233814 437078911 4289286481
462.694538 32500662 1233814 436733393 4289283554
462.701285 32503614 1233814 436394283 4289280465
462.708040 32506581 1233814 436051901 4289277315
462.714786 32509533 1233814 435718445 4289273881
462.721533 32512519 1233814 435378037 4289270451
462.728279 32515502 1233814 435029596 4289267493
462.735031 32518471 1233814 434683717 4289264363
462.741778 32521430 1233814 434338656 4289261166
462.748525 32524380 1233814 433998081 4289257769
462.755272 32527343 1233814 433661281 4289254329
462.762032 32530322 1233814 433310605 4289251324
462.768781 32533289 1233814 432960665 4289248105
462.775531 32536265 1233814 432609027 4289245008
462.782281 32539208 1233814 432267101 4289241638
462.789031 32542192 1233814 431924442 4289238325
462.795848 32545214 1233814 431566943 4289235198
462.802595 32548187 1233814 431210654 4289231958
462.809342 32551159 1233814 430855610 4289228647
462.816089 32554107 1233814 430519891 4289225044
462.822838 32557114 1233814 430165512 4289222191
462.829585 32560095 1233814 429811349 4289219009
462.836332 32563054 1233814 429463039 4289215862
462.843079 32566024 1233814 429115970 4289212760
462.849829 32568969 1233814 428785111 4289209131
462.856583 32571947 1233814 428425315 4289206258
462.863331 32574906 1233814 428051618 4289203207
462.870079 32577870 1233814 427679279 4289200203
462.876826 32580839 1233814 427306784 4289197149
462.883575 32583782 1233814 426947291 4289193599
462.890322 32586776 1233814 426577810 4289190589
462.897039 32589721 1233814 426210861 4289187530
462.903791 32592682 1233814 425842935 4289184427
462.910539 32595637 1233814 425476141 4289181342
462.917286 32598593 1233814 425121234 4289177871
462.924035 32601570 1233814 424769795 4289174703
462.930860 32604546 1233814 424407843 4289171505
462.937613 32607502 1233814 424046268 4289168417
462.944362 32610452 1233814 423685914 4289165284
462.951110 32613410 1233814 423334903 4289161899
462.957859 32616395 1233814 422980206 4289158788
462.964608 32619352 1233814 422621218 4289155645
462.971357 32622323 1233814 422259345 4289152615
462.978105 32625277 1233814 421904290 4289149266
462.984917 32628269 1233814 421549414 4289145978
462.991665 32631240 1233814 421185814 4289142969
462.998414 32634208 1233814 420818211 4289139831
463.005162 32637166 1233814 420452499 4289136699
463.011911 32640121 1233814 420089229 4289133429
463.018662 32643067 1233814 419739144 4289129915
463.025410 32646060 1233814 419369952 4289127071
463.032162 32649025 1233814 419001775 4289124039
463.038908 32651988 1233814 418633717 4289120898
463.045656 32654947 1233814 418269050 4289117717
463.052403 32657898 1233814 417920998 4289114121
463.059151 32660888 1233814 417557104 4289111136
463.065968 32663887 1233814 417192341 4289108012
463.072716 32666853 1233814 416830526 4289104873
463.079469 32669822 1233814 416471353 4289101693
463.086216 32672773 1233814 416133469 4289098087
463.092964 32675753 1233814 415778424 4289095201
463.099714 32678720 1233814 415418046 4289092042
463.106470 32681687 1233814 415058860 4289088978
463.113218 32684645 1233814 414701609 4289085955
463.119968 32687604 1233814 414355641 4289082385
463.126718 32690581 1233814 413998996 4289079335
463.133466 32693532 1233814 413642666 4289076259
463.140214 32696496 1233814 413286522 4289073316
463.146967 32699446 1233814 412937682 4289070039
463.153713 32702427 1233814 412593652 4289066759
463.160460 32705411 1233814 412236686 4289063774
463.167207 32708370 1233814 411884417 4289060799
463.173955 32711336 1233814 411531410 4289057703
463.181244 32714530 1233814 411157500 4289054126
463.187992 32717514 1233814 410808802 4289050959
463.194742 32720485 1233814 410454148 4289047955
463.201562 32723479 1233814 410095924 4289044760
463.208322 32726458 1233814 409738707 4289041763
463.215038 32729391 1233814 409397234 4289038219
463.221787 32732387 1233814 409046262 4289035167
463.228541 32735365 1233814 408691808 4289032112
463.235288 32738327 1233814 408341005 4289029121
463.242036 32741299 1233814 407989839 4289026090
463.248783 32744237 1233814 407650859 4289022576
463.255536 32747214 1233814 407307113 4289019432
463.262285 32750197 1233814 406944546 4289016525
463.269036 32753166 1233814 406582569 4289013516
463.275783 32756147 1233814 406219802 4289010409
463.282529 32759109 1233814 405867022 4289006891
463.289277 32762075 1233814 405517584 4289003554
463.296045 32765077 1233814 405152225 4289000793
463.302794 32768047 1233814 404792308 4288997769
463.309567 32771032 1233814 404429784 4288994698
463.316336 32773996 1233814 404076856 4288991253
463.323458 32777122 1233814 403715695 4288987555
463.330644 32780294 1233814 403329171 4288984566
463.338077 32783561 1233814 402933142 4288981204
463.344863 32786532 1233814 402574615 4288977890
463.351631 32789498 1233814 402225535 4288974563
463.359916 32793167 1233814 401781660 4288971031
463.366683 32796145 1233814 401424208 4288968102
463.373467 32799129 1233814 401064576 4288965080
463.380248 32802102 1233814 400713159 4288961772
463.388320 32805662 1233814 400299714 4288958038
463.396699 32809347 1233814 399856983 4288954221
463.403473 32812331 1233814 399498644 4288951228
463.410254 32815305 1233814 399143316 4288948023
463.417111 32818310 1233814 398792559 4288944428
463.425068 32821830 1233814 398373446 4288940922
463.431852 32824819 1233814 398013472 4288937917
463.438633 32827809 1233814 397652290 4288934860
463.445967 32831032 1233814 397263307 4288931687
463.452749 32833997 1233814 396922441 4288928207
463.459530 32836982 1233814 396566785 4288925139
463.466301 32839967 1233814 396204271 4288922059
463.473059 32842938 1233814 395840256 4288919000
463.479952 32845964 1233814 395467857 4288915788
463.486730 32848932 1233814 395118883 4288912270
463.493518 32851941 1233814 394756279 4288909143
463.500291 32854925 1233814 394389039 4288906081
463.508127 32858369 1233814 393967339 4288902521
463.514903 32861343 1233814 393615234 4288899040
463.521688 32864336 1233814 393262910 4288895997
463.528453 32867321 1233814 392906304 4288892927
463.536141 32870725 1233814 392500376 4288889495
463.542927 32873719 1233814 392145079 4288886408
463.549797 32876714 1233814 391804543 4288882579
463.556872 32879856 1233814 391435670 4288879455
463.564074 32883026 1233814 391061450 4288876313
463.570857 32886010 1233814 390707806 4288873251
463.578241 32889263 1233814 390326533 4288869954
463.585052 32892246 1233814 389986741 4288866408
463.591976 32895308 1233814 389629671 4288863315
463.598773 32898307 1233814 389275560 4288860224
463.605548 32901290 1233814 388922307 4288857223
463.612342 32904270 1233814 388568136 4288854147
463.619916 32907572 1233814 388188168 4288850064
463.626684 32910559 1233814 387830334 4288847191
463.633622 32913612 1233814 387465184 4288844111
463.640400 32916591 1233814 387108521 4288840932
463.648283 32920034 1233814 386701097 4288837215
463.655086 32923032 1233814 386349043 4288833878
463.661866 32926032 1233814 385993364 4288830926
463.668665 32929011 1233814 385638775 4288827972
463.676120 32932286 1233814 385248216 4288824546
463.682891 32935258 1233814 384903766 4288821138
463.689663 32938245 1233814 384548777 4288818212
463.696440 0 0 0 0
463.703221 0 0 0 0
463.710762 0 0 0 0
463.717536 0 0 0 0
463.724311 0 0 0 0
463.731201 0 0 0 0
463.737966 0 0 0 0
463.744737 0 0 0 0
463.751519 0 0 0 0
463.758389 0 0 0 0
463.765321 0 0 0 0
463.772061 0 0 0 0
463.778832 0 0 0 0
463.785605 0 0 0 0
463.792385 0 0 0 0
463.800052 4381 149 4294441846 4294967027
463.806835 10895 365 4293649136 4294966570
463.813608 17395 549 4292864958 4294966118
463.820371 23889 617 4292124360 4294966018
463.827139 30385 681 4291343009 4294965760
463.833908 36882 741 4290559183 4294965392
463.840712 43415 787 4289772641 4294965027
463.847483 49915 828 4288992043 4294964695
463.854250 56412 836 4288235939 4294964653
463.861159 63044 857 4287436398 4294964477
463.867920 69535 872 4286641780 4294964192
463.874689 76033 883 4285844428 4294963881
463.881458 82531 892 4285076432 4294963730
463.888226 89028 899 4284317930 4294963650
